WS_Nm2,TW,mode,converged,iterations,feasible,rejectionReason,score,score_constraintRobustness,score_aeroPerformance,score_realAircraftFit,score_configurationQuality,score_sizePenalty,insideConstraintDesignArea,TWconstraintRequired,TWconstraintTakeoff,TWconstraintCruise,TWconstraintOEI,WSconstraintLandingLimit_Nm2,WSconstraintLandingWeightLimit_Nm2,S_m2,b_m,rootChord_m,tipChord_m,MAC_m,yMAC_m,LEMAC_m,wingAC_m,spanFuselageRatio,CD0,K,CLcruise,CDcruise,LDcruise,Mff,MTOW_kg,OEW_kg,fuel_kg,payload_kg,crew_kg,wingMass_kg,tailMass_kg,gearMass_kg,propulsionMass_kg,SH_m2,SV_m2,tailArea_m2,tailToWingArea,lH_m,lV_m,xCG_m,hCG,staticMargin,xNP_m,xNG_m,xMG_m,CGtoMGarm_m,noseToCGarm_m,noseReaction_kN,mainReaction_kN,noseWheelLoad_kN,mainWheelLoad_kN,totalThrust_kN,perEngineThrust_kN,WSlandingLimit_Nm2,WSlandingLimitLandingWeight_Nm2,betaLanding,TWtakeoffReq,TWcruiseReq,TWOEIReq,TWactiveReq,landingMargin,takeoffMargin,thrustMargin,cruiseMargin
5050,0.335,balanced,1,6,1,OK,0.0405616741692554,0,0.125956705632476,0.00354460271186085,0.0667112575581428,0,1,0.295821078431373,0.295821078431373,0.198670338117727,0.285,5580.17471537658,4743.14850807009,176.008068848484,38.6790458156883,6.86864298613777,2.23230897049477,4.94412697964445,8.02772649004852,20.9595668771408,22.1955986220519,0.812584996127906,0.0171761909808587,0.0440567316517357,0.407377397366269,0.0245876850892996,16.5683510215265,0.773098996051148,90605.5808037558,45739.1586936278,21586.422110128,22320,960,10977.3412676132,2786.84787655029,3776.16276453798,9491.43174659122,38.1595739965531,24.4178681814867,62.5774421780398,0.355537348869553,22.8044013779481,22.3044013779481,21.9437610036401,0.199063278623569,0.130936721376431,22.5911287804235,4.76,23.8530677818223,1.90930677818223,17.1837610036401,88.8840747684845,799.95667291636,44.4420373842422,199.98916822909,297.761650474423,148.880825237211,5580.17471537658,4743.14850807009,0.85,0.295821078431373,0.196321259919973,0.285,0.295821078431373,0.0950104149813889,0.132441277600563,0.132441277600563,0.70638676695818
5075,0.3375,balanced,1,6,1,OK,0.0406556608995363,0,0.118930558118163,0.00830246320744869,0.0694768078777906,0.000608841502008427,1,0.297285539215686,0.297285539215686,0.198400102398024,0.285,5580.17471537658,4743.14850807009,175.14103402657,38.5836596142181,6.85170426001654,2.22680388450538,4.93193429282323,8.00792935389433,20.952696515988,22.1856800891938,0.810581084332314,0.017221651737508,0.0440567316517357,0.409394117155211,0.0247057160624452,16.5708258008164,0.773098996051148,90605.5808037558,45739.1586936278,21586.422110128,22320,960,10932.217038786,2768.88263637868,3776.92507608377,9549.9823592096,37.8614867843168,24.2268895252,62.0883763095167,0.354505023078129,22.8143199108062,22.3143199108062,21.9336742520088,0.198903245213199,0.131096754786801,22.5802348326197,4.76,23.8418602800098,1.90818602800098,17.1736742520088,88.8840747684845,799.95667291636,44.4420373842422,199.98916822909,299.983752343635,149.991876171818,5580.17471537658,4743.14850807009,0.85,0.297285539215686,0.196390644636325,0.285,0.297285539215686,0.0905302685209007,0.135272172640518,0.135272172640518,0.718513631975597
5050,0.3375,balanced,1,6,1,OK,0.040711345213134,0,0.125268748404249,0.00428029771374658,0.0670534149004596,0.000608841502008427,1,0.295821078431373,0.295821078431373,0.198670338117727,0.285,5580.17471537658,4743.14850807009,176.008068848484,38.6790458156883,6.86864298613777,2.23230897049477,4.94412697964445,8.02772649004852,20.9561463040087,22.1921780489198,0.812584996127906,0.0171797768827444,0.0440567316517357,0.407377397366269,0.0245912709911853,16.5659350227279,0.773098996051148,90605.5808037558,45739.1586936278,21586.422110128,22320,960,10963.8543926933,2783.06599484887,3771.52333194306,9536.32401009928,38.1538510645771,24.4141240641081,62.5679751286852,0.355483561282333,22.8078219510802,22.3078219510802,21.9399516605594,0.198984645944805,0.131015354055195,22.5877082072913,4.76,23.8488351783993,1.90888351783993,17.1799516605594,88.8840747684845,799.95667291636,44.4420373842422,199.98916822909,299.983752343635,149.991876171818,5580.17471537658,4743.14850807009,0.85,0.295821078431373,0.196347273907976,0.285,0.295821078431373,0.0950104149813889,0.140892331911015,0.140892331911015,0.718893230767135
5075,0.335,balanced,1,6,1,OK,0.0407889585015863,0.0011810811554225,0.119618651877838,0.00756676820556296,0.0691309105431871,0,1,0.297285539215686,0.297285539215686,0.198400102398024,0.285,5580.17471537658,4743.14850807009,175.14103402657,38.5836596142181,6.85170426001654,2.22680388450538,4.93193429282323,8.00792935389433,20.9561119214883,22.1890954946941,0.810581084332314,0.0172180454786647,0.0440567316517357,0.409394117155211,0.024702109803602,16.5732449742214,0.773098996051148,90605.5808037558,45739.1586936278,21586.422110128,22320,960,10945.6849937052,2772.64966903913,3781.57806243387,9505.04316473479,37.8671556665035,24.2305982341732,62.0977539006767,0.35455856616249,22.8109045053059,22.3109045053059,21.9374771818632,0.198981819730015,0.131018180269985,22.58365023812,4.76,23.8460857576257,1.90860857576257,17.1774771818632,88.8840747684845,799.95667291636,44.4420373842422,199.98916822909,297.761650474423,148.880825237211,5580.17471537658,4743.14850807009,0.85,0.297285539215686,0.196364611843629,0.285,0.297285539215686,0.0905302685209007,0.126862749139477,0.126862749139477,0.706010043534576
5100,0.3375,balanced,1,7,1,OK,0.0409457760001545,1.02939374310654e-05,0.113042363792728,0.0137795736159511,0.0706712384446373,0.000608841502008427,1,0.29875,0.29875,0.198135752702295,0.285,5580.17471537658,4743.14850807009,174.282499546048,38.4889756442206,6.83489023648757,2.22133932685846,4.91983136833964,7.98827796389484,20.9466768767249,22.1766347188098,0.808591925298752,0.0172633593538186,0.0440567316517357,0.411410836944153,0.0248203522666918,16.5755438328833,0.773098996051148,90605.5808037558,45739.1586936278,21586.422110128,22320,960,10900.8351251161,2754.57633330876,3782.31120048621,9563.60121369882,37.5685398562123,24.0392245371495,61.6077643933618,0.353493693020418,22.8233652811902,22.3233652811902,21.9263500617993,0.199127391109134,0.130872608890866,22.570221228277,4.76,23.8337222908881,1.90737222908881,17.1663500617993,88.8840747684845,799.95667291636,44.4420373842422,199.98916822909,299.983752343635,149.991876171818,5580.17471537658,4743.14850807009,0.85,0.29875,0.196435869518663,0.285,0.29875,0.0860501220604125,0.129707112970711,0.129707112970711,0.718117983375405
5075,0.34,balanced,1,7,1,OK,0.0411811090698939,0,0.118288083699774,0.0105621510232715,0.0685062785238986,0.00243687702086379,1,0.297285539215686,0.297285539215686,0.198400102398024,0.285,5580.17471537658,4743.14850807009,175.14103402657,38.5836596142181,6.85170426001654,2.22680388450538,4.93193429282323,8.00792935389433,20.9466886537888,22.1796722269946,0.810581084332314,0.0172250408788265,0.0440567316517357,0.409394117155211,0.0247091052037637,16.5685529192231,0.773098996051148,90605.5808037558,45739.1586936278,21586.422110128,22320,960,10918.8664502697,2764.87695548024,3772.31263815202,9594.80140739438,37.85151906617,24.2203684823523,62.0718875485223,0.354410877459508,22.8203277730054,22.3203277730054,21.9287809934139,0.19912924246662,0.13087075753338,22.5742269704205,4.76,23.8364233260154,1.90764233260154,17.1687809934139,88.8840747684845,799.95667291636,44.4420373842422,199.98916822909,302.205854212847,151.102927106424,5580.17471537658,4743.14850807009,0.85,0.297285539215686,0.196415110105166,0.285,0.297285539215686,0.0905302685209007,0.143681596141558,0.143681596141558,0.731027718885553
5025,0.3375,balanced,1,6,1,OK,0.0412976348544602,0,0.132019665776988,0.00175302130928932,0.064722749651294,0.000608841502008427,1,0.294356617647059,0.294356617647059,0.198947045559894,0.285,5580.17471537658,4743.14850807009,176.883730882556,38.7751429720346,6.88570796395732,2.23785508828613,4.95641054386739,8.04767118287511,20.9596336991641,22.198736335131,0.814603843950307,0.0171379430828579,0.0440567316517357,0.405360677577327,0.0244772253462419,16.560728262428,0.773098996051148,90605.5808037558,45739.1586936278,21586.422110128,22320,960,10995.6845968927,2797.38174095398,3766.08324592648,9522.5687132786,38.4499912667423,24.6037787184318,63.0537699851741,0.356470149462413,22.801263664869,22.301263664869,21.9462899728966,0.199066696553879,0.130933303446121,22.5952491786404,4.76,23.8558777476629,1.90958777476629,17.1862899728966,88.8840747684845,799.95667291636,44.4420373842422,199.98916822909,299.983752343635,149.991876171818,5580.17471537658,4743.14850807009,0.85,0.294356617647059,0.196307303592912,0.285,0.294356617647059,0.0994905614418771,0.146568413164304,0.146568413164304,0.719243216237552
5025,0.335,balanced,1,5,1,OK,0.0413192244819516,0,0.132666913080549,0.00101732630740359,0.0656736712610493,0,1,0.294356617647059,0.294356617647059,0.198947045559894,0.285,5580.17471537658,4743.14850807009,176.883730882556,38.7751429720346,6.88570796395732,2.23785508828613,4.95641054386739,8.04767118287511,20.9656293334182,22.204731969385,0.814603843950307,0.0171345843302515,0.0440567316517357,0.405360677577327,0.0244738665936355,16.5630010291362,0.773098996051148,90605.5808037558,45739.1586936278,21586.422110128,22320,960,11009.1251943613,2801.43276223292,3770.68672545479,9477.66765472318,38.4601044219988,24.6103951564249,63.0704995784237,0.356564729066576,22.795268030615,22.295268030615,21.9512006462616,0.19884779602506,0.13115220397494,22.6012448128944,4.76,23.8613340514018,1.91013340514018,17.1912006462616,88.8840747684845,799.95667291636,44.4420373842422,199.98916822909,297.761650474423,148.880825237211,5580.17471537658,4743.14850807009,0.85,0.294356617647059,0.196282816238808,0.285,0.294356617647059,0.0994905614418771,0.138075313807531,0.138075313807531,0.706720977512474
5050,0.34,balanced,1,6,1,OK,0.041411215324161,0,0.12458702186026,0.00653998552956941,0.0673960459095204,0.00243687702086379,1,0.295821078431373,0.295821078431373,0.198670338117727,0.285,5580.17471537658,4743.14850807009,176.008068848484,38.6790458156883,6.86864298613777,2.23230897049477,4.94412697964445,8.02772649004852,20.9527407980376,22.1887725429487,0.812584996127906,0.0171833540802886,0.0440567316517357,0.407377397366269,0.0245948481887295,16.56352559041,0.773098996051148,90605.5808037558,45739.1586936278,21586.422110128,22320,960,10950.4202357999,2779.30004807618,3766.90203414453,9581.03964480322,38.1481550463394,24.4103975795192,62.5585526258585,0.355430026788782,22.8112274570513,22.3112274570513,21.9361595659293,0.198906454454064,0.131093545545936,22.5843027013202,4.76,23.8446217399215,1.90846217399215,17.1761595659293,88.8840747684845,799.95667291636,44.4420373842422,199.98916822909,302.205854212847,151.102927106424,5580.17471537658,4743.14850807009,0.85,0.295821078431373,0.19637322475018,0.285,0.295821078431373,0.0950104149813889,0.149343386221467,0.149343386221467,0.731396937808286
5100,0.34,balanced,1,7,1,OK,0.0416314948866795,0,0.112363307720342,0.0160392614317739,0.0709258580772451,0.00243687702086379,1,0.29875,0.29875,0.198135752702295,0.285,5580.17471537658,4743.14850807009,174.282499546048,38.4889756442206,6.83489023648757,2.22133932685846,4.91983136833964,7.98827796389484,20.9431087933088,22.1730666353937,0.808591925298752,0.0172669634369798,0.0440567316517357,0.411410836944153,0.0248239563498529,16.5731373011615,0.773098996051148,90605.5808037558,45739.1586936278,21586.422110128,22320,960,10887.4428598024,2750.82345527681,3777.66442668269,9608.4135740019,37.5626675087582,24.0353828112391,61.5980503199973,0.353437955505809,22.8269333646063,22.3269333646063,21.9224979589992,0.199069661613404,0.130930338386596,22.5666531448609,4.76,23.8294421766658,1.90694421766658,17.1624979589992,88.8840747684845,799.95667291636,44.4420373842422,199.98916822909,302.205854212847,151.102927106424,5580.17471537658,4743.14850807009,0.85,0.29875,0.196461759070847,0.285,0.29875,0.0860501220604125,0.138075313807531,0.138075313807531,0.73061669409868
5025,0.34,balanced,1,6,1,OK,0.0419971475287008,0,0.131338644838602,0.00401270912511215,0.0650616179308475,0.00243687702086379,1,0.294356617647059,0.294356617647059,0.198947045559894,0.285,5580.17471537658,4743.14850807009,176.883730882556,38.7751429720346,6.88570796395732,2.23785508828613,4.95641054386739,8.04767118287511,20.9562230021046,22.1953256380714,0.814603843950307,0.0171414999653136,0.0440567316517357,0.405360677577327,0.0244807822286976,16.558322107132,0.773098996051148,90605.5808037558,45739.1586936278,21586.422110128,22320,960,10982.2315666096,2793.60089378451,3761.4755080899,9567.23738480503,38.4442406355309,24.60001645612,63.0442570916509,0.356416368973526,22.8046743619286,22.3046743619286,21.9424914354987,0.198988446309069,0.131011553690931,22.5918384815808,4.76,23.8516571505541,1.90916571505541,17.1824914354987,88.8840747684845,799.95667291636,44.4420373842422,199.98916822909,302.205854212847,151.102927106424,5580.17471537658,4743.14850807009,0.85,0.294356617647059,0.196333235434405,0.285,0.294356617647059,0.0994905614418771,0.155061512521077,0.155061512521077,0.731749590168569
5050,0.3325,balanced,1,5,1,OK,0.0421128840834714,0.00433408993232627,0.126610950858234,0.00433290052391211,0.0676633010502967,0,1,0.295821078431373,0.295821078431373,0.198670338117727,0.285,5580.17471537658,4743.14850807009,176.008068848484,38.6790458156883,6.86864298613777,2.23230897049477,4.94412697964445,8.02772649004852,20.9655755170763,22.2016072619874,0.812584996127906,0.0171728027370046,0.0440567316517357,0.407377397366269,0.0245842968454455,16.5706344959685,0.773098996051148,90605.5808037558,45739.1586936278,21586.422110128,22320,960,10990.8164180982,2790.8993886608,3780.79816397282,9446.30559082679,38.1696311590414,24.4244479462087,62.5940791052501,0.35563187253156,22.7983927380126,22.2983927380126,21.9486834336965,0.19884358162074,0.13115641837926,22.597137420359,4.76,23.8585371485517,1.90985371485517,17.1886834336965,88.8840747684845,799.95667291636,44.4420373842422,199.98916822909,295.539548605211,147.769774302605,5580.17471537658,4743.14850807009,0.85,0.295821078431373,0.196296679845621,0.285,0.295821078431373,0.0950104149813889,0.123990223290111,0.123990223290111,0.693864614834531
5075,0.3425,balanced,1,7,1,OK,0.0424189206389307,0,0.117614753420266,0.0143458316530313,0.0687581162580805,0.00548410679086874,1,0.297285539215686,0.297285539215686,0.198400102398024,0.285,5580.17471537658,4743.14850807009,175.14103402657,38.5836596142181,6.85170426001654,2.22680388450538,4.93193429282323,8.00792935389433,20.9431307897386,22.1761143629444,0.810581084332314,0.0172286159968827,0.0440567316517357,0.409394117155211,0.02471268032182,16.5661559905235,0.773098996051148,90605.5808037558,45739.1586936278,21586.422110128,22320,960,10905.5075359518,2761.12510675902,3767.69732377458,9639.39207576269,37.8456186440826,24.2165083667923,62.0621270108749,0.354355147871626,22.8238856370556,22.3238856370556,21.9249397636009,0.19907178716696,0.13092821283304,22.5706691063702,4.76,23.8321552928899,1.90721552928899,17.1649397636009,88.8840747684845,799.95667291636,44.4420373842422,199.98916822909,304.427956082059,152.21397804103,5580.17471537658,4743.14850807009,0.85,0.297285539215686,0.196440918099341,0.285,0.297285539215686,0.0905302685209007,0.152091019642599,0.152091019642599,0.74352677290378
5050,0.3425,balanced,1,7,1,OK,0.042486879283627,0,0.123950876644222,0.0103236661593292,0.0664259406093912,0.00548410679086874,1,0.295821078431373,0.295821078431373,0.198670338117727,0.285,5580.17471537658,4743.14850807009,176.008068848484,38.6790458156883,6.86864298613777,2.23230897049477,4.94412697964445,8.02772649004852,20.9467442518198,22.1827759967309,0.812584996127906,0.0171867138530141,0.0440567316517357,0.407377397366269,0.024598207961455,16.5612632434291,0.773098996051148,90605.5808037558,45739.1586936278,21586.422110128,22320,960,10937.1033528378,2775.29458466763,3762.32107812291,9625.63732444413,38.1381294106694,24.4038386061783,62.5419680168477,0.355335800375645,22.8172240032691,22.3172240032691,21.9312771864167,0.199131806009504,0.130868193990496,22.5783061551025,4.76,23.8391968737964,1.90791968737964,17.1712771864167,88.8840747684845,799.95667291636,44.4420373842422,199.98916822909,304.427956082059,152.21397804103,5580.17471537658,4743.14850807009,0.85,0.295821078431373,0.196397598280231,0.285,0.295821078431373,0.0950104149813889,0.157794440531919,0.157794440531919,0.743911346162705
5125,0.34,balanced,1,7,1,OK,0.042588965488797,0,0.10684795756162,0.022932469517468,0.0734334036216487,0.00243687702086379,1,0.300214460784314,0.300214460784314,0.197877686240692,0.285,5580.17471537658,4743.14850807009,173.432341011677,38.3949853314109,6.81819939292535,2.21591480270074,4.9078171101906,7.9687705404815,20.9395676742858,22.1665219518335,0.806617338895186,0.017308926204319,0.0440567316517357,0.413427556733095,0.0249392060765675,16.577414512066,0.773098996051148,90605.5808037558,45739.1586936278,21586.422110128,22320,960,10856.208619358,2736.89908825641,3782.97873579803,9621.93041246952,37.2774663974535,23.8527368635527,61.1302032610062,0.352472917706222,22.8334780481665,22.3334780481665,21.9162751941033,0.199010578000039,0.130989421999961,22.5591473206487,4.76,23.8225279934481,1.90625279934482,17.1562751941033,88.8840747684845,799.95667291636,44.4420373842422,199.98916822909,302.205854212847,151.102927106424,5580.17471537658,4743.14850807009,0.85,0.300214460784314,0.196511704072184,0.285,0.300214460784314,0.0815699755999244,0.132523726910909,0.132523726910909,0.730176844200124
5000,0.3325,balanced,1,5,1,OK,0.0427642945946422,0,0.140530646567429,0.000814313068640689,0.0628475521337235,0.000102744605185483,1,0.292892156862745,0.292892156862745,0.199229816485383,0.285,5580.17471537658,4743.14850807009,177.768149536969,38.8719599591304,6.9029007696569,2.24344275013849,4.96878612004548,8.06776527453649,20.9721237028015,22.2143202328129,0.816637814267445,0.0170892204247306,0.0440567316517357,0.403343957788385,0.0243566492144972,16.5599115968839,0.773098996051148,90605.5808037558,45739.1586936278,21586.422110128,22320,960,11054.7583465684,2819.67943569434,3769.82847919593,9418.89788744156,38.7652210963422,24.8058716197983,63.5710927161405,0.357606764101013,22.7856797671871,22.2856797671871,21.9612426942959,0.199066526028155,0.130933473971845,22.6118231224165,4.76,23.8724918825509,1.91124918825509,17.2012426942958,88.8840747684845,799.95667291636,44.4420373842422,199.98916822909,295.539548605211,147.769774302605,5580.17471537658,4743.14850807009,0.85,0.292892156862745,0.196220008789551,0.285,0.292892156862745,0.103970707902365,0.135230125523012,0.135230125523012,0.694526475924335
5100,0.3425,balanced,1,7,1,OK,0.042869796702083,0,0.111690423280184,0.0198229420615338,0.0711804332751608,0.00548410679086874,1,0.29875,0.29875,0.198135752702295,0.285,5580.17471537658,4743.14850807009,174.282499546048,38.4889756442206,6.83489023648757,2.22133932685846,4.91983136833964,7.98827796389484,20.9395565886854,22.1695144307703,0.808591925298752,0.0172705588802014,0.0440567316517357,0.411410836944153,0.0248275517930745,16.5707372347085,0.773098996051148,90605.5808037558,45739.1586936278,21586.422110128,22320,960,10874.1027818858,2747.08641392614,3773.03576057224,9653.05009575267,37.5568231178981,24.0315594014129,61.588382519311,0.353382483495071,22.8304855692297,22.3304855692297,21.9186634038218,0.199012271322398,0.130987728677602,22.5631009402374,4.76,23.825181559802,1.9065181559802,17.1586634038218,88.8840747684845,799.95667291636,44.4420373842422,199.98916822909,304.427956082059,152.21397804103,5580.17471537658,4743.14850807009,0.85,0.29875,0.196487586558934,0.285,0.29875,0.0860501220604125,0.146443514644352,0.146443514644352,0.743112661711442
5125,0.3375,balanced,1,7,1,OK,0.0428702070392365,0.00404188718187084,0.107526006718295,0.0206727817016452,0.0731760676895379,0.00060884150200849,1,0.300214460784314,0.300214460784314,0.197877686240692,0.285,5580.17471537658,4743.14850807009,173.432341011677,38.3949853314109,6.81819939292535,2.21591480270074,4.9078171101906,7.9687705404815,20.9431301238848,22.1700844014325,0.806617338895186,0.0173053017549443,0.0440567316517357,0.413427556733095,0.0249355816271928,16.5798240808726,0.773098996051148,90605.5808037558,45739.1586936278,21586.422110128,22320,960,10869.5820040406,2740.637210158,3787.63885533459,9577.07222749789,37.2832832869048,23.8565422596143,61.1398255465191,0.352528399200946,22.8299155985675,22.3299155985675,21.9201206528656,0.19906824297754,0.13093175702246,22.5627097702477,4.76,23.8268007254062,1.90668007254062,17.1601206528656,88.8840747684845,799.95667291636,44.4420373842422,199.98916822909,299.983752343635,149.991876171818,5580.17471537658,4743.14850807009,0.85,0.300214460784314,0.196485795225598,0.285,0.300214460784314,0.0815699755999244,0.124196346565976,0.124196346565976,0.717681421257422
5100,0.335,balanced,1,6,1,OK,0.0431282270107761,0.00900173316293478,0.113690738645447,0.0130438786140654,0.0716410554630445,0,1,0.29875,0.29875,0.198135752702295,0.285,5580.17471537658,4743.14850807009,174.282499546048,38.4889756442206,6.83489023648757,2.22133932685846,4.91983136833964,7.98827796389484,20.9526940753207,22.1826519174056,0.808591925298752,0.0172599404953379,0.0440567316517357,0.411410836944153,0.024816933408211,16.5778273317215,0.773098996051148,90605.5808037558,45739.1586936278,21586.422110128,22320,960,10914.2198366451,2758.5821721728,3786.95535331952,9518.55905178871,37.5784471146917,24.0457059877051,61.6241531023967,0.35358772833135,22.8173480825944,22.3173480825944,21.9312534710773,0.198901003407131,0.131098996592869,22.5762384268728,4.76,23.8391705234192,1.90791705234192,17.1712534710773,88.8840747684845,799.95667291636,44.4420373842422,199.98916822909,297.761650474423,148.880825237211,5580.17471537658,4743.14850807009,0.85,0.29875,0.196411310508483,0.285,0.29875,0.0860501220604125,0.121338912133891,0.121338912133891,0.705604423353873
5000,0.34,balanced,1,6,1,OK,0.0431349967346491,0,0.138505818874604,0.00302139807429795,0.0628222103694114,0.00252499292223135,1,0.292892156862745,0.292892156862745,0.199229816485383,0.285,5580.17471537658,4743.14850807009,177.768149536969,38.8719599591304,6.9029007696569,2.24344275013849,4.96878612004548,8.06776527453649,20.9597433201469,22.2019398501583,0.816637814267445,0.0170996874512347,0.0440567316517357,0.403343957788385,0.0243671162410013,16.5527981973385,0.773098996051148,90605.5808037558,45739.1586936278,21586.422110128,22320,960,11014.2375031451,2808.03583455701,3756.01030020466,9553.33673834783,38.7441698197113,24.79209884402,63.5362686637313,0.357410868196714,22.7980601498417,22.2980601498417,21.9488850162101,0.199071095467914,0.130928904532086,22.5994427397619,4.76,23.8587611291223,1.90987611291223,17.1888850162101,88.8840747684845,799.95667291636,44.4420373842422,199.98916822909,302.205854212847,151.102927106424,5580.17471537658,4743.14850807009,0.85,0.292892156862745,0.196296701348824,0.285,0.292892156862745,0.103970707902365,0.160836820083682,0.160836820083682,0.732071897610808
5025,0.3325,balanced,1,1,1,OK,0.0431711937665927,2.09453718185737e-05,0.133038399490774,0.00180562411945489,0.076652221554396,6.52285076402571e-07,1,0.294356617647059,0.294356617647059,0.198947045559894,0.285,5580.17471537658,4743.14850807009,176.883730882556,38.7751429720346,6.88570796395732,2.23785508828613,4.95641054386739,8.04767118287511,20.9896222252425,22.2287248612094,0.814603843950307,0.0171326659972896,0.0440567316517357,0.405360677577327,0.0244719482606736,16.564299387178,0.773098996051148,90605.5808037558,45739.1586936278,21586.422110128,22320,960,11022.1608628069,2807.28361632268,3775.15151453636,9432.19746502167,38.5006278059255,24.6369079871929,63.1375357931184,0.356943713693145,22.7712751387906,22.2712751387906,21.9637954877315,0.196548137783774,0.133451862216226,22.6252377047188,4.76,23.8753283197017,1.91153283197017,17.2037954877315,88.8840747684845,799.95667291636,44.4420373842422,199.98916822909,295.539548605211,147.769774302605,5580.17471537658,4743.14850807009,0.85,0.294356617647059,0.196268830422038,0.285,0.294356617647059,0.0994905614418771,0.129582214450759,0.129582214450759,0.6941049645276
5025,0.3425,balanced,1,6,1,OK,0.0432468413401122,0,0.130663777085966,0.00779638975487197,0.0654009644930663,0.00548410679086874,1,0.294356617647059,0.294356617647059,0.198947045559894,0.285,5580.17471537658,4743.14850807009,176.883730882556,38.7751429720346,6.88570796395732,2.23785508828613,4.95641054386739,8.04767118287511,20.952827252026,22.1919298879928,0.814603843950307,0.0171450482849482,0.0440567316517357,0.405360677577327,0.0244843305483322,16.5559224409727,0.773098996051148,90605.5808037558,45739.1586936278,21586.422110128,22320,960,10968.8308385679,2789.83589460258,3756.88568406244,9611.73124602735,38.4385169143866,24.5962718243614,63.034788738748,0.356362840291969,22.8080701120072,22.3080701120072,21.9387100108558,0.198910633028512,0.131089366971488,22.5884427315022,4.76,23.8474555676176,1.90874555676176,17.1787100108558,88.8840747684845,799.95667291636,44.4420373842422,199.98916822909,304.427956082059,152.21397804103,5580.17471537658,4743.14850807009,0.85,0.294356617647059,0.196359104847711,0.285,0.294356617647059,0.0994905614418771,0.163554611877849,0.163554611877849,0.744253215381227
5125,0.3425,balanced,1,7,1,OK,0.0438278912935718,0,0.106176099596856,0.0267161501472278,0.0736906762143984,0.00548410679086874,1,0.300214460784314,0.300214460784314,0.197877686240692,0.285,5580.17471537658,4743.14850807009,173.432341011677,38.3949853314109,6.81819939292535,2.21591480270074,4.9078171101906,7.9687705404815,20.936021089319,22.1629753668666,0.806617338895186,0.017312541959245,0.0440567316517357,0.413427556733095,0.0249428218314935,16.5750114211652,0.773098996051148,90605.5808037558,45739.1586936278,21586.422110128,22320,960,10842.8873984727,2733.1767519729,3778.33679337495,9666.61242021791,37.2716772150162,23.848949619756,61.1206268347722,0.352417700633223,22.8370246331334,22.3370246331334,21.9124472639244,0.198953252063515,0.131046747936485,22.5556007356819,4.76,23.8182747376937,1.90582747376937,17.1524472639244,88.8840747684845,799.95667291636,44.4420373842422,199.98916822909,304.427956082059,152.21397804103,5580.17471537658,4743.14850807009,0.85,0.300214460784314,0.196537550767774,0.285,0.300214460784314,0.0815699755999244,0.140851107255842,0.140851107255842,0.742669523773056
5000,0.335,balanced,1,1,1,OK,0.0439589622157638,0,0.139510419447412,2.60152565893938e-05,0.0746902606257181,0.000125407889394957,1,0.292892156862745,0.292892156862745,0.199229816485383,0.285,5580.17471537658,4743.14850807009,177.768149536969,38.8719599591304,6.9029007696569,2.24344275013849,4.96878612004548,8.06776527453649,20.9896519844697,22.2318485144811,0.816637814267445,0.0170944687869358,0.0440567316517357,0.403343957788385,0.0243618975767024,16.5563440416935,0.773098996051148,90605.5808037558,45739.1586936278,21586.422110128,22320,960,11040.6437905706,2817.93813510284,3765.01521657151,9463.41224709845,38.7950648767975,24.8253974571836,63.6204623339812,0.357884483242317,22.7681514855189,22.2681514855189,21.9663475073851,0.19656622348366,0.13343377651634,22.6293514040847,4.76,23.8781638970945,1.91181638970945,17.2063475073851,88.8840747684845,799.95667291636,44.4420373842422,199.98916822909,297.761650474423,148.880825237211,5580.17471537658,4743.14850807009,0.85,0.292892156862745,0.196258463868398,0.285,0.292892156862745,0.103970707902365,0.143765690376569,0.143765690376569,0.70693275284492
5000,0.33,balanced,1,4,1,OK,0.0439957140949864,0.00131111150014897,0.141193132358459,0.00312660369462901,0.0636304210701516,0.000109875846032431,1,0.292892156862745,0.292892156862745,0.199229816485383,0.285,5580.17471537658,4743.14850807009,177.768149536969,38.8719599591304,6.9029007696569,2.24344275013849,4.96878612004548,8.06776527453649,20.9778337869254,22.2200303169368,0.816637814267445,0.0170858394927191,0.0440567316517357,0.403343957788385,0.0243532682824857,16.5622105874989,0.773098996051148,90605.5808037558,45739.1586936278,21586.422110128,22320,960,11068.3318779873,2823.74832860695,3774.45724480999,9373.69546817506,38.7749380835298,24.8122290617397,63.5871671452695,0.3576971876621,22.7799696830632,22.2799696830632,21.9660604599323,0.198886941222946,0.131113058777054,22.6175332065404,4.76,23.8778449554803,1.91178449554803,17.2060604599323,88.8840747684845,799.95667291636,44.4420373842422,199.98916822909,293.317446735999,146.658723367999,5580.17471537658,4743.14850807009,0.85,0.292892156862745,0.196195236488784,0.285,0.292892156862745,0.103970707902365,0.126694560669456,0.126694560669456,0.681998023529306
5075,0.345,balanced,1,7,1,OK,0.0442068283961231,0,0.11694752176676,0.0196535050967282,0.0690099190272465,0.00975053081202331,1,0.297285539215686,0.297285539215686,0.198400102398024,0.285,5580.17471537658,4743.14850807009,175.14103402657,38.5836596142181,6.85170426001654,2.22680388450538,4.93193429282323,8.00792935389433,20.9395886793525,22.1725722525583,0.810581084332314,0.0172321826150693,0.0440567316517357,0.409394117155211,0.0247162469400065,16.5637654514833,0.773098996051148,90605.5808037558,45739.1586936278,21586.422110128,22320,960,10892.2004008304,2757.38900921023,3763.09989837108,9683.80870155723,37.839746175211,24.2126665652748,62.0524127404858,0.35429968245518,22.8274277474417,22.3274277474417,21.9211159447454,0.199014667900423,0.130985332099577,22.5671269959841,4.76,23.8279066052727,1.90679066052727,17.1611159447454,88.8840747684845,799.95667291636,44.4420373842422,199.98916822909,306.650057951271,153.325028975636,5580.17471537658,4743.14850807009,0.85,0.297285539215686,0.196466664734819,0.285,0.297285539215686,0.0905302685209007,0.16050044314364,0.16050044314364,0.756023091579753
4975,0.335,balanced,1,5,1,OK,0.0442250137765238,0,0.147420032701169,0.000612914353820393,0.0610410464583133,0.00126843405009659,1,0.291427696078431,0.291427696078431,0.19951925523692,0.285,5580.17471537658,4743.14850807009,178.661456821074,38.969505808762,6.92022300710534,2.24907247730924,4.98125486266167,8.08801063955437,20.9722391822854,22.2175528979508,0.81868709682273,0.0170510444898432,0.0440567316517357,0.401327237999443,0.0242469781774318,16.5516393450209,0.773098996051148,90605.5808037558,45739.1586936278,21586.422110128,22320,960,11073.4203535,2830.45250686729,3759.66647211384,9449.96811184381,39.063330052905,24.9967111691263,64.0600412220313,0.35855546216768,22.7824471020492,22.2824471020492,21.9638692601053,0.199072343246865,0.130927656753135,22.6160532869638,4.76,23.8754102890059,1.91154102890059,17.2038692601053,88.8840747684845,799.95667291636,44.4420373842422,199.98916822909,297.761650474423,148.880825237211,5580.17471537658,4743.14850807009,0.85,0.291427696078431,0.196213069629603,0.285,0.291427696078431,0.108450854362853,0.149513256659868,0.149513256659868,0.707327654739762
5050,0.345,balanced,1,7,1,OK,0.0442744285774122,0,0.123283760894744,0.0156313396030261,0.066674984233029,0.00975053081202331,1,0.295821078431373,0.295821078431373,0.198670338117727,0.285,5580.17471537658,4743.14850807009,176.008068848484,38.6790458156883,6.86864298613777,2.23230897049477,4.94412697964445,8.02772649004852,20.9431964560722,22.1792282009833,0.812584996127906,0.0171902601864553,0.0440567316517357,0.407377397366269,0.0246017542948961,16.5588759436876,0.773098996051148,90605.5808037558,45739.1586936278,21586.422110128,22320,960,10923.7774260703,2771.54362765247,3757.73701106737,9670.00806481101,38.1322003257753,24.3999597154477,62.532160041223,0.355280075796147,22.8207717990167,22.3207717990167,21.9274466619101,0.199074621240556,0.130925378759444,22.5747583593549,4.76,23.8349407354557,1.90749407354557,17.1674466619101,88.8840747684845,799.95667291636,44.4420373842422,199.98916822909,306.650057951271,153.325028975636,5580.17471537658,4743.14850807009,0.85,0.295821078431373,0.19642332521826,0.285,0.295821078431373,0.0950104149813889,0.166245494842371,0.166245494842371,0.756410546540977
5150,0.34,balanced,1,7,1,OK,0.0442969819591035,0.00106133334335757,0.101740463402414,0.0312039910623573,0.0760267538612279,0.00243687702086379,1,0.301678921568627,0.301678921568627,0.197625335201644,0.285,5580.17471537658,4743.14850807009,172.590436443659,38.3016802473612,6.80163023260577,2.21052982559688,4.89589044101717,7.949405334358,20.9360647470842,22.1600373573385,0.804657148053808,0.017350928646917,0.0440567316517357,0.415444276522037,0.0250548538499804,16.5813889400262,0.773098996051148,90605.5808037558,45739.1586936278,21586.422110128,22320,960,10825.1620570205,2723.10213018093,3788.25596516081,9635.35293933141,36.9958515788986,23.6723894884007,60.6682410672994,0.351515659369133,22.8399626426615,22.3399626426615,21.9101118702028,0.198951985313662,0.131048014686338,22.5517085926199,4.76,23.8156798557809,1.90556798557809,17.1501118702028,88.8840747684845,799.95667291636,44.4420373842422,199.98916822909,302.205854212847,151.102927106424,5580.17471537658,4743.14850807009,0.85,0.301678921568627,0.196564893310486,0.285,0.301678921568627,0.0770898291394362,0.127026038916196,0.127026038916196,0.729708669100692
5000,0.3375,balanced,1,1,1,OK,0.0443104536813251,0,0.138790264351621,0.000761710258475123,0.0765302194255262,0.000732806449894057,1,0.292892156862745,0.292892156862745,0.199229816485383,0.285,5580.17471537658,4743.14850807009,177.768149536969,38.8719599591304,6.9029007696569,2.24344275013849,4.96878612004548,8.06776527453649,20.9885866137795,22.2307831437909,0.816637814267445,0.0170982046357701,0.0440567316517357,0.403343957788385,0.0243656334255367,16.5538055483366,0.773098996051148,90605.5808037558,45739.1586936278,21586.422110128,22320,960,11027.060321417,2814.3582669454,3760.38306204978,9508.15575713832,38.7932496573587,24.82420979751,63.6174594548687,0.357867591132452,22.7692168562091,22.2692168562091,21.9635282468983,0.196213241939633,0.133786758060367,22.6282860333945,4.76,23.8750313854425,1.91150313854425,17.2035282468983,88.8840747684845,799.95667291636,44.4420373842422,199.98916822909,299.983752343635,149.991876171818,5580.17471537658,4743.14850807009,0.85,0.292892156862745,0.196285836666971,0.285,0.292892156862745,0.103970707902365,0.152301255230125,0.152301255230125,0.71943124237038
5000,0.3425,balanced,1,6,1,OK,0.0443840846058477,0,0.137832226301015,0.00680507870405777,0.0631577708754667,0.00556840333902517,1,0.292892156862745,0.292892156862745,0.199229816485383,0.285,5580.17471537658,4743.14850807009,177.768149536969,38.8719599591304,6.9029007696569,2.24344275013849,4.96878612004548,8.06776527453649,20.9563423552394,22.1985388852507,0.816637814267445,0.0171032154970202,0.0440567316517357,0.403343957788385,0.0243706442867868,16.5504019114943,0.773098996051148,90605.5808037558,45739.1586936278,21586.422110128,22320,960,11000.8179488918,2804.25588276911,3751.43404297532,9597.78360072064,38.7383909110148,24.7883180577425,63.5267089687573,0.357357092000028,22.8014611147493,22.3014611147493,21.9450971188655,0.198993222839115,0.131006777160885,22.5960417748544,4.76,23.854552354295,1.9094552354295,17.1850971188655,88.8840747684845,799.95667291636,44.4420373842422,199.98916822909,304.427956082059,152.21397804103,5580.17471537658,4743.14850807009,0.85,0.292892156862745,0.196322551561434,0.285,0.292892156862745,0.103970707902365,0.169372384937238,0.169372384937238,0.744577977802126
4975,0.3375,balanced,1,5,1,OK,0.0443900196905846,0,0.146732559031495,0.00134860935570612,0.0614976410137726,0.00186925161499911,1,0.291427696078431,0.291427696078431,0.19951925523692,0.285,5580.17471537658,4743.14850807009,178.661456821074,38.969505808762,6.92022300710534,2.24907247730924,4.98125486266167,8.08801063955437,20.9690412728515,22.2143549885169,0.81868709682273,0.0170545884874667,0.0440567316517357,0.401327237999443,0.0242505221750554,16.5492204704877,0.773098996051148,90605.5808037558,45739.1586936278,21586.422110128,22320,960,11059.8708864753,2826.64895459046,3755.06613407359,9494.71186631314,39.0578476102691,24.9931242315068,64.0509718417759,0.3585046992308,22.7856450114831,22.2856450114831,21.9601416180118,0.198965998023791,0.131034001976209,22.6128553775298,4.76,23.8712684644576,1.91112684644576,17.2001416180118,88.8840747684845,799.95667291636,44.4420373842422,199.98916822909,299.983752343635,149.991876171818,5580.17471537658,4743.14850807009,0.85,0.291427696078431,0.196239167210233,0.285,0.291427696078431,0.108450854362853,0.158091713799121,0.158091713799121,0.71984015626418
5100,0.345,balanced,1,7,1,OK,0.0446581971408207,0,0.111023658666368,0.0251306155052306,0.0714349545587535,0.00975053081202331,1,0.29875,0.29875,0.198135752702295,0.285,5580.17471537658,4743.14850807009,174.282499546048,38.4889756442206,6.83489023648757,2.22133932685846,4.91983136833964,7.98827796389484,20.9360201235876,22.1659779656725,0.808591925298752,0.0172741457695213,0.0440567316517357,0.411410836944153,0.0248311386823944,16.5683435708024,0.773098996051148,90605.5808037558,45739.1586936278,21586.422110128,22320,960,10860.8144601731,2743.36507281877,3768.42505254182,9697.51223738896,37.5510064293646,24.0277541409481,61.5787605703126,0.353327274572641,22.8340220343275,22.3340220343275,21.9148462405863,0.198955216899866,0.131044783100134,22.5595644751396,4.76,23.8209402673181,1.90609402673181,17.1548462405863,88.8840747684845,799.95667291636,44.4420373842422,199.98916822909,306.650057951271,153.325028975636,5580.17471537658,4743.14850807009,0.85,0.29875,0.196513352600968,0.285,0.29875,0.0860501220604125,0.154811715481172,0.154811715481172,0.755605893613468
4975,0.3325,balanced,1,4,1,OK,0.0447132863245025,0,0.148074452582312,0.00140121216587169,0.0618199116840096,0.00128290662542201,1,0.291427696078431,0.291427696078431,0.19951925523692,0.285,5580.17471537658,4743.14850807009,178.661456821074,38.969505808762,6.92022300710534,2.24907247730924,4.98125486266167,8.08801063955437,20.9779298175667,22.2232435332321,0.81868709682273,0.0170476925294996,0.0440567316517357,0.401327237999443,0.0242436262170882,16.5539277996526,0.773098996051148,90605.5808037558,45739.1586936278,21586.422110128,22320,960,11086.9590060202,2834.52018207085,3764.26313839516,9404.99291086225,39.0730897904044,25.0030966214567,64.0761864118611,0.358645829671209,22.7767564667679,22.2767564667679,21.9686724143426,0.198894179095766,0.131105820904234,22.6217439222451,4.76,23.8807471270473,1.91207471270473,17.2086724143426,88.8840747684845,799.95667291636,44.4420373842422,199.98916822909,295.539548605211,147.769774302605,5580.17471537658,4743.14850807009,0.85,0.291427696078431,0.19618838618886,0.285,0.291427696078431,0.108450854362853,0.140934799520616,0.140934799520616,0.694799607964158
5025,0.345,balanced,1,7,1,OK,0.0448729830024464,0,0.130034388492977,0.0131040631985688,0.0644324213380726,0.00975053081202331,1,0.294356617647059,0.294356617647059,0.198947045559894,0.285,5580.17471537658,4743.14850807009,176.883730882556,38.7751429720346,6.88570796395732,2.23785508828613,4.95641054386739,8.04767118287511,20.9468440230119,22.1859466589788,0.814603843950307,0.0171483790374346,0.0440567316517357,0.405360677577327,0.0244876613008186,16.5536705444295,0.773098996051148,90605.5808037558,45739.1586936278,21586.422110128,22320,960,10955.5472486033,2785.83071297331,3752.33598047913,9656.10927168293,38.4284360030193,24.5896766475476,63.018112650567,0.35626856317503,22.8140533410212,22.3140533410212,21.9338392501983,0.199135083434044,0.130864916565956,22.5824595024882,4.76,23.8420436113315,1.90820436113315,17.1738392501983,88.8840747684845,799.95667291636,44.4420373842422,199.98916822909,306.650057951271,153.325028975636,5580.17471537658,4743.14850807009,0.85,0.294356617647059,0.196383388063871,0.285,0.294356617647059,0.0994905614418771,0.172047711234622,0.172047711234622,0.756767735811713
5150,0.3425,balanced,1,7,1,OK,0.0452819445925111,0,0.101070208333304,0.0349876716921172,0.0762866845688454,0.00548410679086874,1,0.301678921568627,0.301678921568627,0.197625335201644,0.285,5580.17471537658,4743.14850807009,172.590436443659,38.3016802473612,6.80163023260577,2.21052982559688,4.89589044101717,7.949405334358,20.9325237423548,22.1564963526091,0.804657148053808,0.0173545647002859,0.0440567316517357,0.415444276522037,0.0250584899033493,16.5789829364981,0.773098996051148,90605.5808037558,45739.1586936278,21586.422110128,22320,960,10811.8597121059,2719.39439763451,3783.6008212278,9680.08007008754,36.9901167981297,23.6686378814702,60.6587546795999,0.351460694633573,22.8435036473909,22.3435036473909,21.9062905158634,0.198894723082556,0.131105276917444,22.5481675878904,4.76,23.8114339065149,1.90514339065149,17.1462905158634,88.8840747684845,799.95667291636,44.4420373842422,199.98916822909,304.427956082059,152.21397804103,5580.17471537658,4743.14850807009,0.85,0.301678921568627,0.196590758932761,0.285,0.301678921568627,0.0770898291394362,0.135312995084698,0.135312995084698,0.742197862500464
4975,0.33,balanced,1,4,1,OK,0.0454430632399186,0,0.148779450801201,0.00371350279186001,0.0611941160011068,0.0012903802575464,1,0.291427696078431,0.291427696078431,0.19951925523692,0.285,5580.17471537658,4743.14850807009,178.661456821074,38.969505808762,6.92022300710534,2.24907247730924,4.98125486266167,8.08801063955437,20.9808308150797,22.2261445307452,0.81868709682273,0.0170441046837561,0.0440567316517357,0.401327237999443,0.0242400383713448,16.5563779995443,0.773098996051148,90605.5808037558,45739.1586936278,21586.422110128,22320,960,11100.6237648615,2838.32372479294,3768.90262050864,9359.90080757517,39.0780670300493,25.0063530815347,64.084420111584,0.358691915155282,22.7738554692548,22.2738554692548,21.9722955212607,0.199039144455901,0.1309608555441,22.6246449197581,4.76,23.8847728014008,1.91247728014008,17.2122955212607,88.8840747684845,799.95667291636,44.4420373842422,199.98916822909,293.317446735999,146.658723367999,5580.17471537658,4743.14850807009,0.85,0.291427696078431,0.196161965715845,0.285,0.291427696078431,0.108450854362853,0.132356342381363,0.132356342381363,0.682283305001286
5125,0.345,balanced,1,7,1,OK,0.0456169177569586,0,0.105510380851604,0.0320238235909246,0.0739478761850887,0.00975053081202331,1,0.300214460784314,0.300214460784314,0.197877686240692,0.285,5580.17471537658,4743.14850807009,173.432341011677,38.3949853314109,6.81819939292535,2.21591480270074,4.9078171101906,7.9687705404815,20.9324902297905,22.1594445073381,0.806617338895186,0.0173161491062888,0.0440567316517357,0.413427556733095,0.0249464289785373,16.5726147453324,0.773098996051148,90605.5808037558,45739.1586936278,21586.422110128,22320,960,10829.6179102082,2729.47006526513,3773.71287781662,9711.11971255341,37.2659154875187,23.8451803629424,61.1110958504612,0.352362745575501,22.8405554926619,22.3405554926619,21.9086367067611,0.19889626183172,0.13110373816828,22.5520698761534,4.76,23.8140407852901,1.90540407852901,17.1486367067611,88.8840747684845,799.95667291636,44.4420373842422,199.98916822909,306.650057951271,153.325028975636,5580.17471537658,4743.14850807009,0.85,0.300214460784314,0.196563335931176,0.285,0.300214460784314,0.0815699755999244,0.149178487600775,0.149178487600775,0.755159467383055
5025,0.33,balanced,1,1,1,OK,0.0460223303338552,0.00952846437698704,0.133773241239021,0.00411791474544321,0.0748344912946098,7.60760436550274e-07,1,0.294356617647059,0.294356617647059,0.198947045559894,0.285,5580.17471537658,4743.14850807009,176.883730882556,38.7751429720346,6.88570796395732,2.23785508828613,4.95641054386739,8.04767118287511,20.990695168095,22.2297978040619,0.814603843950307,0.0171288912248782,0.0440567316517357,0.405360677577327,0.0244681734882622,16.5668548071962,0.773098996051148,90605.5808037558,45739.1586936278,21586.422110128,22320,960,11035.8327077183,2810.87932366675,3779.83419760243,9387.04888954245,38.5024419739802,24.6380949541589,63.140536928139,0.356960680403456,22.7702021959381,22.2702021959381,21.9666350702865,0.196904573088493,0.133095426911507,22.6263106475713,4.76,23.8784834114295,1.91184834114295,17.2066350702865,88.8840747684845,799.95667291636,44.4420373842422,199.98916822909,293.317446735999,146.658723367999,5580.17471537658,4743.14850807009,0.85,0.294356617647059,0.196241310029936,0.285,0.294356617647059,0.0994905614418771,0.121089115093986,0.121089115093986,0.681603123978633
5000,0.345,balanced,1,6,1,OK,0.0461833457387535,0,0.137164708851099,0.0121127521477546,0.0634938145012184,0.00983110982947938,1,0.292892156862745,0.292892156862745,0.199229816485383,0.285,5580.17471537658,4743.14850807009,177.768149536969,38.8719599591304,6.9029007696569,2.24344275013849,4.96878612004548,8.06776527453649,20.9529562189776,22.195152748989,0.816637814267445,0.0171067351189775,0.0440567316517357,0.403343957788385,0.024374163908744,16.5480120384227,0.773098996051148,90605.5808037558,45739.1586936278,21586.422110128,22320,960,10987.4502867734,2800.49169350211,3746.8754816957,9642.05744551252,38.7326389115061,24.7845549016133,63.5171938131194,0.357303566350677,22.804847251011,22.304847251011,21.9413262006933,0.198915783017569,0.131084216982431,22.5926556385926,4.76,23.8503624452148,1.90903624452148,17.1813262006933,88.8840747684845,799.95667291636,44.4420373842422,199.98916822909,306.650057951271,153.325028975636,5580.17471537658,4743.14850807009,0.85,0.292892156862745,0.196348340052126,0.285,0.292892156862745,0.103970707902365,0.177907949790795,0.177907949790795,0.757081317358785
5075,0.3475,balanced,1,7,1,OK,0.0465448188283211,0,0.11628633794744,0.026485171354362,0.0692616773805808,0.0152361490843275,1,0.297285539215686,0.297285539215686,0.198400102398024,0.285,5580.17471537658,4743.14850807009,175.14103402657,38.5836596142181,6.85170426001654,2.22680388450538,4.93193429282323,8.00792935389433,20.9360621853074,22.1690457585132,0.810581084332314,0.0172357408174117,0.0440567316517357,0.409394117155211,0.0247198051423489,16.5613812405768,0.773098996051148,90605.5808037558,45739.1586936278,21586.422110128,22320,960,10878.9446198632,2753.66852797683,3758.52021509544,9728.05271900932,37.8339014068258,24.2088429120832,62.0427443189089,0.354244478820974,22.8309542414868,22.3309542414868,21.9173093833158,0.198957881380595,0.131042118619405,22.5636005019391,4.76,23.8236770925731,1.90636770925731,17.1573093833158,88.8840747684845,799.95667291636,44.4420373842422,199.98916822909,308.872159820484,154.436079910242,5580.17471537658,4743.14850807009,0.85,0.297285539215686,0.196492350618161,0.285,0.297285539215686,0.0905302685209007,0.168909866644681,0.168909866644681,0.768516682236084
5050,0.3475,balanced,1,7,1,OK,0.046612057728878,0,0.122622670159324,0.0224630058606599,0.0669240024373054,0.0152361490843275,1,0.295821078431373,0.295821078431373,0.198670338117727,0.285,5580.17471537658,4743.14850807009,176.008068848484,38.6790458156883,6.86864298613777,2.23230897049477,4.94412697964445,8.02772649004852,20.9396642907827,22.1756960356938,0.812584996127906,0.0171937981576159,0.0440567316517357,0.407377397366269,0.0246052922660568,16.5564949589422,0.773098996051148,90605.5808037558,45739.1586936278,21586.422110128,22320,960,10910.5028758424,2767.80833775134,3753.17061734189,9714.20653327831,38.1262991936043,24.3960991386113,62.5223983322156,0.355224614083106,22.8243039643062,22.3243039643062,21.923633413822,0.199017769383851,0.130982230616149,22.5712261940653,4.76,23.8307037931356,1.90707037931356,17.163633413822,88.8840747684845,799.95667291636,44.4420373842422,199.98916822909,308.872159820484,154.436079910242,5580.17471537658,4743.14850807009,0.85,0.295821078431373,0.196448991491978,0.285,0.295821078431373,0.0950104149813889,0.174696549152823,0.174696549152823,0.768907019378563
4975,0.34,balanced,1,1,1,OK,0.0468002619209862,0,0.145697592338551,0.00360829717152895,0.07462677606863,0.00374767902097527,1,0.291427696078431,0.291427696078431,0.19951925523692,0.285,5580.17471537658,4743.14850807009,178.661456821074,38.969505808762,6.92022300710534,2.24907247730924,4.98125486266167,8.08801063955437,20.9886331154726,22.2339468311381,0.81868709682273,0.0170599687651528,0.0440567316517357,0.401327237999443,0.0242559024527414,16.5455496360674,0.773098996051148,90605.5808037558,45739.1586936278,21586.422110128,22320,960,11045.7895297184,2825.13306589758,3750.28520792877,9538.77508116421,39.0914597255456,25.015115616906,64.1065753424516,0.35881592192911,22.7660531688619,22.2660531688619,21.9661430056703,0.196237678486368,0.133762321513632,22.632447220151,4.76,23.877936672967,1.9117936672967,17.2061430056703,88.8840747684845,799.95667291636,44.4420373842422,199.98916822909,302.205854212847,151.102927106424,5580.17471537658,4743.14850807009,0.85,0.291427696078431,0.19627878694073,0.285,0.291427696078431,0.108450854362853,0.166670170938374,0.166670170938374,0.732229984194216
4950,0.335,balanced,1,4,1,OK,0.0469747521339198,0,0.15538568602116,0.00282147470388337,0.0600983959988066,0.00478399131921188,1,0.289963235294118,0.289963235294118,0.199814942137149,0.285,5580.17471537658,4743.14850807009,179.56378741108,39.067789712168,6.9376763084871,2.25474480025831,4.99381794658081,8.10840918554429,20.9780627330694,22.2265172197146,0.820751884709411,0.0170095380849542,0.0440567316517357,0.399310518210501,0.0241343350418045,16.5453291967163,0.773098996051148,90605.5808037558,45739.1586936278,21586.422110128,22320,960,11105.8003180557,2845.41523942968,3754.07541972038,9435.91493259993,39.3751308388252,25.1964557341907,64.5715865730158,0.359602498387888,22.7734827802854,22.2734827802854,21.9713493130635,0.198903242092395,0.131096757907605,22.626022655441,4.76,23.8837214589594,1.91237214589594,17.2113493130635,88.8840747684845,799.95667291636,44.4420373842422,199.98916822909,297.761650474423,148.880825237211,5580.17471537658,4743.14850807009,0.85,0.289963235294118,0.19618499749685,0.285,0.289963235294118,0.112931000823342,0.155318879168251,0.155318879168251,0.707571956440645
4950,0.3375,balanced,1,5,1,OK,0.0469762248895731,0,0.154739730658616,0.0035571697057691,0.0593256762922117,0.00537087332980228,1,0.289963235294118,0.289963235294118,0.199814942137149,0.285,5580.17471537658,4743.14850807009,179.56378741108,39.067789712168,6.9376763084871,2.25474480025831,4.99381794658081,8.10840918554429,20.9723955472103,22.2208500338555,0.820751884709411,0.0170128615969194,0.0440567316517357,0.399310518210501,0.0241376585537696,16.5430510718754,0.773098996051148,90605.5808037558,45739.1586936278,21586.422110128,22320,960,11092.2960590646,2841.34905262485,3749.51059725929,9480.66465131581,39.3653347671973,25.1900464682244,64.5553812354217,0.359512250026412,22.7791499661445,22.2791499661445,21.9665623687271,0.199079508334398,0.130920491665602,22.6203554695819,4.76,23.878402631919,1.9118402631919,17.2065623687271,88.8840747684845,799.95667291636,44.4420373842422,199.98916822909,299.983752343635,149.991876171818,5580.17471537658,4743.14850807009,0.85,0.289963235294118,0.196209595052898,0.285,0.289963235294118,0.112931000823342,0.163940661848611,0.163940661848611,0.720099365726785
5100,0.3475,balanced,1,7,1,OK,0.0469966826737355,0,0.11036296290588,0.0319622817628645,0.0716894126734971,0.0152361490843275,1,0.29875,0.29875,0.198135752702295,0.285,5580.17471537658,4743.14850807009,174.282499546048,38.4889756442206,6.83489023648757,2.22133932685846,4.91983136833964,7.98827796389484,20.9324992607646,22.1624571028495,0.808591925298752,0.0172777241894851,0.0440567316517357,0.411410836944153,0.0248347171023583,16.5659562477998,0.773098996051148,90605.5808037558,45739.1586936278,21586.422110128,22320,960,10847.5774696326,2739.6592974894,3763.83215511631,9741.80143648482,37.5452171926197,24.0239668655676,61.5691840581872,0.353272326358389,22.8375428971505,22.3375428971505,21.9110463158733,0.198898495059402,0.131101504940598,22.5560436123166,4.76,23.8167181287482,1.90567181287482,17.1510463158733,88.8840747684845,799.95667291636,44.4420373842422,199.98916822909,308.872159820484,154.436079910242,5580.17471537658,4743.14850807009,0.85,0.29875,0.196539057804273,0.285,0.29875,0.0860501220604125,0.163179916317992,0.163179916317992,0.768096397134779
5150,0.345,balanced,1,7,1,OK,0.0470717295245028,0,0.100406110081232,0.040295345135814,0.076546524184121,0.00975053081202331,1,0.301678921568627,0.301678921568627,0.197625335201644,0.285,5580.17471537658,4743.14850807009,172.590436443659,38.3016802473612,6.80163023260577,2.21052982559688,4.89589044101717,7.949405334358,20.9289984490278,22.1529710592821,0.804657148053808,0.0173581920918428,0.0440567316517357,0.415444276522037,0.0250621172949062,16.5765833601966,0.773098996051148,90605.5808037558,45739.1586936278,21586.422110128,22320,960,10798.6090756507,2715.70226425648,3778.96377262482,9724.63215235247,36.9844092283512,23.6649041014047,60.6493133297559,0.35140599085022,22.8470289407179,22.3470289407179,21.902486515703,0.198837796393357,0.131162203606643,22.5446422945635,4.76,23.80720723967,1.904720723967,17.142486515703,88.8840747684845,799.95667291636,44.4420373842422,199.98916822909,306.650057951271,153.325028975636,5580.17471537658,4743.14850807009,0.85,0.301678921568627,0.19661656293791,0.285,0.301678921568627,0.0770898291394362,0.143599951253199,0.143599951253199,0.754684319799387
5025,0.3475,balanced,1,7,1,OK,0.047210385540696,0,0.129373975993338,0.0199357294562027,0.0646786581866093,0.0152361490843275,1,0.294356617647059,0.294356617647059,0.198947045559894,0.285,5580.17471537658,4743.14850807009,176.883730882556,38.7751429720346,6.88570796395732,2.23785508828613,4.95641054386739,8.04767118287511,20.9433061460981,22.182408782065,0.814603843950307,0.0171518967636474,0.0440567316517357,0.405360677577327,0.0244911790270313,16.5512929014125,0.773098996051148,90605.5808037558,45739.1586936278,21586.422110128,22320,960,10942.2539520367,2782.08051064765,3747.78295233056,9700.26181933156,38.4224776581936,24.5857785902492,63.0082562484429,0.356212840683906,22.817591217935,22.317591217935,21.9300192650216,0.199078165577785,0.130921834422215,22.5789216255744,4.76,23.8377991833574,1.90777991833574,17.1700192650216,88.8840747684845,799.95667291636,44.4420373842422,199.98916822909,308.872159820484,154.436079910242,5580.17471537658,4743.14850807009,0.85,0.294356617647059,0.196409034432481,0.285,0.294356617647059,0.0994905614418771,0.180540810591395,0.180540810591395,0.769266882269911
5175,0.3425,balanced,1,7,1,OK,0.0472218897650905,3.53394782830836e-06,0.0963713791348781,0.0446007527677015,0.0789663512228401,0.00548410679086874,1,0.303143382352941,0.303143382352941,0.197379086157536,0.285,5580.17471537658,4743.14850807009,171.756666219294,38.2090521063268,6.78518128414238,2.20518391734627,4.88405030169872,7.93018062584141,20.9290640083458,22.1500765837705,0.802711178704344,0.0173966265793606,0.0440567316517357,0.417460996310979,0.0251745554846783,16.5826561094615,0.773098996051148,90605.5808037558,45739.1586936278,21586.422110128,22320,960,10781.0180675257,2705.7376579009,3788.82823746639,9693.45405168342,36.7120791692145,23.490583970114,60.2026631393285,0.350511362758192,22.8499234162295,22.3499234162295,21.9001923463717,0.198836678174295,0.131163321825705,22.5408006079064,4.76,23.8046581626353,1.90446581626353,17.1401923463717,88.8840747684845,799.95667291636,44.4420373842422,199.98916822909,304.427956082059,152.21397804103,5580.17471537658,4743.14850807009,0.85,0.303143382352941,0.196647160330748,0.285,0.303143382352941,0.072609682678948,0.129828391243709,0.129828391243709,0.741698173642257
4950,0.3325,balanced,1,4,1,OK,0.0472767708099643,0,0.156081824426823,0.00360977251593466,0.0594776210591773,0.00479529694780308,1,0.289963235294118,0.289963235294118,0.199814942137149,0.285,5580.17471537658,4743.14850807009,179.56378741108,39.067789712168,6.9376763084871,2.25474480025831,4.99381794658081,8.10840918554429,20.9809551317962,22.2294096184414,0.820751884709411,0.0170059794087016,0.0440567316517357,0.399310518210501,0.0241307763655518,16.5477692122887,0.773098996051148,90605.5808037558,45739.1586936278,21586.422110128,22320,960,11119.4302770114,2849.21765700507,3758.68273233379,9391.05029380352,39.3801324034046,25.1997281304422,64.5798605338468,0.359648576502803,22.7705903815586,22.2705903815586,21.9749619315895,0.199047464370201,0.130952535629799,22.6289150541678,4.76,23.8877354795439,1.91277354795439,17.2149619315895,88.8840747684845,799.95667291636,44.4420373842422,199.98916822909,295.539548605211,147.769774302605,5580.17471537658,4743.14850807009,0.85,0.289963235294118,0.196158659472646,0.285,0.289963235294118,0.112931000823342,0.146697096487891,0.146697096487891,0.695056445093449
4950,0.34,balanced,1,5,1,OK,0.0476909609260531,0,0.154060927214362,0.00581685752159193,0.0597782271675707,0.00718666485100697,1,0.289963235294118,0.289963235294118,0.199814942137149,0.285,5580.17471537658,4743.14850807009,179.56378741108,39.067789712168,6.9376763084871,2.25474480025831,4.99381794658081,8.10840918554429,20.9692068595101,22.2176613461553,0.820751884709411,0.0170163767071638,0.0440567316517357,0.399310518210501,0.024141173664014,16.5406422971777,0.773098996051148,90605.5808037558,45739.1586936278,21586.422110128,22320,960,11078.7805633076,2837.54640897958,3744.94197645272,9525.18467925321,39.3598250712574,25.186441676439,64.5462667476963,0.35946149097384,22.7823386538447,22.2823386538447,21.962845242568,0.198973689807463,0.131026310192537,22.6171667818818,4.76,23.8742724917423,1.91142724917423,17.202845242568,88.8840747684845,799.95667291636,44.4420373842422,199.98916822909,302.205854212847,151.102927106424,5580.17471537658,4743.14850807009,0.85,0.289963235294118,0.196235610641878,0.285,0.289963235294118,0.112931000823342,0.172562444528972,0.172562444528972,0.732611114200301
4975,0.3275,balanced,1,3,1,OK,0.0478791543350508,0.00464576544724181,0.149451346824109,0.00754978623178523,0.0617961961747747,0.00130439780558257,1,0.291427696078431,0.291427696078431,0.19951925523692,0.285,5580.17471537658,4743.14850807009,178.661456821074,38.969505808762,6.92022300710534,2.24907247730924,4.98125486266167,8.08801063955437,20.9862055276644,22.2315192433298,0.81868709682273,0.0170407072656654,0.0440567316517357,0.401327237999443,0.024236640953254,16.5586988218993,0.773098996051148,90605.5808037558,45739.1586936278,21586.422110128,22320,960,11114.2788057844,2842.3903857378,3773.53880317797,9314.57494910539,39.0872917728371,25.0123886060086,64.0996803788457,0.358777329589561,22.7684807566702,22.2684807566702,21.976987219488,0.198902027529296,0.131097972470704,22.6300196323427,4.76,23.8899857994311,1.91299857994311,17.216987219488,88.8840747684845,799.95667291636,44.4420373842422,199.98916822909,291.095344866787,145.547672433393,5580.17471537658,4743.14850807009,0.85,0.291427696078431,0.196136947529611,0.285,0.291427696078431,0.108450854362853,0.12377788524211,0.12377788524211,0.669751691993458
5125,0.3475,balanced,1,7,1,OK,0.0479560313376022,0,0.104850750188853,0.0388554898485585,0.0742049944732031,0.0152361490843275,1,0.300214460784314,0.300214460784314,0.197877686240692,0.285,5580.17471537658,4743.14850807009,173.432341011677,38.3949853314109,6.81819939292535,2.21591480270074,4.9078171101906,7.9687705404815,20.9289749585217,22.1559292360694,0.806617338895186,0.0173197477305157,0.0440567316517357,0.413427556733095,0.0249500276027642,16.5702244228095,0.773098996051148,90605.5808037558,45739.1586936278,21586.422110128,22320,960,10816.3997295498,2725.77889405786,3769.10684102146,9755.45373037309,37.2601809665846,23.8414289302553,61.1016098968399,0.352308050161913,22.8440707639306,22.3440707639306,21.9048433693061,0.198839604018263,0.131160395981737,22.5485546048846,4.76,23.8098259658956,1.90498259658957,17.1448433693061,88.8840747684845,799.95667291636,44.4420373842422,199.98916822909,308.872159820484,154.436079910242,5580.17471537658,4743.14850807009,0.85,0.300214460784314,0.196589060170468,0.285,0.300214460784314,0.0815699755999244,0.157505867945709,0.157505867945709,0.767646682367131
4975,0.345,balanced,1,6,1,OK,0.047982982015868,0,0.144753625162472,0.0126996512449856,0.0613441825623122,0.0109802406955511,1,0.291427696078431,0.291427696078431,0.19951925523692,0.285,5580.17471537658,4743.14850807009,178.661456821074,38.969505808762,6.92022300710534,2.24907247730924,4.98125486266167,8.08801063955437,20.9565047135517,22.2018184292171,0.81868709682273,0.0170649242549804,0.0440567316517357,0.401327237999443,0.024260857942569,16.542170064615,0.773098996051148,90605.5808037558,45739.1586936278,21586.422110128,22320,960,11019.6150021379,2815.03250962177,3741.39838790151,9627.96291441427,39.0363699752582,24.9790725124005,64.0154424876587,0.358305835106723,22.7981815707829,22.2981815707829,21.9477693390634,0.198998977735909,0.131001022264091,22.60031881823,4.76,23.8575214878482,1.90975214878482,17.1877693390634,88.8840747684845,799.95667291636,44.4420373842422,199.98916822909,306.650057951271,153.325028975636,5580.17471537658,4743.14850807009,0.85,0.291427696078431,0.196315278583522,0.285,0.291427696078431,0.108450854362853,0.183827085216879,0.183827085216879,0.757377227535654
5175,0.34,balanced,1,7,1,OK,0.0480215743173853,0.00850460035052918,0.0970394591881639,0.0408170721379417,0.0787038009099206,0.00243687702086379,1,0.303143382352941,0.303143382352941,0.197379086157536,0.285,5580.17471537658,4743.14850807009,171.756666219294,38.2090521063268,6.78518128414238,2.20518391734627,4.88405030169872,7.93018062584141,20.932599471909,22.1536120473337,0.802711178704344,0.0173929702406147,0.0440567316517357,0.417460996310979,0.0251708991459324,16.585064915269,0.773098996051148,90605.5808037558,45739.1586936278,21586.422110128,22320,960,10794.3015191773,2709.43088707802,3793.49650871808,9648.68215658405,36.7177603394066,23.4943004590554,60.212060798462,0.350566077718259,22.8463879526663,22.3463879526663,21.9040071735568,0.198893877343949,0.131106122656051,22.5443360714696,4.76,23.8088968595075,1.90488968595075,17.1440071735568,88.8840747684845,799.95667291636,44.4420373842422,199.98916822909,302.205854212847,151.102927106424,5580.17471537658,4743.14850807009,0.85,0.303143382352941,0.196621276057152,0.285,0.303143382352941,0.072609682678948,0.121581468679886,0.121581468679886,0.7292126611017
4950,0.33,balanced,1,3,1,OK,0.0481688651702362,0,0.156745112271743,0.00592206314192298,0.0600730184418885,0.00481637963415074,1,0.289963235294118,0.289963235294118,0.199814942137149,0.285,5580.17471537658,4743.14850807009,179.56378741108,39.067789712168,6.9376763084871,2.25474480025831,4.99381794658081,8.10840918554429,20.9863041583042,22.2347586449494,0.820751884709411,0.017002610487918,0.0440567316517357,0.399310518210501,0.0241274074447682,16.5500797847673,0.773098996051148,90605.5808037558,45739.1586936278,21586.422110128,22320,960,11133.0501614469,2853.28231025945,3763.2866394737,9345.95377027625,39.3893853416376,25.2057821413383,64.5951674829759,0.359733821692548,22.7652413550506,22.2652413550506,21.9796362082683,0.198912347344224,0.131087652655776,22.6342640806759,4.76,23.8929291202982,1.91329291202982,17.2196362082683,88.8840747684845,799.95667291636,44.4420373842422,199.98916822909,293.317446735999,146.658723367999,5580.17471537658,4743.14850807009,0.85,0.289963235294118,0.196133725842598,0.285,0.289963235294118,0.112931000823342,0.138075313807531,0.138075313807531,0.682525524778089
4975,0.3425,balanced,1,1,1,OK,0.04825537262324,0,0.144992413363803,0.00739197780128877,0.0764873457577224,0.00679211225485208,1,0.291427696078431,0.291427696078431,0.19951925523692,0.285,5580.17471537658,4743.14850807009,178.661456821074,38.969505808762,6.92022300710534,2.24907247730924,4.98125486266167,8.08801063955437,20.9875751700437,22.2328888857091,0.81868709682273,0.0170636662780357,0.0440567316517357,0.401327237999443,0.0242595999656243,16.5430278556992,0.773098996051148,90605.5808037558,45739.1586936278,21586.422110128,22320,960,11032.2927546815,2821.56862756135,3745.70275996165,9583.12051095563,39.0896432179123,25.0139271094663,64.1035703273786,0.358799102324442,22.7671111142909,22.2671111142909,21.9633436629144,0.195888088398134,0.134111911601866,22.6313892747221,4.76,23.8748262921271,1.91148262921271,17.2033436629144,88.8840747684845,799.95667291636,44.4420373842422,199.98916822909,304.427956082059,152.21397804103,5580.17471537658,4743.14850807009,0.85,0.291427696078431,0.196306014989628,0.285,0.291427696078431,0.108450854362853,0.175248628077627,0.175248628077627,0.744724938856792
5000,0.3475,balanced,1,7,1,OK,0.0483595923921914,0,0.136542503007784,0.0189444184053885,0.0625279731238799,0.0153103827947132,1,0.292892156862745,0.292892156862745,0.199229816485383,0.285,5580.17471537658,4743.14850807009,177.768149536969,38.8719599591304,6.9029007696569,2.24344275013849,4.96878612004548,8.06776527453649,20.9469883306673,22.1891848606787,0.816637814267445,0.017110037199531,0.0440567316517357,0.403343957788385,0.0243774659892975,16.5457705064778,0.773098996051148,90605.5808037558,45739.1586936278,21586.422110128,22320,960,10974.1995819975,2796.48686281742,3742.35680451908,9686.21750163461,38.7225054699094,24.7779253161611,63.5004307860705,0.357209269216502,22.8108151393213,22.3108151393213,21.9364678103354,0.199139076579743,0.130860923420257,22.5866877502823,4.76,23.844964233706,1.9084964233706,17.1764678103354,88.8840747684845,799.95667291636,44.4420373842422,199.98916822909,308.872159820484,154.436079910242,5580.17471537658,4743.14850807009,0.85,0.292892156862745,0.196372534603317,0.285,0.292892156862745,0.103970707902365,0.186443514644351,0.186443514644351,0.769595736501382
5175,0.345,balanced,1,8,1,OK,0.0488288654877789,0,0.0957477335794197,0.0499084262113983,0.0778571214880305,0.00975053081202331,1,0.303143382352941,0.303143382352941,0.197379086157536,0.285,5580.17471537658,4743.14850807009,171.756666219294,38.2090521063268,6.78518128414238,2.20518391734627,4.88405030169872,7.93018062584141,20.9228624906359,22.1438750660605,0.802711178704344,0.0174000626615556,0.0440567316517357,0.417460996310979,0.0251779915668733,16.5803930469272,0.773098996051148,90605.5808037558,45739.1586936278,21586.422110128,22320,960,10767.8502949038,2701.80419889725,3784.20061988687,9738.10844276586,36.7021181364588,23.4840677570879,60.1861858935467,0.350415429097249,22.8561249339395,22.3561249339395,21.895261315791,0.199096807994992,0.130903192005008,22.5345990901964,4.76,23.7991792397678,1.90391792397678,17.135261315791,88.8840747684845,799.95667291636,44.4420373842422,199.98916822909,306.650057951271,153.325028975636,5580.17471537658,4743.14850807009,0.85,0.303143382352941,0.196671485344872,0.285,0.303143382352941,0.072609682678948,0.138075313807531,0.138075313807531,0.754194307298936
4950,0.3425,balanced,1,5,1,OK,0.048956053111545,0,0.153388262102514,0.00960053815135174,0.0602324372131111,0.010221783147277,1,0.289963235294118,0.289963235294118,0.199814942137149,0.285,5580.17471537658,4743.14850807009,179.56378741108,39.067789712168,6.9376763084871,2.25474480025831,4.99381794658081,8.10840918554429,20.9660318955494,22.2144863821946,0.820751884709411,0.0170198833041181,0.0440567316517357,0.399310518210501,0.0241446802609683,16.5382400551403,0.773098996051148,90605.5808037558,45739.1586936278,21586.422110128,22320,960,11065.3174978876,2833.75957569965,3740.39107858675,9569.53094285759,39.3543406205578,25.1828534241782,64.537194044736,0.35941096462278,22.7855136178054,22.2855136178054,21.9591446376189,0.198868431467249,0.131131568532751,22.6139918179211,4.76,23.8701607084655,1.91101607084655,17.1991446376189,88.8840747684845,799.95667291636,44.4420373842422,199.98916822909,304.427956082059,152.21397804103,5580.17471537658,4743.14850807009,0.85,0.289963235294118,0.196261563223372,0.285,0.289963235294118,0.112931000823342,0.181184227209332,0.181184227209332,0.745120105917985
5150,0.3475,balanced,1,8,1,OK,0.049228957572839,0,0.0997866084611942,0.0471270113934479,0.0754356674539586,0.0152361490843275,1,0.301678921568627,0.301678921568627,0.197625335201644,0.285,5580.17471537658,4743.14850807009,172.590436443659,38.3016802473612,6.80163023260577,2.21052982559688,4.89589044101717,7.949405334358,20.9228035342434,22.1467761444977,0.804657148053808,0.0173615985267216,0.0440567316517357,0.415444276522037,0.025065523729785,16.5743305825432,0.773098996051148,90605.5808037558,45739.1586936278,21586.422110128,22320,960,10785.4741499933,2711.76857104708,3774.36721691402,9769.0689861323,36.9743837166347,23.6583456709413,60.632729387576,0.351309902431176,22.8532238555023,22.3532238555023,21.8975642579216,0.199097740323544,0.130902259676456,22.5384473797791,4.76,23.8017380643573,1.90417380643573,17.1375642579216,88.8840747684845,799.95667291636,44.4420373842422,199.98916822909,308.872159820484,154.436079910242,5580.17471537658,4743.14850807009,0.85,0.301678921568627,0.196640795133904,0.285,0.301678921568627,0.0770898291394362,0.151886907421701,0.151886907421701,0.767181625579613
4950,0.3275,balanced,1,3,1,OK,0.0493061551115,3.58353874765085e-05,0.15746096348502,0.00975834658184832,0.0592283196374658,0.00482621589938205,1,0.289963235294118,0.289963235294118,0.199814942137149,0.285,5580.17471537658,4743.14850807009,179.56378741108,39.067789712168,6.9376763084871,2.25474480025831,4.99381794658081,8.10840918554429,20.9887802768705,22.2372347635157,0.820751884709411,0.0169989980378729,0.0440567316517357,0.399310518210501,0.0241237949947231,16.5525580986676,0.773098996051148,90605.5808037558,45739.1586936278,21586.422110128,22320,960,11146.7996905595,2857.07262828591,3767.93437019063,9300.74100865037,39.3936700929561,25.208585589359,64.6022556823151,0.359773296240514,22.7627652364843,22.2627652364843,21.9830929053878,0.199108705834587,0.130891294165413,22.6367401992422,4.76,23.8967698948753,1.91367698948753,17.2230929053878,88.8840747684845,799.95667291636,44.4420373842422,199.98916822909,291.095344866787,145.547672433393,5580.17471537658,4743.14850807009,0.85,0.289963235294118,0.196106989834609,0.285,0.289963235294118,0.112931000823342,0.129453531127171,0.129453531127171,0.670006766593097
5075,0.35,balanced,1,7,1,OK,0.0494328786480515,0,0.115631151980978,0.0348408304259329,0.0695133820898392,0.0219409616077813,1,0.297285539215686,0.297285539215686,0.198400102398024,0.285,5580.17471537658,4743.14850807009,175.14103402657,38.5836596142181,6.85170426001654,2.22680388450538,4.93193429282323,8.00792935389433,20.9325511722545,22.1655347454604,0.810581084332314,0.0172392906864884,0.0440567316517357,0.409394117155211,0.0247233550114256,16.5590032973281,0.773098996051148,90605.5808037558,45739.1586936278,21586.422110128,22320,960,10865.7397740382,2749.96353013811,3753.958129185,9772.12554197858,37.8280840898797,24.2050372439156,62.0331213337953,0.354189534614626,22.8344652545396,22.3344652545396,21.9135199279955,0.198901424369839,0.131098575630161,22.5600894888862,4.76,23.8194665866617,1.90594665866617,17.1535199279955,88.8840747684845,799.95667291636,44.4420373842422,199.98916822909,311.094261689696,155.547130844848,5580.17471537658,4743.14850807009,0.85,0.297285539215686,0.196517976345484,0.285,0.297285539215686,0.0905302685209007,0.177319290145722,0.177319290145722,0.78100755212689
5050,0.35,balanced,1,7,1,OK,0.0494997534700624,0,0.12196755465209,0.0308186649322308,0.0671729857982708,0.0219409616077813,1,0.295821078431373,0.295821078431373,0.198670338117727,0.285,5580.17471537658,4743.14850807009,176.008068848484,38.6790458156883,6.86864298613777,2.23230897049477,4.94412697964445,8.02772649004852,20.936147620531,22.1721793654421,0.812584996127906,0.0171973278485626,0.0440567316517357,0.407377397366269,0.0246088219570035,16.5541202288366,0.773098996051148,90605.5808037558,45739.1586936278,21586.422110128,22320,960,10897.2792831371,2764.08858165559,3748.62175280633,9758.23414039202,38.1204257629196,24.3922567109287,62.5126824738482,0.355169412873123,22.8278206345579,22.3278206345579,21.9198372907248,0.198961247201744,0.131038752798256,22.5677095238136,4.76,23.8264858785831,1.90664858785831,17.1598372907248,88.8840747684845,799.95667291636,44.4420373842422,199.98916822909,311.094261689696,155.547130844848,5580.17471537658,4743.14850807009,0.85,0.295821078431373,0.19647459769674,0.285,0.295821078431373,0.0950104149813889,0.183147603463275,0.183147603463275,0.781400771921816
5100,0.35,balanced,1,7,1,OK,0.0498852399976037,0,0.109708285838939,0.0403179408344353,0.0719437985845587,0.0219409616077813,1,0.29875,0.29875,0.198135752702295,0.285,5580.17471537658,4743.14850807009,174.282499546048,38.4889756442206,6.83489023648757,2.22133932685846,4.91983136833964,7.98827796389484,20.9289938649391,22.158951707024,0.808591925298752,0.0172812942231829,0.0440567316517357,0.411410836944153,0.0248382871360561,16.5635752051089,0.773098996051148,90605.5808037558,45739.1586936278,21586.422110128,22320,960,10834.3913912634,2735.9689554036,3759.25692291312,9785.91911019386,37.5394551607757,24.0201974133889,61.5596525741646,0.353217636506869,22.841048292976,22.341048292976,21.907263478477,0.198842102563387,0.131157897436613,22.5525382164912,4.76,23.8125149760856,1.90525149760856,17.147263478477,88.8840747684845,799.95667291636,44.4420373842422,199.98916822909,311.094261689696,155.547130844848,5580.17471537658,4743.14850807009,0.85,0.29875,0.196564702765719,0.285,0.29875,0.0860501220604125,0.171548117154812,0.171548117154812,0.780584179536834
5025,0.35,balanced,1,7,1,OK,0.0500978514745301,0,0.128719514302742,0.0282913885277735,0.0649248792379805,0.0219409616077813,1,0.294356617647059,0.294356617647059,0.198947045559894,0.285,5580.17471537658,4743.14850807009,176.883730882556,38.7751429720346,6.88570796395732,2.23785508828613,4.95641054386739,8.04767118287511,20.9397837783183,22.1788864142851,0.814603843950307,0.0171554062627499,0.0440567316517357,0.405360677577327,0.0244946885261339,16.5489214996483,0.773098996051148,90605.5808037558,45739.1586936278,21586.422110128,22320,960,10929.0116347707,2778.34589279899,3743.2473848765,9744.24384100355,38.4165472684772,24.581898848586,62.9984461170631,0.356157379781251,22.8211135857149,22.3211135857149,21.9262164238063,0.199021577562532,0.130978422437468,22.5753992577945,4.76,23.8335738042292,1.90735738042292,17.1662164238063,88.8840747684845,799.95667291636,44.4420373842422,199.98916822909,311.094261689696,155.547130844848,5580.17471537658,4743.14850807009,0.85,0.294356617647059,0.196434620820443,0.285,0.294356617647059,0.0994905614418771,0.189033909948167,0.189033909948167,0.781763309024472
4975,0.3475,balanced,1,6,1,OK,0.0503318629135492,0,0.144093949388616,0.0195313175026195,0.0616769043793504,0.0164577954643881,1,0.291427696078431,0.291427696078431,0.19951925523692,0.285,5580.17471537658,4743.14850807009,178.661456821074,38.969505808762,6.92022300710534,2.24907247730924,4.98125486266167,8.08801063955437,20.9531280505507,22.1984417662161,0.81868709682273,0.0170684153564045,0.0440567316517357,0.401327237999443,0.0242643490439931,16.5397900133981,0.773098996051148,90605.5808037558,45739.1586936278,21586.422110128,22320,960,11006.2800491591,2811.26899317871,3736.8708820342,9672.0184711409,39.0305891130542,24.9752904488753,64.0058795619295,0.358252309707908,22.8015582337839,22.3015582337839,21.9440087655174,0.198921906685428,0.131078093314572,22.5969421552291,4.76,23.8533430727972,1.90933430727972,17.1840087655174,88.8840747684845,799.95667291636,44.4420373842422,199.98916822909,308.872159820484,154.436079910242,5580.17471537658,4743.14850807009,0.85,0.291427696078431,0.196340986642777,0.285,0.291427696078431,0.108450854362853,0.192405542356132,0.192405542356132,0.769880074160175
5200,0.3425,balanced,1,8,1,OK,0.0503559378908925,0.00376787322334218,0.0921164218572325,0.0555196381453257,0.0803556979412605,0.00548410679086874,1,0.304607843137255,0.304607843137255,0.197138388464386,0.285,5580.17471537658,4743.14850807009,170.930913016316,38.1170927621545,6.76885110093753,2.1998766078047,4.87229565095786,7.91109472422074,20.9229645185085,22.141038431248,0.800779259709128,0.0174385164896771,0.0440567316517357,0.419477716099921,0.0252908074686887,16.5861733208501,0.773098996051148,90605.5808037558,45739.1586936278,21586.422110128,22320,960,10750.42436174,2691.95046386499,3794.04185229733,9706.79272333581,36.4332361117453,23.3119573011595,59.7451934129048,0.349528311518478,22.858961568752,22.358961568752,21.8930209482635,0.199096380689521,0.130903619310479,22.5308220833246,4.76,23.796689942515,1.9036689942515,17.1330209482635,88.8840747684845,799.95667291636,44.4420373842422,199.98916822909,304.427956082059,152.21397804103,5580.17471537658,4743.14850807009,0.85,0.304607843137255,0.196705221604821,0.285,0.304607843137255,0.0681295362184599,0.124396523978114,0.124396523978114,0.741184078418006
4925,0.335,balanced,1,4,1,OK,0.0503630856650549,0,0.163818270156979,0.00669639289855045,0.0578526129379177,0.0107234500447744,1,0.288498774509804,0.288498774509804,0.20011750097076,0.285,5580.17471537658,4743.14850807009,180.475278717735,39.166821023677,6.95526233494819,2.26046025885816,5.00647656751459,8.1289628539707,20.9811167501784,22.2327358920571,0.822832374446996,0.0169678472595391,0.0440567316517357,0.397293798421559,0.0240218658570904,16.5388401044747,0.773098996051148,90605.5808037558,45739.1586936278,21586.422110128,22320,960,11138.4528486586,2860.23652639494,3748.46888233451,9421.82283163638,39.686158584192,25.3956405473784,65.0817991315704,0.360613373720613,22.7672641079429,22.2672641079429,21.977694062266,0.199057620393965,0.130942379606035,22.6332540174582,4.76,23.8907711802956,1.91307711802956,17.217694062266,88.8840747684845,799.95667291636,44.4420373842422,199.98916822909,297.761650474423,148.880825237211,5580.17471537658,4743.14850807009,0.85,0.288498774509804,0.196158872906125,0.285,0.288498774509804,0.11741114728383,0.161183442006669,0.161183442006669,0.707799372197248
4925,0.3375,balanced,1,4,1,OK,0.050549811856683,0,0.163131491693587,0.00743208790043618,0.0584683049574173,0.0113170654406153,1,0.288498774509804,0.288498774509804,0.20011750097076,0.285,5580.17471537658,4743.14850807009,180.475278717735,39.166821023677,6.95526233494819,2.26046025885816,5.00647656751459,8.1289628539707,20.978232830891,22.2298519727696,0.822832374446996,0.0169713769554187,0.0440567316517357,0.397293798421559,0.02402539555297,16.5364102974133,0.773098996051148,90605.5808037558,45739.1586936278,21586.422110128,22320,960,11124.8573090676,2856.43509442271,3743.89352004788,9466.46183097952,39.6811321927057,25.3923518859155,65.0734840786212,0.360567300635101,22.7701480272304,22.2701480272304,21.9740917764627,0.198914132952002,0.131085867047998,22.6303700981708,4.76,23.8867686405141,1.91267686405141,17.2140917764627,88.8840747684845,799.95667291636,44.4420373842422,199.98916822909,299.983752343635,149.991876171818,5580.17471537658,4743.14850807009,0.85,0.288498774509804,0.196185129051254,0.285,0.288498774509804,0.11741114728383,0.169848990081346,0.169848990081346,0.720313877163578
5125,0.35,balanced,1,8,1,OK,0.0506628821149462,0,0.104235828632276,0.0472111489201293,0.0730933241770409,0.0219409616077813,1,0.300214460784314,0.300214460784314,0.197877686240692,0.285,5580.17471537658,4743.14850807009,173.432341011677,38.3949853314109,6.81819939292535,2.21591480270074,4.9078171101906,7.9687705404815,20.9227879824605,22.1497422600082,0.806617338895186,0.0173231248063128,0.0440567316517357,0.413427556733095,0.0249534046785613,16.5679818869884,0.773098996051148,90605.5808037558,45739.1586936278,21586.422110128,22320,960,10803.29726693,2721.84496396274,3764.54112759283,9799.6747008911,37.2500923343119,23.8348291696721,61.0849215039839,0.352211825935459,22.8502577399918,22.3502577399918,21.899930339221,0.199099178885771,0.130900821114229,22.5423676288234,4.76,23.8043670435789,1.90443670435789,17.139930339221,88.8840747684845,799.95667291636,44.4420373842422,199.98916822909,311.094261689696,155.547130844848,5580.17471537658,4743.14850807009,0.85,0.300214460784314,0.196613200703192,0.285,0.300214460784314,0.0815699755999244,0.165833248290642,0.165833248290642,0.780144968640033
4925,0.3325,balanced,1,3,1,OK,0.0508256824496992,0,0.164472572000919,0.00748469071060175,0.058438438111377,0.0107517043491732,1,0.288498774509804,0.288498774509804,0.20011750097076,0.285,5580.17471537658,4743.14850807009,180.475278717735,39.166821023677,6.95526233494819,2.26046025885816,5.00647656751459,8.1289628539707,20.9864345454298,22.2380536873085,0.822832374446996,0.016964506179729,0.0440567316517357,0.397293798421559,0.0240185247772803,16.5411407280671,0.773098996051148,90605.5808037558,45739.1586936278,21586.422110128,22320,960,11152.0381121908,2864.29873772561,3753.04078637727,9376.95391961988,39.6954303249634,25.401706900015,65.0971372249784,0.360698360947213,22.7619463126915,22.2619463126915,21.982348652322,0.198925150944346,0.131074849055654,22.6385718127096,4.76,23.8959429470244,1.91359429470244,17.222348652322,88.8840747684845,799.95667291636,44.4420373842422,199.98916822909,295.539548605211,147.769774302605,5580.17471537658,4743.14850807009,0.85,0.288498774509804,0.196134019808471,0.285,0.288498774509804,0.11741114728383,0.152517893931992,0.152517893931992,0.695269389393502
4925,0.34,balanced,1,5,1,OK,0.0511024469632086,0,0.162494398461862,0.00969177571625901,0.0577038713511433,0.0131155214264913,1,0.288498774509804,0.288498774509804,0.20011750097076,0.285,5580.17471537658,4743.14850807009,180.475278717735,39.166821023677,6.95526233494819,2.26046025885816,5.00647656751459,8.1289628539707,20.9725931342596,22.2242122761383,0.822832374446996,0.016974672544944,0.0440567316517357,0.397293798421559,0.0240286911424952,16.5341422912102,0.773098996051148,90605.5808037558,45739.1586936278,21586.422110128,22320,960,11111.3869620082,2852.37067587215,3739.36028931355,9510.98777015375,39.6713064272802,25.3859231497842,65.0572295770644,0.360477235659597,22.7757877238617,22.2757877238617,21.9693226608554,0.199088023913515,0.130911976086485,22.6247304015394,4.76,23.8814696231727,1.91214696231727,17.2093226608554,88.8840747684845,799.95667291636,44.4420373842422,199.98916822909,302.205854212847,151.102927106424,5580.17471537658,4743.14850807009,0.85,0.288498774509804,0.19620964376295,0.285,0.288498774509804,0.11741114728383,0.178514538156022,0.178514538156022,0.732840412323308
5175,0.3475,balanced,1,8,1,OK,0.0511602560533467,0,0.0950934312610996,0.0567400924690322,0.0780499410780071,0.0152361490843275,1,0.303143382352941,0.303143382352941,0.197379086157536,0.285,5580.17471537658,4743.14850807009,171.756666219294,38.2090521063268,6.78518128414238,2.20518391734627,4.88405030169872,7.93018062584141,20.9192340382348,22.1402466136595,0.802711178704344,0.01740369192392,0.0440567316517357,0.417460996310979,0.0251816208292376,16.5780034232855,0.773098996051148,90605.5808037558,45739.1586936278,21586.422110128,22320,960,10754.672567422,2698.13046673795,3779.56950382011,9782.53389210208,36.6962925316754,23.4802568553948,60.1765493870701,0.350359323522492,22.8597533863405,22.3597533863405,21.8914291235922,0.199055092659301,0.130944907340699,22.5309706377954,4.76,23.7949212484357,1.90349212484357,17.1314291235922,88.8840747684845,799.95667291636,44.4420373842422,199.98916822909,308.872159820484,154.436079910242,5580.17471537658,4743.14850807009,0.85,0.303143382352941,0.196697177936975,0.285,0.303143382352941,0.072609682678948,0.146322236371354,0.146322236371354,0.766675066946534
5200,0.345,balanced,1,8,1,OK,0.051233924507266,0,0.0914587504260754,0.0608273115890225,0.0805508862777091,0.00975053081202331,1,0.304607843137255,0.304607843137255,0.197138388464386,0.285,5580.17471537658,4743.14850807009,170.930913016316,38.1170927621545,6.76885110093753,2.1998766078047,4.87229565095786,7.91109472422074,20.9193257016451,22.1373996143846,0.800779259709128,0.0174421746032124,0.0440567316517357,0.419477716099921,0.0252944655822239,16.5837746101549,0.773098996051148,90605.5808037558,45739.1586936278,21586.422110128,22320,960,10737.2142507089,2688.27568379417,3789.37973734828,9751.43617365095,36.4274373893028,23.3081640060202,59.735601395323,0.349472195176427,22.8626003856154,22.3626003856154,21.8891779323991,0.199054470465746,0.130945529534254,22.5271832664612,4.76,23.7924199248879,1.90324199248879,17.1291779323991,88.8840747684845,799.95667291636,44.4420373842422,199.98916822909,306.650057951271,153.325028975636,5580.17471537658,4743.14850807009,0.85,0.304607843137255,0.196730993938633,0.285,0.304607843137255,0.0681295362184599,0.132603797875764,0.132603797875764,0.753663686097254
5000,0.35,balanced,1,7,1,OK,0.0512466008737223,0,0.135889282389813,0.0273000774769593,0.0627713900696899,0.0220115679686186,1,0.292892156862745,0.292892156862745,0.199229816485383,0.285,5580.17471537658,4743.14850807009,177.768149536969,38.8719599591304,6.9029007696569,2.24344275013849,4.96878612004548,8.06776527453649,20.9434602246692,22.1856567546806,0.816637814267445,0.0171135264928662,0.0440567316517357,0.403343957788385,0.0243809552826327,16.5434025497639,0.773098996051148,90605.5808037558,45739.1586936278,21586.422110128,22320,960,10960.9385642803,2792.73727871679,3737.83461048406,9730.15356373537,38.716517258794,24.7740076948371,63.4905249536312,0.357153545891119,22.8143432453194,22.3143432453194,21.9326582001676,0.199082422064354,0.130917577935646,22.5831596442842,4.76,23.8407313335195,1.90807313335196,17.1726582001676,88.8840747684845,799.95667291636,44.4420373842422,199.98916822909,311.094261689696,155.547130844848,5580.17471537658,4743.14850807009,0.85,0.292892156862745,0.196398100874294,0.285,0.292892156862745,0.103970707902365,0.194979079497908,0.194979079497908,0.782094625365136
4925,0.33,balanced,1,3,1,OK,0.0515266012716217,0,0.165178852946269,0.00979698133659007,0.0576002276049728,0.0107648992557558,1,0.288498774509804,0.288498774509804,0.20011750097076,0.285,5580.17471537658,4743.14850807009,180.475278717735,39.166821023677,6.95526233494819,2.26046025885816,5.00647656751459,8.1289628539707,20.9889031911334,22.240522333012,0.822832374446996,0.0169609229990484,0.0440567316517357,0.397293798421559,0.0240149415965996,16.543608770542,0.773098996051148,90605.5808037558,45739.1586936278,21586.422110128,22320,960,11165.7523873674,2868.08784254999,3757.65610723392,9331.970595712,39.6997359577621,25.4045240287698,65.1042599865319,0.360737827635416,22.759477666988,22.259477666988,21.9857951824459,0.199120474822757,0.130879525177243,22.6410404584132,4.76,23.8997724249399,1.91397724249399,17.2257951824459,88.8840747684845,799.95667291636,44.4420373842422,199.98916822909,293.317446735999,146.658723367999,5580.17471537658,4743.14850807009,0.85,0.288498774509804,0.196107365809037,0.285,0.288498774509804,0.11741114728383,0.143852345857316,0.143852345857316,0.682751683694241
5150,0.35,balanced,1,8,1,OK,0.0521095772471752,0,0.0991361583610598,0.0554826704650187,0.0756261096395536,0.0219409616077813,1,0.301678921568627,0.301678921568627,0.197625335201644,0.285,5580.17471537658,4743.14850807009,172.590436443659,38.3016802473612,6.80163023260577,2.21052982559688,4.89589044101717,7.949405334358,20.919185293185,22.1431579034393,0.804657148053808,0.0173651991152104,0.0440567316517357,0.415444276522037,0.0250691243182738,16.5719500708369,0.773098996051148,90605.5808037558,45739.1586936278,21586.422110128,22320,960,10772.3284520343,2708.09575424887,3769.76689144572,9813.27816120307,36.9685306669131,23.6545167939778,60.6230474608909,0.351253804730257,22.8568420965607,22.3568420965607,21.893742723918,0.199056217142495,0.130943782857505,22.5348291387207,4.76,23.7974919154645,1.90374919154645,17.133742723918,88.8840747684845,799.95667291636,44.4420373842422,199.98916822909,311.094261689696,155.547130844848,5580.17471537658,4743.14850807009,0.85,0.301678921568627,0.196666408471325,0.285,0.301678921568627,0.0770898291394362,0.160173863590202,0.160173863590202,0.779663353393834
4925,0.3425,balanced,1,5,1,OK,0.0523670175883661,0,0.161824760781547,0.0134754563460188,0.0581523452537149,0.0161461888838938,1,0.288498774509804,0.288498774509804,0.20011750097076,0.285,5580.17471537658,4743.14850807009,180.475278717735,39.166821023677,6.95526233494819,2.26046025885816,5.00647656751459,8.1289628539707,20.9694135360973,22.2210326779759,0.822832374446996,0.0169781589500055,0.0440567316517357,0.397293798421559,0.0240321775475568,16.5317436439275,0.773098996051148,90605.5808037558,45739.1586936278,21586.422110128,22320,960,11097.9050699223,2848.56880136681,3734.82317328445,9555.28584362659,39.6657689149237,25.3823001347032,65.0480690496269,0.36042647786328,22.7789673220241,22.2789673220241,21.9656158904494,0.198982725858771,0.131017274141229,22.6215508033771,4.76,23.8773509893882,1.91173509893882,17.2056158904494,88.8840747684845,799.95667291636,44.4420373842422,199.98916822909,304.427956082059,152.21397804103,5580.17471537658,4743.14850807009,0.85,0.288498774509804,0.196235577883169,0.285,0.288498774509804,0.11741114728383,0.187180086230699,0.187180086230699,0.745351193165958
4950,0.345,balanced,1,1,1,OK,0.0526433307358227,0,0.152340400479496,0.0149082115950486,0.074643677941091,0.0145722046237735,1,0.289963235294118,0.289963235294118,0.199814942137149,0.285,5580.17471537658,4743.14850807009,179.56378741108,39.067789712168,6.9376763084871,2.25474480025831,4.99381794658081,8.10840918554429,20.9876384033074,22.2360928899526,0.820751884709411,0.0170253930268782,0.0440567316517357,0.399310518210501,0.0241501899837284,16.5344669536572,0.773098996051148,90605.5808037558,45739.1586936278,21586.422110128,22320,960,11051.2685738911,2832.46490299908,3735.64214390953,9613.15002951532,39.3916940441953,25.2072926888224,64.5989867330178,0.359755091293155,22.7639071100474,22.2639071100474,21.9660213621227,0.195918827895041,0.134081172104959,22.635598325679,4.76,23.8778015134697,1.91178015134697,17.2060213621227,88.8840747684845,799.95667291636,44.4420373842422,199.98916822909,306.650057951271,153.325028975636,5580.17471537658,4743.14850807009,0.85,0.289963235294118,0.196302341086013,0.285,0.289963235294118,0.112931000823342,0.189806009889692,0.189806009889692,0.757493049198185
4925,0.3275,balanced,1,2,1,OK,0.0527920041932034,0,0.165858037288692,0.0136332647765154,0.0577844669773376,0.0107893572966563,1,0.288498774509804,0.288498774509804,0.20011750097076,0.285,5580.17471537658,4743.14850807009,180.475278717735,39.166821023677,6.95526233494819,2.26046025885816,5.00647656751459,8.1289628539707,20.9934545982499,22.2450737401285,0.822832374446996,0.0169574997030654,0.0440567316517357,0.397293798421559,0.0240115183006167,16.5459673748059,0.773098996051148,90605.5808037558,45739.1586936278,21586.422110128,22320,960,11179.4663024435,2872.10295522484,3762.2713069045,9286.76234560449,39.7076766409662,25.409719567506,65.1173962084722,0.360810614457155,22.7549262598715,22.2549262598715,21.9901447120057,0.199080151542697,0.130919848457303,22.6455918655297,4.76,23.9046052355618,1.91446052355618,17.2301447120057,88.8840747684845,799.95667291636,44.4420373842422,199.98916822909,291.095344866787,145.547672433393,5580.17471537658,4743.14850807009,0.85,0.288498774509804,0.196081901134681,0.285,0.288498774509804,0.11741114728383,0.135186797782639,0.135186797782639,0.670220444134989
5075,0.3525,balanced,1,7,1,OK,0.0528709947882168,0,0.114981914677558,0.0447204823114408,0.0697650241440072,0.0298649683823847,1,0.297285539215686,0.297285539215686,0.198400102398024,0.285,5580.17471537658,4743.14850807009,175.14103402657,38.5836596142181,6.85170426001654,2.22680388450538,4.93193429282323,8.00792935389433,20.9290555067781,22.1620390799839,0.810581084332314,0.0172428323034659,0.0440567316517357,0.409394117155211,0.0247268966284031,16.5566315622863,0.773098996051148,90605.5808037558,45739.1586936278,21586.422110128,22320,960,10852.5854502466,2746.27388466894,3749.41349791661,9816.02856438256,37.82229397893,24.2012493998347,62.0235433787647,0.354134847515832,22.8379609200161,22.3379609200161,21.9097474296365,0.198845293678281,0.131154706321719,22.5565938234098,4.76,23.8152749218184,1.90552749218184,17.1497474296365,88.8840747684845,799.95667291636,44.4420373842422,199.98916822909,313.316363558908,156.658181779454,5580.17471537658,4743.14850807009,0.85,0.297285539215686,0.19654354250271,0.285,0.297285539215686,0.0905302685209007,0.185728713646763,0.185728713646763,0.79349570843896
5050,0.3525,balanced,1,7,1,OK,0.0529375027530737,0,0.121318365375728,0.0406983168177387,0.0674219251120977,0.0298649683823847,1,0.295821078431373,0.295821078431373,0.198670338117727,0.285,5580.17471537658,4743.14850807009,176.008068848484,38.6790458156883,6.86864298613777,2.23230897049477,4.94412697964445,8.02772649004852,20.9326463118306,22.1686780567417,0.812584996127906,0.0172008493399584,0.0440567316517357,0.407377397366269,0.0246123434483992,16.5517516940373,0.773098996051148,90605.5808037558,45739.1586936278,21586.422110128,22320,960,10884.1062348406,2760.38422795751,3744.0902753511,9802.09227680409,38.1145797861199,24.3884322700443,62.5030120561642,0.355114469837003,22.8313219432583,22.3313219432583,21.9160581433608,0.198905051504332,0.131094948495668,22.5642082151133,4.76,23.8222868259564,1.90622868259564,17.1560581433608,88.8840747684845,799.95667291636,44.4420373842422,199.98916822909,313.316363558908,156.658181779454,5580.17471537658,4743.14850807009,0.85,0.295821078431373,0.196500144417715,0.285,0.295821078431373,0.0950104149813889,0.191598657773727,0.191598657773727,0.79389181134984
4975,0.35,balanced,1,7,1,OK,0.0530583455313515,0,0.143479351186164,0.0278869765741903,0.0607149057942732,0.0231486099470053,1,0.291427696078431,0.291427696078431,0.19951925523692,0.285,5580.17471537658,4743.14850807009,178.661456821074,38.969505808762,6.92022300710534,2.24907247730924,4.98125486266167,8.08801063955437,20.9471775493761,22.1924912650415,0.81868709682273,0.017071689113452,0.0440567316517357,0.401327237999443,0.0242676228010407,16.5375587584225,0.773098996051148,90605.5808037558,45739.1586936278,21586.422110128,22320,960,10993.0618263589,2807.26458759563,3732.38300859523,9715.96221257237,39.0204059944566,24.9686283201312,63.9890343145877,0.358158023857778,22.8075087349585,22.3075087349585,21.9391635088819,0.199143787430253,0.130856212569747,22.5909916540544,4.76,23.8479594543132,1.90879594543132,17.1791635088819,88.8840747684845,799.95667291636,44.4420373842422,199.98916822909,311.094261689696,155.547130844848,5580.17471537658,4743.14850807009,0.85,0.291427696078431,0.196365094203669,0.285,0.291427696078431,0.108450854362853,0.200983999495385,0.200983999495385,0.782394174582687
5100,0.3525,balanced,1,8,1,OK,0.053141931976441,0,0.109098379264874,0.0501975927199433,0.0708321296646336,0.0298649683823847,1,0.29875,0.29875,0.198135752702295,0.285,5580.17471537658,4743.14850807009,174.282499546048,38.4889756442206,6.83489023648757,2.22133932685846,4.91983136833964,7.98827796389484,20.9228161790822,22.1527740211671,0.808591925298752,0.0172846422271282,0.0440567316517357,0.411410836944153,0.0248416351400013,16.5613428675505,0.773098996051148,90605.5808037558,45739.1586936278,21586.422110128,22320,960,10821.3210126796,2732.0347890442,3754.72183557854,9829.92588302932,37.5293048273638,24.0135572499082,61.542862077272,0.353121295813246,22.8472259788329,22.3472259788329,21.902360139315,0.199101124997178,0.130898875002822,22.5463605306343,4.76,23.8070668214611,1.90470668214612,17.142360139315,88.8840747684845,799.95667291636,44.4420373842422,199.98916822909,313.316363558908,156.658181779454,5580.17471537658,4743.14850807009,0.85,0.29875,0.196588752799799,0.285,0.29875,0.0860501220604125,0.179916317991632,0.179916317991632,0.793083251100214
4950,0.325,balanced,1,2,1,OK,0.0534134993509975,0.0100868203851063,0.158149278175496,0.0151186228357107,0.0594226065328052,0.00484456387861346,1,0.289963235294118,0.289963235294118,0.199814942137149,0.285,5580.17471537658,4743.14850807009,179.56378741108,39.067789712168,6.9376763084871,2.25474480025831,4.99381794658081,8.10840918554429,20.9933666929906,22.2418211796358,0.820751884709411,0.0169955470785836,0.0440567316517357,0.399310518210501,0.0241203440354338,16.5549263154745,0.773098996051148,90605.5808037558,45739.1586936278,21586.422110128,22320,960,11160.5488936639,2861.0910366003,3772.58199070754,9255.30113888334,39.4016090306439,25.2137799524848,64.6153889831287,0.3598464362706,22.7581788203642,22.2581788203642,21.9874640875638,0.199065605756377,0.130934394243623,22.6413266153623,4.76,23.9016267639598,1.91416267639598,17.2274640875638,88.8840747684845,799.95667291636,44.4420373842422,199.98916822909,288.873242997574,144.436621498787,5580.17471537658,4743.14850807009,0.85,0.289963235294118,0.196081449031557,0.285,0.289963235294118,0.112931000823342,0.120831748446811,0.120831748446811,0.657474491366566
5025,0.3525,balanced,1,7,1,OK,0.0535353677789764,0,0.128070954633186,0.0381710404132815,0.0651710750932462,0.0298649683823847,1,0.294356617647059,0.294356617647059,0.198947045559894,0.285,5580.17471537658,4743.14850807009,176.883730882556,38.7751429720346,6.88570796395732,2.23785508828613,4.95641054386739,8.04767118287511,20.9362767861152,22.1753794220821,0.814603843950307,0.0171589076149016,0.0440567316517357,0.405360677577327,0.0244981898782855,16.5465562799244,0.773098996051148,90605.5808037558,45739.1586936278,21586.422110128,22320,960,10915.8198836924,2774.62672763543,3738.72913662348,9788.05672406573,38.4106445840808,24.5780372587642,62.988681842845,0.356102178128903,22.8246205779179,22.3246205779179,21.9224305771847,0.198965316198367,0.131034683801633,22.5718922655915,4.76,23.829367307983,1.9069367307983,17.1624305771847,88.8840747684845,799.95667291636,44.4420373842422,199.98916822909,313.316363558908,156.658181779454,5580.17471537658,4743.14850807009,0.85,0.294356617647059,0.196460147812166,0.285,0.294356617647059,0.0994905614418771,0.19752700930494,0.19752700930494,0.79425702324638
5200,0.3475,balanced,1,8,1,OK,0.0535662657469418,0,0.0908071794740521,0.0676589778466564,0.0807458140548056,0.0152361490843275,1,0.304607843137255,0.304607843137255,0.197138388464386,0.285,5580.17471537658,4743.14850807009,170.930913016316,38.1170927621545,6.76885110093753,2.1998766078047,4.87229565095786,7.91109472422074,20.9157031590806,22.1337770718201,0.800779259709128,0.0174458240968951,0.0440567316517357,0.419477716099921,0.0252981150759066,16.581382242957,0.773098996051148,90605.5808037558,45739.1586936278,21586.422110128,22320,960,10724.0553408443,2684.61637113744,3784.73569232485,9795.90536578172,36.42166643435,23.3043889020841,59.7260553364341,0.349416347707292,22.8662229281799,22.3662229281799,21.8853524414312,0.199012816917214,0.130987183082786,22.5235607238967,4.76,23.788169379368,1.90281693793681,17.1253524414312,88.8840747684845,799.95667291636,44.4420373842422,199.98916822909,308.872159820484,154.436079910242,5580.17471537658,4743.14850807009,0.85,0.304607843137255,0.196756705543407,0.285,0.304607843137255,0.0681295362184599,0.140811071773415,0.140811071773415,0.76614056959465
5175,0.35,balanced,1,8,1,OK,0.0540416977149138,0,0.0944451649453992,0.0650957515406031,0.0782425109705074,0.0219409616077813,1,0.303143382352941,0.303143382352941,0.197379086157536,0.285,5580.17471537658,4743.14850807009,171.756666219294,38.2090521063268,6.78518128414238,2.20518391734627,4.88405030169872,7.93018062584141,20.9156217339234,22.1366343093481,0.802711178704344,0.0174073127041096,0.0440567316517357,0.417460996310979,0.0251852416094273,16.5756200708718,0.773098996051148,90605.5808037558,45739.1586936278,21586.422110128,22320,960,10741.5456474605,2694.47211979386,3774.95624329966,9826.78683552843,36.6904946899437,23.4764641421581,60.1669588321018,0.350303485486161,22.8633656906519,22.3633656906519,21.8876143216805,0.199013631661215,0.130986368338785,22.527358333484,4.76,23.790682579645,1.9030682579645,17.1276143216805,88.8840747684845,799.95667291636,44.4420373842422,199.98916822909,311.094261689696,155.547130844848,5580.17471537658,4743.14850807009,0.85,0.303143382352941,0.196722810481325,0.285,0.303143382352941,0.072609682678948,0.154569158935177,0.154569158935177,0.779153109614739
5125,0.3525,balanced,1,8,1,OK,0.0540928456331362,0,0.103589714123557,0.0570908008056373,0.0732813798547543,0.0298649683823847,1,0.300214460784314,0.300214460784314,0.197877686240692,0.285,5580.17471537658,4743.14850807009,173.432341011677,38.3949853314109,6.81819939292535,2.21591480270074,4.9078171101906,7.9687705404815,20.9191798011999,22.1461340787476,0.806617338895186,0.0173266968952158,0.0440567316517357,0.413427556733095,0.0249569767674643,16.5656105138531,0.773098996051148,90605.5808037558,45739.1586936278,21586.422110128,22320,960,10790.1832502178,2718.17293052583,3759.97138799936,9843.66930091095,37.2442112686935,23.8309819432343,61.0751932119278,0.352155733213655,22.8538659212524,22.3538659212524,21.8961192995928,0.199057845159782,0.130942154840218,22.5387594475628,4.76,23.8001325551031,1.90401325551031,17.1361192995928,88.8840747684845,799.95667291636,44.4420373842422,199.98916822909,313.316363558908,156.658181779454,5580.17471537658,4743.14850807009,0.85,0.300214460784314,0.196638735258598,0.285,0.300214460784314,0.0815699755999244,0.174160628635575,0.174160628635575,0.792627477675898
4925,0.345,balanced,1,5,1,OK,0.0541819255523301,0,0.161161178212662,0.0187831297897157,0.0586024722072761,0.0203962033115214,1,0.288498774509804,0.288498774509804,0.20011750097076,0.285,5580.17471537658,4743.14850807009,180.475278717735,39.166821023677,6.95526233494819,2.26046025885816,5.00647656751459,8.1289628539707,20.9662475523231,22.2178666942018,0.822832374446996,0.0169816369798085,0.0440567316517357,0.397293798421559,0.0240356555773597,16.5293514521729,0.773098996051148,90605.5808037558,45739.1586936278,21586.422110128,22320,960,11084.4751960957,2844.78265194662,3730.30356317191,9599.41194230075,39.6602566488383,25.3786936599876,65.0389503088259,0.360375951603585,22.7821333057982,22.2821333057982,21.9619255117879,0.198877982556725,0.131122017443276,22.6183848196029,4.76,23.8732505686533,1.91132505686533,17.2019255117879,88.8840747684845,799.95667291636,44.4420373842422,199.98916822909,306.650057951271,153.325028975636,5580.17471537658,4743.14850807009,0.85,0.288498774509804,0.196261449702834,0.285,0.288498774509804,0.11741114728383,0.195845634305375,0.195845634305375,0.757859225652187
5225,0.345,balanced,1,8,1,OK,0.0543315809936214,0.000951149590914085,0.0875751349698657,0.0730172142460781,0.0833242830637859,0.00975053081202331,1,0.306072303921569,0.306072303921569,0.196903618430966,0.285,5580.17471537658,4743.14850807009,170.113061757865,38.025794205274,6.752638260648,2.1946074347106,4.86062546497587,7.89214596713235,20.9158270255825,22.1309833918265,0.798861222799875,0.017484324825479,0.0440567316517357,0.421494435888862,0.0254113362496238,16.5868662611201,0.773098996051148,90605.5808037558,45739.1586936278,21586.422110128,22320,960,10706.7609287083,2674.86963826939,3794.52306538796,9764.67180548925,36.1561624652356,23.1344431142137,59.2906055794493,0.348536467257536,22.8690166081735,22.3690166081735,21.883152253809,0.199012500592092,0.130987499407908,22.5198334290246,4.76,23.7857247264544,1.90257247264544,17.123152253809,88.8840747684845,799.95667291636,44.4420373842422,199.98916822909,306.650057951271,153.325028975636,5580.17471537658,4743.14850807009,0.85,0.306072303921569,0.196793598905092,0.285,0.306072303921569,0.0636493897579717,0.127184640948129,0.127184640948129,0.753105801812095
4925,0.325,balanced,1,2,1,OK,0.0546597989395136,0.00145220443132226,0.166587033479137,0.0189935410303778,0.0566588097075263,0.0107995699344391,1,0.288498774509804,0.288498774509804,0.20011750097076,0.285,5580.17471537658,4743.14850807009,180.475278717735,39.166821023677,6.95526233494819,2.26046025885816,5.00647656751459,8.1289628539707,20.9953457847275,22.2469649266062,0.822832374446996,0.0169538493318631,0.0440567316517357,0.397293798421559,0.0240078679294143,16.5484831718354,0.773098996051148,90605.5808037558,45739.1586936278,21586.422110128,22320,960,11193.3056784529,2875.8633584158,3766.92872845369,9241.43195202265,39.7109770631243,25.4118790265591,65.1228560896833,0.360840867249947,22.7530350733938,22.2530350733938,21.9933656633989,0.199345760478985,0.130654239521015,22.6474830520073,4.76,23.9081840704432,1.91481840704433,17.2333656633989,88.8840747684845,799.95667291636,44.4420373842422,199.98916822909,288.873242997574,144.436621498787,5580.17471537658,4743.14850807009,0.85,0.288498774509804,0.196054747328989,0.285,0.288498774509804,0.11741114728383,0.126521249707962,0.126521249707962,0.657700231326887
5000,0.3525,balanced,1,7,1,OK,0.0546836668770548,0,0.135241937795427,0.0371797293624673,0.0630148009177753,0.029932054561729,1,0.292892156862745,0.292892156862745,0.199229816485383,0.285,5580.17471537658,4743.14850807009,177.768149536969,38.8719599591304,6.9029007696569,2.24344275013849,4.96878612004548,8.06776527453649,20.9399475083235,22.1821440383349,0.816637814267445,0.0171170076919027,0.0440567316517357,0.403343957788385,0.0243844364816693,16.5410407614543,0.773098996051148,90605.5808037558,45739.1586936278,21586.422110128,22320,960,10947.7281339206,2789.00319784932,3733.32966745127,9773.92082156889,38.7105570080479,24.7701083927749,63.4806654008227,0.35709808290276,22.8178559616651,22.3178559616651,21.9288656035427,0.199026094367318,0.130973905632682,22.5796469279386,4.76,23.8365173372697,1.90765173372697,17.1688656035427,88.8840747684845,799.95667291636,44.4420373842422,199.98916822909,313.316363558908,156.658181779454,5580.17471537658,4743.14850807009,0.85,0.292892156862745,0.196423607837838,0.285,0.292892156862745,0.103970707902365,0.203514644351464,0.203514644351464,0.794590802399953
4900,0.335,balanced,1,3,1,OK,0.0547561397282829,0,0.17263866273712,0.0122836516479001,0.0568949563538924,0.0191814432041708,1,0.28703431372549,0.28703431372549,0.200426500193967,0.285,5580.17471537658,4743.14850807009,181.396070956091,39.2666092644472,6.97298277726033,2.26621940260961,5.01923194249965,8.14967362092301,20.9865969429872,22.2414049286121,0.824928766059815,0.0169263951427209,0.0440567316517357,0.395277078632617,0.0239099937524127,16.53187711907,0.773098996051148,90605.5808037558,45739.1586936278,21586.422110128,22320,960,11171.2441742168,2875.44128145922,3742.80066700719,9407.57570240524,40.0054990534712,25.6002092405004,65.6057082939716,0.361671054660563,22.7585950713879,22.2585950713879,21.9851251599609,0.198940441169654,0.131059558830346,22.6429434840121,4.76,23.8990279555121,1.91390279555121,17.2251251599609,88.8840747684845,799.95667291636,44.4420373842422,199.98916822909,297.761650474423,148.880825237211,5580.17471537658,4743.14850807009,0.85,0.28703431372549,0.196137889231647,0.285,0.28703431372549,0.121891293744318,0.16710784732303,0.16710784732303,0.707982079914965
4900,0.3375,balanced,1,4,1,OK,0.0547844103062215,0,0.171993724228634,0.0130193466497859,0.0563215866891161,0.0197547729293316,1,0.28703431372549,0.28703431372549,0.200426500193967,0.285,5580.17471537658,4743.14850807009,181.396070956091,39.2666092644472,6.97298277726033,2.26621940260961,5.01923194249965,8.14967362092301,20.9813159755218,22.2361239611467,0.824928766059815,0.0169297090426299,0.0440567316517357,0.395277078632617,0.0239133076523217,16.5295861358703,0.773098996051148,90605.5808037558,45739.1586936278,21586.422110128,22320,960,11157.6929988295,2871.38195865943,3738.26049695205,9452.21869135919,39.9962182201641,25.5941368983857,65.5903551185498,0.361586415697101,22.7638760388533,22.2638760388533,21.9804925481772,0.199069615451537,0.130930384548463,22.6376625165466,4.76,23.8938806090858,1.91338806090858,17.2204925481772,88.8840747684845,799.95667291636,44.4420373842422,199.98916822909,299.983752343635,149.991876171818,5580.17471537658,4743.14850807009,0.85,0.28703431372549,0.196162665917719,0.285,0.28703431372549,0.121891293744318,0.175817607377679,0.175817607377679,0.720510875099778
4900,0.3325,balanced,1,3,1,OK,0.0550291911518497,0,0.173334867559327,0.0130719494599513,0.0560633547243642,0.0191980742741385,1,0.28703431372549,0.28703431372549,0.200426500193967,0.285,5580.17471537658,4743.14850807009,181.396070956091,39.2666092644472,6.97298277726033,2.26621940260961,5.01923194249965,8.14967362092301,20.989058216001,22.2438662016259,0.824928766059815,0.0169228410380128,0.0440567316517357,0.395277078632617,0.0239064396477046,16.5343348678259,0.773098996051148,90605.5808037558,45739.1586936278,21586.422110128,22320,960,11184.9235829763,2879.2293110976,3747.38380022231,9362.81996757451,40.0098259947741,25.6030403298856,65.6128663246596,0.361710515441881,22.7561337983741,22.2561337983741,21.9885616698138,0.199134741184137,0.130865258815863,22.6454047570259,4.76,23.9028462997932,1.91428462997932,17.2285616698138,88.8840747684845,799.95667291636,44.4420373842422,199.98916822909,295.539548605211,147.769774302605,5580.17471537658,4743.14850807009,0.85,0.28703431372549,0.196111316631679,0.285,0.28703431372549,0.121891293744318,0.15839808726838,0.15839808726838,0.695465645281837
4950,0.3475,balanced,1,1,1,OK,0.0552019104529138,0,0.151650490131456,0.0217398778526824,0.0765232981851211,0.0200536527669646,1,0.289963235294118,0.289963235294118,0.199814942137149,0.285,5580.17471537658,4743.14850807009,179.56378741108,39.067789712168,6.9376763084871,2.25474480025831,4.99381794658081,8.10840918554429,20.986587740396,22.2350422270412,0.820751884709411,0.0170290527722235,0.0440567316517357,0.399310518210501,0.0241538497290737,16.5319616826901,0.773098996051148,90605.5808037558,45739.1586936278,21586.422110128,22320,960,11037.8568608702,2828.91549595337,3731.10860461058,9657.10416036154,39.3898760135026,25.2061031798283,64.5959791933309,0.35973834214941,22.7649577729588,22.2649577729588,21.9632415441796,0.195572568770225,0.134427431229775,22.6345476627676,4.76,23.8747128268663,1.91147128268663,17.2032415441796,88.8840747684845,799.95667291636,44.4420373842422,199.98916822909,308.872159820484,154.436079910242,5580.17471537658,4743.14850807009,0.85,0.289963235294118,0.196329427129993,0.285,0.289963235294118,0.112931000823342,0.198427792570052,0.198427792570052,0.769984281418573
4900,0.34,balanced,1,4,1,OK,0.0555210187797382,0,0.171316805552749,0.0152790344656087,0.0569321338827018,0.0215635705312981,1,0.28703431372549,0.28703431372549,0.200426500193967,0.285,5580.17471537658,4743.14850807009,181.396070956091,39.2666092644472,6.97298277726033,2.26621940260961,5.01923194249965,8.14967362092301,20.9784404177095,22.2332484033345,0.824928766059815,0.0169332099439987,0.0440567316517357,0.395277078632617,0.0239168085536905,16.5271665634345,0.773098996051148,90605.5808037558,45739.1586936278,21586.422110128,22320,960,11144.1315046945,2867.58137343391,3733.71686971568,9496.63384578586,39.9911664921092,25.5908316376257,65.5819981297349,0.361540345301138,22.7667515966655,22.2667515966655,21.9769004411341,0.198926854718597,0.131073145281404,22.6347869587344,4.76,23.8898893790379,1.91298893790379,17.2169004411341,88.8840747684845,799.95667291636,44.4420373842422,199.98916822909,302.205854212847,151.102927106424,5580.17471537658,4743.14850807009,0.85,0.28703431372549,0.196188840737889,0.285,0.28703431372549,0.121891293744318,0.184527367432329,0.184527367432329,0.733024155304758
5150,0.3525,balanced,1,8,1,OK,0.0555402338980851,0,0.0984916790936401,0.0653623223505266,0.0758163129944682,0.0298649683823847,1,0.301678921568627,0.301678921568627,0.197625335201644,0.285,5580.17471537658,4743.14850807009,172.590436443659,38.3016802473612,6.80163023260577,2.21052982559688,4.89589044101717,7.949405334358,20.9155830759338,22.1395556861881,0.804657148053808,0.0173687913568005,0.0440567316517357,0.415444276522037,0.0250727165598639,16.5695757589776,0.773098996051148,90605.5808037558,45739.1586936278,21586.422110128,22320,960,10759.233173242,2704.43824185141,3765.18421012059,9857.31655824106,36.9627053786075,23.6507061045627,60.6134114831702,0.351197973260569,22.8604443138119,22.3604443138119,21.8899384476701,0.199014945999055,0.130985054000945,22.5312269214695,4.76,23.7932649418557,1.90332649418557,17.1299384476701,88.8840747684845,799.95667291636,44.4420373842422,199.98916822909,313.316363558908,156.658181779454,5580.17471537658,4743.14850807009,0.85,0.301678921568627,0.196691962431805,0.285,0.301678921568627,0.0770898291394362,0.168460819758703,0.168460819758703,0.792142371461751
4950,0.35,balanced,1,6,1,OK,0.0558326304811204,0,0.151455887736828,0.0300955369242533,0.0599526018356152,0.0266310282850462,1,0.289963235294118,0.289963235294118,0.199814942137149,0.285,5580.17471537658,4743.14850807009,179.56378741108,39.067789712168,6.9376763084871,2.25474480025831,4.99381794658081,8.10840918554429,20.9533431092101,22.2017975958553,0.820751884709411,0.0170300897781153,0.0440567316517357,0.399310518210501,0.0241548867349655,16.5312519405226,0.773098996051148,90605.5808037558,45739.1586936278,21586.422110128,22320,960,11025.3216237925,2822.16937356841,3726.87133903349,9701.61449609559,39.3324371910326,25.1685231279183,64.5009603189509,0.359209177133735,22.7982024041447,22.2982024041447,21.9467583518676,0.19892900648045,0.13107099351955,22.6013030315817,4.76,23.8563981687418,1.90963981687418,17.1867583518676,88.8840747684845,799.95667291636,44.4420373842422,199.98916822909,311.094261689696,155.547130844848,5580.17471537658,4743.14850807009,0.85,0.289963235294118,0.196337102086729,0.285,0.289963235294118,0.112931000823342,0.207049575250412,0.207049575250412,0.782648293573127
4900,0.33,balanced,1,2,1,OK,0.0558642752943696,0,0.174004567054026,0.0153842400859396,0.0562337477734507,0.019228672890572,1,0.28703431372549,0.28703431372549,0.200426500193967,0.285,5580.17471537658,4743.14850807009,181.396070956091,39.2666092644472,6.97298277726033,2.26621940260961,5.01923194249965,8.14967362092301,20.9935669663895,22.2483749520144,0.824928766059815,0.0169194445669256,0.0440567316517357,0.395277078632617,0.0239030431766174,16.5366842921193,0.773098996051148,90605.5808037558,45739.1586936278,21586.422110128,22320,960,11198.6028138297,2883.24046683917,3751.96687383201,9317.84163944147,40.0177548490039,25.6082281630341,65.625983012038,0.361782825097263,22.7516250479856,22.2516250479856,21.992886370704,0.199098072327133,0.130901927672867,22.6499135074144,4.76,23.9076515230044,1.91476515230044,17.232886370704,88.8840747684845,799.95667291636,44.4420373842422,199.98916822909,293.317446735999,146.658723367999,5580.17471537658,4743.14850807009,0.85,0.28703431372549,0.196085922594385,0.285,0.28703431372549,0.121891293744318,0.149688327213731,0.149688327213731,0.682935703052095
4925,0.3475,balanced,1,6,1,OK,0.0563623857239772,0,0.160546055849776,0.0256147960473495,0.0576717945612564,0.0258513818819718,1,0.288498774509804,0.288498774509804,0.20011750097076,0.285,5580.17471537658,4743.14850807009,180.475278717735,39.166821023677,6.95526233494819,2.26046025885816,5.00647656751459,8.1289628539707,20.9603325172768,22.2119516591554,0.822832374446996,0.0169848819912408,0.0440567316517357,0.397293798421559,0.0240389005887921,16.5271201548541,0.773098996051148,90605.5808037558,45739.1586936278,21586.422110128,22320,960,11071.1683948613,2840.7351213188,3725.82537117987,9643.42974319747,39.6499621381143,25.3719583972076,65.0219205353219,0.360281590904297,22.7880483408446,22.2880483408446,21.9570729404606,0.19909020041186,0.130909799588141,22.6124697845566,4.76,23.867858822734,1.91078588227339,17.1970729404606,88.8840747684845,799.95667291636,44.4420373842422,199.98916822909,308.872159820484,154.436079910242,5580.17471537658,4743.14850807009,0.85,0.288498774509804,0.196285588182188,0.285,0.288498774509804,0.11741114728383,0.204511182380052,0.204511182380052,0.770379594437967
5225,0.3475,balanced,1,8,1,OK,0.0564367265136074,0,0.0869268545443268,0.079848880503712,0.0835212855249773,0.0152361490843275,1,0.306072303921569,0.306072303921569,0.196903618430966,0.285,5580.17471537658,4743.14850807009,170.113061757865,38.025794205274,6.752638260648,2.1946074347106,4.86062546497587,7.89214596713235,20.9122103503926,22.1273667166365,0.798861222799875,0.0174879945370465,0.0440567316517357,0.421494435888862,0.0254150059611914,16.5844712581411,0.773098996051148,90605.5808037558,45739.1586936278,21586.422110128,22320,960,10693.6208502556,2671.22464548622,3789.86616391216,9809.18439455325,36.1504453668092,23.1307032877309,59.28114865454,0.348480875260005,22.8726332833635,22.3726332833635,21.8793334136655,0.198970908217831,0.131029091782169,22.5162167538346,4.76,23.7814815707395,1.90214815707395,17.1193334136655,88.8840747684845,799.95667291636,44.4420373842422,199.98916822909,308.872159820484,154.436079910242,5580.17471537658,4743.14850807009,0.85,0.306072303921569,0.196819329246408,0.285,0.306072303921569,0.0636493897579717,0.135352645592681,0.135352645592681,0.765578621421616
5200,0.35,balanced,1,8,1,OK,0.056448659470349,0,0.0901616587488797,0.0760146369182273,0.0809404776624006,0.0219409616077813,1,0.304607843137255,0.304607843137255,0.197138388464386,0.285,5580.17471537658,4743.14850807009,170.930913016316,38.1170927621545,6.76885110093753,2.1998766078047,4.87229565095786,7.91109472422074,20.9120967487256,22.130170661465,0.800779259709128,0.0174494650552036,0.0440567316517357,0.419477716099921,0.0253017560342151,16.578996158712,0.773098996051148,90605.5808037558,45739.1586936278,21586.422110128,22320,960,10710.9472136826,2680.97239371469,3780.10956954277,9840.20172969438,36.4159229951213,23.3006318242726,59.7165548193939,0.349360766672402,22.869829338535,22.369829338535,21.8815443208026,0.198971417484979,0.131028582515021,22.5199543135417,4.76,23.7839381342251,1.90239381342251,17.1215443208026,88.8840747684845,799.95667291636,44.4420373842422,199.98916822909,311.094261689696,155.547130844848,5580.17471537658,4743.14850807009,0.85,0.304607843137255,0.196782357014314,0.285,0.304607843137255,0.0681295362184599,0.149018345671065,0.149018345671065,0.778614736150055
4975,0.3525,balanced,1,7,1,OK,0.0564949857623512,0,0.142833810918315,0.0377666284596983,0.0609554892357966,0.031064466802286,1,0.291427696078431,0.291427696078431,0.19951925523692,0.285,5580.17471537658,4743.14850807009,178.661456821074,38.969505808762,6.92022300710534,2.24907247730924,4.98125486266167,8.08801063955437,20.9436590678838,22.1889727835493,0.81868709682273,0.01707515014529,0.0440567316517357,0.401327237999443,0.0242710838328787,16.5352005193846,0.773098996051148,90605.5808037558,45739.1586936278,21586.422110128,22320,960,10979.8327420433,2803.51548577236,3727.89144743614,9759.68346870354,39.0143873011725,24.9646907310736,63.979078032246,0.358102296771932,22.8110272164507,22.3110272164507,21.9353641110099,0.199087392729011,0.130912607270989,22.5874731725622,4.76,23.8437379011221,1.90837379011221,17.1753641110099,88.8840747684845,799.95667291636,44.4420373842422,199.98916822909,313.316363558908,156.658181779454,5580.17471537658,4743.14850807009,0.85,0.291427696078431,0.196390580834037,0.285,0.291427696078431,0.108450854362853,0.209562456634638,0.209562456634638,0.794892598733573
4900,0.3425,balanced,1,5,1,OK,0.056625198908067,0,0.170688971309476,0.0190627150953686,0.0561781246889265,0.0245734811063984,1,0.28703431372549,0.28703431372549,0.200426500193967,0.285,5580.17471537658,4743.14850807009,181.396070956091,39.2666092644472,6.97298277726033,2.26621940260961,5.01923194249965,8.14967362092301,20.9728322905308,22.2276402761557,0.824928766059815,0.0169364781399347,0.0440567316517357,0.395277078632617,0.0239200767496266,16.5249084595345,0.773098996051148,90605.5808037558,45739.1586936278,21586.422110128,22320,960,11130.6945915264,2863.51901241159,3729.2149819417,9540.93767535746,39.9813179059093,25.5843879271157,65.5657058330249,0.361450529151185,22.7723597238443,22.2723597238443,21.9721507940055,0.19909789284954,0.13090210715046,22.6291788315556,4.76,23.8846119933395,1.91246119933395,17.2121507940055,88.8840747684845,799.95667291636,44.4420373842422,199.98916822909,304.427956082059,152.21397804103,5580.17471537658,4743.14850807009,0.85,0.28703431372549,0.196213275713884,0.285,0.28703431372549,0.121891293744318,0.193237127486978,0.193237127486978,0.745549574838294
5075,0.355,balanced,1,8,1,OK,0.0566777463601969,0,0.11437745680151,0.0561241270108858,0.0686541730283774,0.0390081694081378,1,0.297285539215686,0.297285539215686,0.198400102398024,0.285,5580.17471537658,4743.14850807009,175.14103402657,38.5836596142181,6.85170426001654,2.22680388450538,4.93193429282323,8.00792935389433,20.9228884787375,22.1558720519433,0.810581084332314,0.0172461515219162,0.0440567316517357,0.409394117155211,0.0247302158468535,16.5544093788126,0.773098996051148,90605.5808037558,45739.1586936278,21586.422110128,22320,960,10839.5467814955,2742.33948603396,3744.90882381527,9859.82277713823,37.8120834273142,24.1945698022235,62.0066532295377,0.354038410097149,22.8441279480567,22.3441279480567,21.9048542531524,0.199103580078888,0.130896419921112,22.5504267953691,4.76,23.8098380590582,1.90498380590582,17.1448542531524,88.8840747684845,799.95667291636,44.4420373842422,199.98916822909,315.53846542812,157.76923271406,5580.17471537658,4743.14850807009,0.85,0.297285539215686,0.19656750321368,0.285,0.297285539215686,0.0905302685209007,0.194138137147804,0.194138137147804,0.805995366457364
5050,0.355,balanced,1,7,1,OK,0.0569252927449491,0,0.120675054103132,0.0521019615171837,0.0676708113898018,0.0390081694081378,1,0.295821078431373,0.295821078431373,0.198670338117727,0.285,5580.17471537658,4743.14850807009,176.008068848484,38.6790458156883,6.86864298613777,2.23230897049477,4.94412697964445,8.02772649004852,20.9291602330886,22.1651919779997,0.812584996127906,0.0172043627110966,0.0440567316517357,0.407377397366269,0.0246158568195375,16.5493892962091,0.773098996051148,90605.5808037558,45739.1586936278,21586.422110128,22320,960,10870.9833236184,2756.69514711064,3739.57604485468,9845.78231368909,38.1087610191644,24.3846256559375,62.4933866751018,0.355059782679049,22.8348080220003,22.3348080220003,21.9122958245967,0.198849179148475,0.131150820851525,22.5607221363712,4.76,23.8181064717741,1.90581064717741,17.1522958245967,88.8840747684845,799.95667291636,44.4420373842422,199.98916822909,315.53846542812,157.76923271406,5580.17471537658,4743.14850807009,0.85,0.295821078431373,0.19652563223014,0.285,0.295821078431373,0.0950104149813889,0.200049712084179,0.200049712084179,0.806380144775615
4900,0.3275,balanced,1,2,1,OK,0.0569558170460695,0,0.174723247778904,0.0192205235258649,0.0551167079566864,0.019241518779543,1,0.28703431372549,0.28703431372549,0.200426500193967,0.285,5580.17471537658,4743.14850807009,181.396070956091,39.2666092644472,6.97298277726033,2.26621940260961,5.01923194249965,8.14967362092301,20.9954523294943,22.2502603151192,0.824928766059815,0.0169158235707677,0.0440567316517357,0.395277078632617,0.0238994221804595,16.5391897614915,0.773098996051148,90605.5808037558,45739.1586936278,21586.422110128,22320,960,11212.4064852592,2886.99955570118,3756.59163986772,9272.74269798475,40.0210712824917,25.6103981124017,65.6314693948934,0.361813070420805,22.7497396848808,22.2497396848808,21.9960976659226,0.199362242648208,0.130637757351792,22.6517988705192,4.76,23.9112196288029,1.91512196288028,17.2360976659226,88.8840747684845,799.95667291636,44.4420373842422,199.98916822909,291.095344866787,145.547672433393,5580.17471537658,4743.14850807009,0.85,0.28703431372549,0.196058849874166,0.285,0.28703431372549,0.121891293744318,0.140978567159081,0.140978567159081,0.67041681724745
5100,0.355,balanced,1,8,1,OK,0.0571213540614065,0,0.108457083934609,0.0616012374193882,0.0710177892775558,0.0390081694081378,1,0.29875,0.29875,0.198135752702295,0.285,5580.17471537658,4743.14850807009,174.282499546048,38.4889756442206,6.83489023648757,2.22133932685846,4.91983136833964,7.98827796389484,20.9192179076061,22.149175749691,0.808591925298752,0.0172881859877936,0.0440567316517357,0.411410836944153,0.0248451789006668,16.5589806613593,0.773098996051148,90605.5808037558,45739.1586936278,21586.422110128,22320,960,10808.2383345959,2728.36340748544,3750.18248063186,9873.70758022564,37.523395166268,24.0096912941329,61.5330864604009,0.353065205173643,22.850824250309,22.350824250309,21.8985594318451,0.199059978059683,0.130940021940317,22.5427622591581,4.76,23.8028438131612,1.90428438131612,17.1385594318451,88.8840747684845,799.95667291636,44.4420373842422,199.98916822909,315.53846542812,157.76923271406,5580.17471537658,4743.14850807009,0.85,0.29875,0.196614209031681,0.285,0.29875,0.0860501220604125,0.188284518828452,0.188284518828452,0.80556635122336
5175,0.3525,balanced,1,8,1,OK,0.0574731781184046,0,0.093802885289151,0.074975403426111,0.0784348275104198,0.0298649683823847,1,0.303143382352941,0.303143382352941,0.197379086157536,0.285,5580.17471537658,4743.14850807009,171.756666219294,38.2090521063268,6.78518128414238,2.20518391734627,4.88405030169872,7.93018062584141,20.9120254375583,22.133038012983,0.802711178704344,0.0174109250846534,0.0440567316517357,0.417460996310979,0.0251888539899711,16.5732429302735,0.773098996051148,90605.5808037558,45739.1586936278,21586.422110128,22320,960,10728.4691224221,2690.82902738915,3770.3606933244,9870.86867966481,36.6847243609966,23.4726894532795,60.157413814276,0.350247912575742,22.866961987017,22.366961987017,21.8838167575962,0.198972422478934,0.131027577521066,22.5237620371188,4.76,23.7864630639958,1.90264630639958,17.1238167575962,88.8840747684845,799.95667291636,44.4420373842422,199.98916822909,313.316363558908,156.658181779454,5580.17471537658,4743.14850807009,0.85,0.303143382352941,0.196748383562165,0.285,0.303143382352941,0.072609682678948,0.162816081498999,0.162816081498999,0.791628442470143
5025,0.355,balanced,1,7,1,OK,0.0575229216436269,0,0.127428248963703,0.0495746851127264,0.0654172365711505,0.0390081694081378,1,0.294356617647059,0.294356617647059,0.198947045559894,0.285,5580.17471537658,4743.14850807009,176.883730882556,38.7751429720346,6.88570796395732,2.23785508828613,4.95641054386739,8.04767118287511,20.9327850378261,22.1718876737929,0.814603843950307,0.0171624008989,0.0440567316517357,0.405360677577327,0.024501683162284,16.5441971840248,0.773098996051148,90605.5808037558,45739.1586936278,21586.422110128,22320,960,10902.6782914676,2770.9228852316,3734.22806805732,9831.7018364548,38.4047693588062,24.5741936593459,62.9789630181521,0.356047233422319,22.8281123262071,22.3281123262071,21.9186615779151,0.198909378342116,0.131090621657884,22.5684005173023,4.76,23.8251795310167,1.90651795310167,17.1586615779151,88.8840747684845,799.95667291636,44.4420373842422,199.98916822909,315.53846542812,157.76923271406,5580.17471537658,4743.14850807009,0.85,0.294356617647059,0.196485615982133,0.285,0.294356617647059,0.0994905614418771,0.206020108661712,0.206020108661712,0.806748032040584
5125,0.355,balanced,1,8,1,OK,0.0580728318462,0,0.102949504597468,0.0684944455050822,0.0734692075755073,0.0390081694081378,1,0.300214460784314,0.300214460784314,0.197877686240692,0.285,5580.17471537658,4743.14850807009,173.432341011677,38.3949853314109,6.81819939292535,2.21591480270074,4.9078171101906,7.9687705404815,20.9155875213511,22.1425417988988,0.806617338895186,0.0173302607701532,0.0440567316517357,0.413427556733095,0.0249605406424017,16.5632452700477,0.773098996051148,90605.5808037558,45739.1586936278,21586.422110128,22320,960,10777.1192694938,2714.51612203248,3755.41908405821,9887.49482690294,37.2383579656513,23.8271529052711,61.0655108709225,0.352099905442728,22.8574582011012,22.3574582011012,21.8923253872237,0.199016761208258,0.130983238791742,22.535167167714,4.76,23.7959170969153,1.90359170969153,17.1323253872237,88.8840747684845,799.95667291636,44.4420373842422,199.98916822909,315.53846542812,157.76923271406,5580.17471537658,4743.14850807009,0.85,0.300214460784314,0.196664211097674,0.285,0.300214460784314,0.0815699755999244,0.182488008980508,0.182488008980508,0.805107284231236
4900,0.345,balanced,1,5,1,OK,0.0584397081302649,0,0.170028994569852,0.0243703885390654,0.0566224881175528,0.0288189230610481,1,0.28703431372549,0.28703431372549,0.200426500193967,0.285,5580.17471537658,4743.14850807009,181.396070956091,39.2666092644472,6.97298277726033,2.26621940260961,5.01923194249965,8.14967362092301,20.9696616511632,22.2244696367881,0.824928766059815,0.0169399360188813,0.0440567316517357,0.395277078632617,0.0239235346285731,16.5225199691235,0.773098996051148,90605.5808037558,45739.1586936278,21586.422110128,22320,960,11117.245941868,2859.71776816343,3724.70916198764,9585.01553712115,39.9757520052037,25.5807463138193,65.5564983190229,0.361399769981191,22.7755303632119,22.2755303632119,21.9684542208418,0.198993109129191,0.131006890870809,22.6260081921881,4.76,23.8805046898242,1.91205046898242,17.2084542208418,88.8840747684845,799.95667291636,44.4420373842422,199.98916822909,306.650057951271,153.325028975636,5580.17471537658,4743.14850807009,0.85,0.28703431372549,0.196239128872847,0.285,0.28703431372549,0.121891293744318,0.201946887541628,0.201946887541628,0.758059169858746
4900,0.325,balanced,1,2,1,OK,0.0584783520807894,0,0.175448685279638,0.0245807997797272,0.0540185634369643,0.0192544479417779,1,0.28703431372549,0.28703431372549,0.200426500193967,0.285,5580.17471537658,4743.14850807009,181.396070956091,39.2666092644472,6.97298277726033,2.26621940260961,5.01923194249965,8.14967362092301,20.9973454802368,22.2521534658617,0.824928766059815,0.0169121931375719,0.0440567316517357,0.395277078632617,0.0238957917472637,16.5417025229089,0.773098996051148,90605.5808037558,45739.1586936278,21586.422110128,22320,960,11226.2652579404,2890.7742186218,3761.23486696275,9227.46316277657,40.0244019679129,25.6125773949731,65.636979362886,0.361843445764458,22.7478465341383,22.2478465341383,21.9993228139825,0.199627621362062,0.130372378637938,22.6536920212617,4.76,23.9148031266472,1.91548031266472,17.2393228139825,88.8840747684845,799.95667291636,44.4420373842422,199.98916822909,288.873242997575,144.436621498787,5580.17471537658,4743.14850807009,0.85,0.28703431372549,0.196031706597041,0.285,0.28703431372549,0.121891293744318,0.132268807104432,0.132268807104432,0.657895070352388
5000,0.355,balanced,1,7,1,OK,0.0586707774771353,0,0.134600421426429,0.0485833740619122,0.06325819629231,0.0390718411653346,1,0.292892156862745,0.292892156862745,0.199229816485383,0.285,5580.17471537658,4743.14850807009,177.768149536969,38.8719599591304,6.9029007696569,2.24344275013849,4.96878612004548,8.06776527453649,20.9364500498977,22.178646579909,0.816637814267445,0.0171204808749424,0.0440567316517357,0.403343957788385,0.024387909664709,16.5386850834556,0.773098996051148,90605.5808037558,45739.1586936278,21586.422110128,22320,960,10934.5678835911,2785.28448990907,3728.84183651638,9817.52063981457,38.7046244692853,24.7662272470989,63.4708517163842,0.357042877937955,22.821353420091,22.321353420091,21.9250898731103,0.198970090345444,0.131029909654556,22.5761494695127,4.76,23.8323220812337,1.90723220812336,17.1650898731103,88.8840747684845,799.95667291636,44.4420373842422,199.98916822909,315.53846542812,157.76923271406,5580.17471537658,4743.14850807009,0.85,0.292892156862745,0.196449056067671,0.285,0.292892156862745,0.103970707902365,0.212050209205021,0.212050209205021,0.807084274702309
4950,0.3525,balanced,1,6,1,OK,0.0592813626205958,0,0.15081041345872,0.0399751888097612,0.0602824561789258,0.0345426665872015,1,0.289963235294118,0.289963235294118,0.199814942137149,0.285,5580.17471537658,4743.14850807009,179.56378741108,39.067789712168,6.9376763084871,2.25474480025831,4.99381794658081,8.10840918554429,20.9499902529903,22.1984447396355,0.820751884709411,0.0170335444594619,0.0440567316517357,0.399310518210501,0.0241583414163121,16.5288879451336,0.773098996051148,90605.5808037558,45739.1586936278,21586.422110128,22320,960,11012.0697039719,2818.42185793943,3722.39181436731,9745.28533541489,39.3266535501727,25.1647392465555,64.4913927967282,0.359155895108664,22.8015552603645,22.3015552603645,21.9430245361144,0.198852720252639,0.131147279747361,22.597950175362,4.76,23.8522494845715,1.90922494845715,17.1830245361144,88.8840747684845,799.95667291636,44.4420373842422,199.98916822909,313.316363558908,156.658181779454,5580.17471537658,4743.14850807009,0.85,0.289963235294118,0.196362670436999,0.285,0.289963235294118,0.112931000823342,0.215671357930772,0.215671357930772,0.795147719347688
5225,0.35,balanced,1,8,1,OK,0.0593202014218772,0,0.0862846368484811,0.0882045395752829,0.0837180095456026,0.0219409616077813,1,0.306072303921569,0.306072303921569,0.196903618430966,0.285,5580.17471537658,4743.14850807009,170.113061757865,38.025794205274,6.752638260648,2.1946074347106,4.86062546497587,7.89214596713235,20.9086097916008,22.1237661578447,0.798861222799875,0.0174916556600931,0.0440567316517357,0.421494435888862,0.025418667084238,16.582082549491,0.773098996051148,90605.5808037558,45739.1586936278,21586.422110128,22320,960,10680.5315291499,2667.59493821954,3785.22725106292,9853.52383521016,36.1447555402061,23.1269813272941,59.2717368675003,0.348425548602883,22.8762338421553,22.3762338421553,21.8755319240159,0.198929569740033,0.131070430259967,22.5126161950428,4.76,23.777257693351,1.9017257693351,17.1155319240159,88.8840747684845,799.95667291636,44.4420373842422,199.98916822909,311.094261689696,155.547130844848,5580.17471537658,4743.14850807009,0.85,0.306072303921569,0.196844999368937,0.285,0.306072303921569,0.0636493897579717,0.143520650237233,0.143520650237233,0.778048724235112
5250,0.345,balanced,1,8,1,OK,0.0593555067630245,0.00803519203238126,0.0840960718258725,0.0864442859253849,0.086175359262382,0.00975053081202331,1,0.307536764705882,0.307536764705882,0.196674241897281,0.285,5580.17471537658,4743.14850807009,169.302999559018,37.9351485597678,6.73654136466465,2.18937594351601,4.84903873701805,7.87333271995181,20.9123659254137,22.1246256096682,0.79695690251613,0.0175265128287518,0.0440567316517357,0.423511155677804,0.0255286030694695,16.5896721620579,0.773098996051148,90605.5808037558,45739.1586936278,21586.422110128,22320,960,10676.4887281406,2661.58445107855,3799.63098067342,9777.81630758168,35.8882346206321,22.9628674018014,58.8511020224335,0.347608147379092,22.8753743903318,22.3753743903318,21.8771834958761,0.198970893570497,0.131029106429503,22.5125487086296,4.76,23.7790927731957,1.90190927731956,17.1171834958761,88.8840747684845,799.95667291636,44.4420373842422,199.98916822909,306.650057951271,153.325028975636,5580.17471537658,4743.14850807009,0.85,0.307536764705882,0.196859252524043,0.285,0.307536764705882,0.0591692432974835,0.121817095038852,0.121817095038852,0.752521131603224
5150,0.355,balanced,1,8,1,OK,0.0595209153820053,0,0.0978531222191871,0.0767659670499716,0.0760062738185329,0.0390081694081378,1,0.301678921568627,0.301678921568627,0.197625335201644,0.285,5580.17471537658,4743.14850807009,172.590436443659,38.3016802473612,6.80163023260577,2.21052982559688,4.89589044101717,7.949405334358,20.9119967442521,22.1359693545064,0.804657148053808,0.0173723753321221,0.0440567316517357,0.415444276522037,0.0250763005351854,16.5672075886597,0.773098996051148,90605.5808037558,45739.1586936278,21586.422110128,22320,960,10746.187906768,2700.79590465259,3760.61903056236,9901.1855610152,36.9569076029049,23.6469134395489,60.6038210424538,0.35114240563519,22.8640306454936,22.3640306454936,21.8861512787719,0.198973924407782,0.131026075592218,22.5276405897878,4.76,23.7890569764132,1.90290569764132,17.1261512787719,88.8840747684845,799.95667291636,44.4420373842422,199.98916822909,315.53846542812,157.76923271406,5580.17471537658,4743.14850807009,0.85,0.301678921568627,0.196717457588917,0.285,0.301678921568627,0.0770898291394362,0.176747775927205,0.176747775927205,0.804618686877538
5250,0.3475,balanced,1,8,1,OK,0.0597617741602578,3.47275690096408e-07,0.0834516366375729,0.0932759521830188,0.0863744035814046,0.0152361490843275,1,0.307536764705882,0.307536764705882,0.196674241897281,0.285,5580.17471537658,4743.14850807009,169.302999559018,37.9351485597678,6.73654136466465,2.18937594351601,4.84903873701805,7.87333271995181,20.9087550755298,22.1210147597843,0.79695690251613,0.017530202744969,0.0440567316517357,0.423511155677804,0.0255322929856867,16.5872746296317,0.773098996051148,90605.5808037558,45739.1586936278,21586.422110128,22320,960,10663.3674933774,2657.95367949761,3794.96129465769,9822.37195180083,35.8825706007269,22.9591623425147,58.8417329432416,0.347552808258011,22.8789852402157,22.3789852402157,21.8733712566502,0.198929361763277,0.131070638236723,22.5089378587458,4.76,23.7748569518336,1.90148569518336,17.1133712566502,88.8840747684845,799.95667291636,44.4420373842422,199.98916822909,308.872159820484,154.436079910242,5580.17471537658,4743.14850807009,0.85,0.307536764705882,0.196885001331098,0.285,0.307536764705882,0.0591692432974835,0.129946204423192,0.129946204423192,0.764989702875409
4875,0.335,balanced,1,3,1,OK,0.059827508554699,0,0.181934231480572,0.0196305619276137,0.0546202694111968,0.0301989794206238,1,0.285569852941176,0.285569852941176,0.200742583874175,0.285,5580.17471537658,4743.14850807009,182.326307217404,39.3671641263113,6.99083935650368,2.2720227908637,5.03208531038897,8.17054349791367,20.9892456120426,22.2472669396398,0.827041263157801,0.0168847529664085,0.0440567316517357,0.393260358843675,0.0237982899596804,16.5247317983749,0.773098996051148,90605.5808037558,45739.1586936278,21586.422110128,22320,960,11204.3148181277,2890.49867956353,3737.11686737427,9393.28940182949,40.3240142541206,25.8041819539289,66.1281962080495,0.362691469033039,22.7527330603602,22.2527330603602,21.9913929899003,0.199151507981948,0.130848492018052,22.6498337644709,4.76,23.9059922110004,1.91459922110004,17.2313929899003,88.8840747684845,799.95667291636,44.4420373842422,199.98916822909,297.761650474423,148.880825237211,5580.17471537658,4743.14850807009,0.85,0.285569852941176,0.196118903399639,0.285,0.285569852941176,0.126371440204806,0.17309301577084,0.17309301577084,0.708147425836647
5200,0.3525,balanced,1,8,1,OK,0.0598810933172892,0,0.089522138792752,0.0858942888037352,0.0811348735981743,0.0298649683823847,1,0.304607843137255,0.304607843137255,0.197138388464386,0.285,5580.17471537658,4743.14850807009,170.930913016316,38.1170927621545,6.76885110093753,2.1998766078047,4.87229565095786,7.91109472422074,20.9085063305246,22.126580243264,0.800779259709128,0.017453097561172,0.0440567316517357,0.419477716099921,0.0253053885401835,16.5766162979009,0.773098996051148,90605.5808037558,45739.1586936278,21586.422110128,22320,960,10697.8894566562,2677.34362123353,3775.50122339865,9884.32667518145,36.4102068235073,23.2968926099055,59.7070994334128,0.349305449668507,22.873419756736,22.373419756736,21.8777534181754,0.198930269648215,0.131069730351785,22.5163638953407,4.76,23.7797260201949,1.90197260201949,17.1177534181754,88.8840747684845,799.95667291636,44.4420373842422,199.98916822909,313.316363558908,156.658181779454,5580.17471537658,4743.14850807009,0.85,0.304607843137255,0.19680794893635,0.285,0.304607843137255,0.0681295362184599,0.157225619568716,0.157225619568716,0.791086192936253
4875,0.3375,balanced,1,3,1,OK,0.0600433053146324,0,0.181248608381643,0.0203662569294995,0.0554451428181708,0.0307876736823427,1,0.285569852941176,0.285569852941176,0.200742583874175,0.285,5580.17471537658,4743.14850807009,182.326307217404,39.3671641263113,6.99083935650368,2.2720227908637,5.03208531038897,8.17054349791367,20.9867916127546,22.2448129403519,0.827041263157801,0.0168882781852228,0.0440567316517357,0.393260358843675,0.0238018151784946,16.5222843675802,0.773098996051148,90605.5808037558,45739.1586936278,21586.422110128,22320,960,11190.669895035,2886.71158782721,3732.56570355287,9437.81936508029,40.3196655708069,25.8013366197617,66.1210021905686,0.362652012206481,22.7551870596481,22.2551870596481,21.9879663552641,0.198958221245281,0.131041778754719,22.647379765183,4.76,23.9021848391824,1.91421848391824,17.2279663552641,88.8840747684845,799.95667291636,44.4420373842422,199.98916822909,299.983752343635,149.991876171818,5580.17471537658,4743.14850807009,0.85,0.285569852941176,0.196145395193705,0.285,0.285569852941176,0.126371440204806,0.181847441261667,0.181847441261667,0.720662367152176
4875,0.3325,balanced,1,2,1,OK,0.0602316589417497,0,0.182594091069818,0.0204188597396649,0.0547730336715983,0.0302357164386336,1,0.285569852941176,0.285569852941176,0.200742583874175,0.285,5580.17471537658,4743.14850807009,182.326307217404,39.3671641263113,6.99083935650368,2.2720227908637,5.03208531038897,8.17054349791367,20.9937039908647,22.2517253184619,0.827041263157801,0.0168813824742335,0.0440567316517357,0.393260358843675,0.0237949194675054,16.5270724862388,0.773098996051148,90605.5808037558,45739.1586936278,21586.422110128,22320,960,11217.9599671021,2894.50520035698,3741.66810653684,9348.53933505332,40.3319172592359,25.8093529085307,66.1412701677665,0.362763175414398,22.7482746815381,22.2482746815381,21.9956896512725,0.199119370718784,0.130880629281216,22.654292143293,4.76,23.9107662791917,1.91507662791917,17.2356896512725,88.8840747684845,799.95667291636,44.4420373842422,199.98916822909,295.539548605211,147.769774302605,5580.17471537658,4743.14850807009,0.85,0.285569852941176,0.196093574366378,0.285,0.285569852941176,0.126371440204806,0.164338590280013,0.164338590280013,0.695619048581179
4975,0.355,balanced,1,7,1,OK,0.0604816689863768,0,0.142194071320743,0.0491702731591432,0.0611960763569586,0.0401996469486405,1,0.291427696078431,0.291427696078431,0.19951925523692,0.285,5580.17471537658,4743.14850807009,178.661456821074,38.969505808762,6.92022300710534,2.24907247730924,4.98125486266167,8.08801063955437,20.940155858367,22.1854695740324,0.81868709682273,0.0170786032133402,0.0440567316517357,0.401327237999443,0.0242745369009288,16.5328483767732,0.773098996051148,90605.5808037558,45739.1586936278,21586.422110128,22320,960,10966.6538583191,2799.78180730414,3723.41693046705,9803.23761858616,39.0083965763872,24.9607714667877,63.9691680431749,0.358046828797768,22.8145304259676,22.3145304259676,21.9315815982591,0.199031321871038,0.130968678128962,22.5839699630454,4.76,23.8395351091768,1.90795351091768,17.1715815982591,88.8840747684845,799.95667291636,44.4420373842422,199.98916822909,315.53846542812,157.76923271406,5580.17471537658,4743.14850807009,0.85,0.291427696078431,0.19641600882001,0.285,0.291427696078431,0.108450854362853,0.21814091377389,0.21814091377389,0.807388318970029
4875,0.34,balanced,1,4,1,OK,0.0606239651773057,0,0.180613410449496,0.0226259447453223,0.0548871036487283,0.0325728762991446,1,0.285569852941176,0.285569852941176,0.200742583874175,0.285,5580.17471537658,4743.14850807009,182.326307217404,39.3671641263113,6.99083935650368,2.2720227908637,5.03208531038897,8.17054349791367,20.9815531225246,22.2395744501219,0.827041263157801,0.0168915655713709,0.0440567316517357,0.393260358843675,0.0238051025646427,16.5200027084856,0.773098996051148,90605.5808037558,45739.1586936278,21586.422110128,22320,960,11177.1522776007,2882.65561289301,3728.05700159828,9482.23808493898,40.3103856839389,25.795264855792,66.1056505397309,0.362567813436309,22.7604255498781,22.2604255498781,21.983358040778,0.199083452775556,0.130916547224444,22.642141274953,4.76,23.8970644897534,1.91370644897534,17.223358040778,88.8840747684845,799.95667291636,44.4420373842422,199.98916822909,302.205854212847,151.102927106424,5580.17471537658,4743.14850807009,0.85,0.285569852941176,0.196170099690487,0.285,0.285569852941176,0.126371440204806,0.190601866752494,0.190601866752494,0.733189719210243
4900,0.3475,balanced,1,5,1,OK,0.0608045358598383,0,0.169374989221762,0.0312020547966993,0.0570684989759398,0.0342837324690796,1,0.28703431372549,0.28703431372549,0.200426500193967,0.285,5580.17471537658,4743.14850807009,181.396070956091,39.2666092644472,6.97298277726033,2.26621940260961,5.01923194249965,8.14967362092301,20.9665045184879,22.2213125041128,0.824928766059815,0.0169433856581504,0.0440567316517357,0.395277078632617,0.0239269842678422,16.5201378580697,0.773098996051148,90605.5808037558,45739.1586936278,21586.422110128,22320,960,11103.8489039467,2855.93216515364,3720.22063397002,9628.92318850751,39.9702113544133,25.5771212434437,65.547332597857,0.361349241206683,22.7786874958872,22.2786874958872,21.9647739119491,0.198888874811416,0.131111125188584,22.6228510595128,4.76,23.8764154577213,1.91164154577213,17.2047739119491,88.8840747684845,799.95667291636,44.4420373842422,199.98916822909,308.872159820484,154.436079910242,5580.17471537658,4743.14850807009,0.85,0.28703431372549,0.19626492042708,0.285,0.28703431372549,0.121891293744318,0.210656647596277,0.210656647596277,0.770566024961701
4875,0.33,balanced,1,2,1,OK,0.0608953923724942,0,0.183301942724612,0.0227311503656532,0.0536648456500824,0.0302512562519282,1,0.285569852941176,0.285569852941176,0.200742583874175,0.285,5580.17471537658,4743.14850807009,182.326307217404,39.3671641263113,6.99083935650368,2.2720227908637,5.03208531038897,8.17054349791367,20.9955836055293,22.2536049331265,0.827041263157801,0.0168777906547947,0.0440567316517357,0.393260358843675,0.0237913276480665,16.529567608037,0.773098996051148,90605.5808037558,45739.1586936278,21586.422110128,22320,960,11231.7283291323,2898.26311018484,3746.2604425087,9303.66997290364,40.3352500274794,25.8115335601853,66.1467835876647,0.362793414714378,22.7463950668735,22.2463950668735,21.9988914246165,0.199382116399295,0.130617883600705,22.6561717579577,4.76,23.9143238051294,1.91543238051294,17.2388914246165,88.8840747684845,799.95667291636,44.4420373842422,199.98916822909,293.317446735999,146.658723367999,5580.17471537658,4743.14850807009,0.85,0.285569852941176,0.196066582072875,0.285,0.285569852941176,0.126371440204806,0.155584164789186,0.155584164789186,0.683101712240509
5075,0.3575,balanced,1,8,1,OK,0.0612067417075304,0,0.113741464392095,0.0690517645242677,0.068837426558061,0.0493705646850404,1,0.297285539215686,0.297285539215686,0.198400102398024,0.285,5580.17471537658,4743.14850807009,175.14103402657,38.5836596142181,6.85170426001654,2.22680388450538,4.93193429282323,8.00792935389433,20.9192999685217,22.1522835417275,0.810581084332314,0.0172496671228135,0.0440567316517357,0.409394117155211,0.0247337314477507,16.5520563696604,0.773098996051148,90605.5808037558,45739.1586936278,21586.422110128,22320,960,10826.4951049898,2738.66862535332,3740.39965572025,9903.39321724754,37.8061445822701,24.1906847314126,61.9968293136828,0.353982318639716,22.8477164582725,22.3477164582725,21.9010637171806,0.199062617295521,0.130937382704479,22.5468382851534,4.76,23.8056263524229,1.90456263524229,17.1410637171806,88.8840747684845,799.95667291636,44.4420373842422,199.98916822909,317.760567297332,158.880283648666,5580.17471537658,4743.14850807009,0.85,0.297285539215686,0.196592881566521,0.285,0.297285539215686,0.0905302685209007,0.202547560648845,0.202547560648845,0.818478864297191
5050,0.3575,balanced,1,8,1,OK,0.0612823222190202,0,0.120076477444227,0.0650295990305656,0.0665615959667376,0.0493705646850404,1,0.295821078431373,0.295821078431373,0.198670338117727,0.285,5580.17471537658,4743.14850807009,176.008068848484,38.6790458156883,6.86864298613777,2.23230897049477,4.94412697964445,8.02772649004852,20.9230052470644,22.1590369919756,0.812584996127906,0.0172076534296674,0.0440567316517357,0.407377397366269,0.0246191475381083,16.5471772219442,0.773098996051148,90605.5808037558,45739.1586936278,21586.422110128,22320,960,10857.9759951702,2752.76052362539,3735.10157438368,9889.36557645981,38.0984917984057,24.3779076362146,62.4763994346203,0.354963268691976,22.8409630080244,22.3409630080244,21.907413291278,0.199106545658417,0.130893454341583,22.5545671503471,4.76,23.8126814347534,1.90526814347534,17.147413291278,88.8840747684845,799.95667291636,44.4420373842422,199.98916822909,317.760567297332,158.880283648666,5580.17471537658,4743.14850807009,0.85,0.295821078431373,0.196549504805617,0.285,0.295821078431373,0.0950104149813889,0.208500766394631,0.208500766394631,0.818880186717126
5175,0.355,balanced,1,8,1,OK,0.0614546851106341,0,0.093166543723598,0.0863790481255559,0.0786268871500081,0.0390081694081378,1,0.303143382352941,0.303143382352941,0.197379086157536,0.285,5580.17471537658,4743.14850807009,171.756666219294,38.2090521063268,6.78518128414238,2.20518391734627,4.88405030169872,7.93018062584141,20.9084450109887,22.1294575864134,0.802711178704344,0.0174145291466789,0.0440567316517357,0.417460996310979,0.0251924580519966,16.5708719430772,0.773098996051148,90605.5808037558,45739.1586936278,21586.422110128,22320,960,10715.4425854823,2687.20106070158,3765.78271092194,9914.78081142543,36.678981298177,23.468932627029,60.147913925206,0.350192602413527,22.8705424135866,22.3705424135866,21.8800362810544,0.198931462627992,0.131068537372008,22.5201816105493,4.76,23.7822625345048,1.90222625345048,17.1200362810544,88.8840747684845,799.95667291636,44.4420373842422,199.98916822909,315.53846542812,157.76923271406,5580.17471537658,4743.14850807009,0.85,0.303143382352941,0.196773897753822,0.285,0.303143382352941,0.072609682678948,0.171063004062822,0.171063004062822,0.804101072613452
4925,0.35,balanced,1,1,1,OK,0.0615115692707598,0,0.159444752644409,0.0339704551189204,0.0747407871339628,0.0326939100404924,1,0.288498774509804,0.288498774509804,0.20011750097076,0.285,5580.17471537658,4743.14850807009,180.475278717735,39.166821023677,6.95526233494819,2.26046025885816,5.00647656751459,8.1289628539707,20.9866677009244,22.2382868428031,0.822832374446996,0.0169907434068829,0.0440567316517357,0.397293798421559,0.0240447620044341,16.5230913222719,0.773098996051148,90605.5808037558,45739.1586936278,21586.422110128,22320,960,11057.0796937897,2839.93448189354,3721.08404325249,9686.54928253319,39.6958369379292,25.4019729418733,65.0978098798024,0.360702088077204,22.7617131571969,22.2617131571969,21.9659824073023,0.195609565563996,0.134390434436004,22.6388049682043,4.76,23.8777582303359,1.91177582303359,17.2059824073023,88.8840747684845,799.95667291636,44.4420373842422,199.98916822909,311.094261689696,155.547130844848,5580.17471537658,4743.14850807009,0.85,0.288498774509804,0.19632918915661,0.285,0.288498774509804,0.11741114728383,0.213176730454729,0.213176730454729,0.782720142142536
4900,0.3225,balanced,1,2,1,OK,0.0616267283236856,0.00497830498882993,0.176180941335623,0.0314650688475266,0.0529395986074737,0.0192674612346323,1,0.28703431372549,0.28703431372549,0.200426500193967,0.285,5580.17471537658,4743.14850807009,181.396070956091,39.2666092644472,6.97298277726033,2.26621940260961,5.01923194249965,8.14967362092301,20.9992464870412,22.2540544726661,0.824928766059815,0.0169085531682369,0.0440567316517357,0.395277078632617,0.0238921517779287,16.5442226512963,0.773098996051148,90605.5808037558,45739.1586936278,21586.422110128,22320,960,11240.1796092489,2894.56459270198,3765.89671505654,9182.00146704952,40.0277470326581,25.6147660942057,65.6425131268638,0.361873952290584,22.7459455273339,22.2459455273339,22.0025619386496,0.199894219494612,0.130105780505388,22.655593028066,4.76,23.9184021540551,1.91584021540551,17.2425619386496,88.8840747684845,799.95667291636,44.4420373842422,199.98916822909,286.651141128362,143.325570564181,5580.17471537658,4743.14850807009,0.85,0.28703431372549,0.196004492022069,0.285,0.28703431372549,0.121891293744318,0.123559047049782,0.123559047049782,0.645370453875559
5100,0.3575,balanced,1,8,1,OK,0.0616507844006983,0,0.107821627069807,0.0745288749327701,0.0712032318161784,0.0493705646850404,1,0.29875,0.29875,0.198135752702295,0.285,5580.17471537658,4743.14850807009,174.282499546048,38.4889756442206,6.83489023648757,2.22133932685846,4.91983136833964,7.98827796389484,20.9156354169948,22.1455932590797,0.808591925298752,0.0172917216651414,0.0440567316517357,0.411410836944153,0.0248487145780145,16.5566245148213,0.773098996051148,90605.5808037558,45739.1586936278,21586.422110128,22320,960,10795.205314382,2724.70717274391,3745.66035569687,9917.32188403764,37.517513271699,24.0058435295897,61.5233568012887,0.353009378230964,22.8544067409203,22.3544067409203,21.8947757231315,0.199019078669594,0.130980921330406,22.5391797685468,4.76,23.7986396923683,1.90386396923683,17.1347757231315,88.8840747684845,799.95667291636,44.4420373842422,199.98916822909,317.760567297332,158.880283648666,5580.17471537658,4743.14850807009,0.85,0.29875,0.196639607197902,0.285,0.29875,0.0860501220604125,0.196652719665272,0.196652719665272,0.8180467561665
4875,0.3425,balanced,1,4,1,OK,0.0619105577675467,0,0.179946851034095,0.0264096253750822,0.0554924443452606,0.0355967620600451,1,0.285569852941176,0.285569852941176,0.200742583874175,0.285,5580.17471537658,4743.14850807009,182.326307217404,39.3671641263113,6.99083935650368,2.2720227908637,5.03208531038897,8.17054349791367,20.978685809571,22.2367071371683,0.827041263157801,0.0168950378609094,0.0440567316517357,0.393260358843675,0.0238085748541813,16.5175933986914,0.773098996051148,90605.5808037558,45739.1586936278,21586.422110128,22320,960,11163.6244615172,2878.85573620802,3723.5448979592,9526.43115906566,40.3053081017221,25.7919426564426,66.0972507581647,0.362521743389181,22.7632928628317,22.2632928628317,21.9797759601935,0.198941410741919,0.131058589258081,22.6392739619994,4.76,23.893084400215,1.9133084400215,17.2197759601935,88.8840747684845,799.95667291636,44.4420373842422,199.98916822909,304.427956082059,152.21397804103,5580.17471537658,4743.14850807009,0.85,0.285569852941176,0.196196193724429,0.285,0.285569852941176,0.126371440204806,0.199356292243322,0.199356292243322,0.745701552605375
4875,0.3275,balanced,1,2,1,OK,0.0619900707801395,0,0.184016456491813,0.0265674338055785,0.0525753619494689,0.0302668908361683,1,0.285569852941176,0.285569852941176,0.200742583874175,0.285,5580.17471537658,4743.14850807009,182.326307217404,39.3671641263113,6.99083935650368,2.2720227908637,5.03208531038897,8.17054349791367,20.9974709415606,22.2554922691578,0.827041263157801,0.0168741895487875,0.0440567316517357,0.393260358843675,0.0237877265420593,16.5320699373413,0.773098996051148,90605.5808037558,45739.1586936278,21586.422110128,22320,960,11245.5513452985,2902.03650399778,3750.87100796597,9258.62193299877,40.3385970408159,25.813723540647,66.1523205814628,0.362823783309468,22.7445077308422,22.2445077308422,22.0021069353009,0.199646057602852,0.130353942397148,22.6580590939889,4.76,23.9178965947788,1.91578965947788,17.2421069353009,88.8840747684845,799.95667291636,44.4420373842422,199.98916822909,291.095344866787,145.547672433393,5580.17471537658,4743.14850807009,0.85,0.285569852941176,0.196039519991405,0.285,0.285569852941176,0.126371440204806,0.146829739298359,0.146829739298359,0.670581523635434
5025,0.3575,balanced,1,7,1,OK,0.0620605004676658,0,0.126791350022658,0.0625023226261083,0.0656633547029531,0.0493705646850404,1,0.294356617647059,0.294356617647059,0.198947045559894,0.285,5580.17471537658,4743.14850807009,176.883730882556,38.7751429720346,6.88570796395732,2.23785508828613,4.95641054386739,8.04767118287511,20.929308403643,22.1684110396099,0.814603843950307,0.0171658861922141,0.0440567316517357,0.405360677577327,0.0245051684555981,16.5418441547062,0.773098996051148,90605.5808037558,45739.1586936278,21586.422110128,22320,960,10889.586456421,2767.23423748986,3729.74404160195,9875.18052708128,38.3989213499717,24.5703678911998,62.9692892411715,0.355992543389876,22.8315889603901,22.3315889603901,21.9149092808376,0.198853760896397,0.131146239103603,22.5649238831193,4.76,23.8210103120418,1.90610103120418,17.1549092808376,88.8840747684845,799.95667291636,44.4420373842422,199.98916822909,317.760567297332,158.880283648666,5580.17471537658,4743.14850807009,0.85,0.294356617647059,0.19651102589514,0.285,0.294356617647059,0.0994905614418771,0.214513208018485,0.214513208018485,0.81923634244709
5125,0.3575,balanced,1,8,1,OK,0.0626028288196993,0,0.102315152511959,0.0814220830184641,0.0736568035939646,0.0493705646850404,1,0.300214460784314,0.300214460784314,0.197877686240692,0.285,5580.17471537658,4743.14850807009,173.432341011677,38.3949853314109,6.81819939292535,2.21591480270074,4.9078171101906,7.9687705404815,20.9120110065428,22.1389652840905,0.806617338895186,0.0173338165099061,0.0440567316517357,0.413427556733095,0.0249640963821546,16.56088609835,0.773098996051148,90605.5808037558,45739.1586936278,21586.422110128,22320,960,10764.1049235436,2710.87441072456,3750.88407596136,9931.15264026634,37.2325321777832,23.8233418935586,61.0558740713418,0.352044340260799,22.8610347159095,22.3610347159095,21.8885484537192,0.198975924581351,0.131024075418649,22.5315906529057,4.76,23.7917205041324,1.90317205041324,17.1285484537192,88.8840747684845,799.95667291636,44.4420373842422,199.98916822909,317.760567297332,158.880283648666,5580.17471537658,4743.14850807009,0.85,0.300214460784314,0.196689628783571,0.285,0.300214460784314,0.0815699755999244,0.190815389325441,0.190815389325441,0.817584395328635
5250,0.35,balanced,1,8,1,OK,0.0626463750595836,0,0.0828132749727579,0.10163161125459,0.0865731553861319,0.0219409616077813,1,0.307536764705882,0.307536764705882,0.196674241897281,0.285,5580.17471537658,4743.14850807009,169.302999559018,37.9351485597678,6.73654136466465,2.18937594351601,4.84903873701805,7.87333271995181,20.9051603263016,22.1174200105562,0.79695690251613,0.0175338840195705,0.0440567316517357,0.423511155677804,0.0255359742602881,16.584883402566,0.773098996051148,90605.5808037558,45739.1586936278,21586.422110128,22320,960,10650.2969900782,2654.33814397791,3790.30966334582,9866.7541295223,35.876933612108,22.9554749914073,58.8324086035153,0.347497733393712,22.8825799894438,22.3825799894438,21.869576348175,0.198888083634167,0.131111916365833,22.5053431095176,4.76,23.7706403868611,1.90106403868611,17.109576348175,88.8840747684845,799.95667291636,44.4420373842422,199.98916822909,311.094261689696,155.547130844848,5580.17471537658,4743.14850807009,0.85,0.307536764705882,0.196910689835621,0.285,0.307536764705882,0.0591692432974835,0.138075313807531,0.138075313807531,0.777455557604193
5225,0.3525,balanced,1,8,1,OK,0.0627537174538904,0,0.0856484323260279,0.0980841914607908,0.0839144517741701,0.0298649683823847,1,0.306072303921569,0.306072303921569,0.196903618430966,0.285,5580.17471537658,4743.14850807009,170.113061757865,38.025794205274,6.752638260648,2.1946074347106,4.86062546497587,7.89214596713235,20.9050252092393,22.1201815754833,0.798861222799875,0.0174953082781578,0.0440567316517357,0.421494435888862,0.0254223197023027,16.5797000755476,0.773098996051148,90605.5808037558,45739.1586936278,21586.422110128,22320,960,10667.4925528592,2663.9803865587,3780.6061806371,9897.69154040648,36.1390927394459,23.1232770716221,59.262369811068,0.348370484892105,22.8798184245167,22.3798184245167,21.8717476326442,0.198888482638852,0.131111517361148,22.5090316126814,4.76,23.7730529251602,1.90130529251602,17.1117476326442,88.8840747684845,799.95667291636,44.4420373842422,199.98916822909,313.316363558908,156.658181779454,5580.17471537658,4743.14850807009,0.85,0.306072303921569,0.196870609858418,0.285,0.306072303921569,0.0636493897579717,0.151688654881784,0.151688654881784,0.790516117431162
4950,0.355,balanced,1,7,1,OK,0.0630959703908299,0,0.150211949202612,0.0513788335092062,0.0592333241326349,0.0436636382105652,1,0.289963235294118,0.289963235294118,0.199814942137149,0.285,5580.17471537658,4743.14850807009,179.56378741108,39.067789712168,6.9376763084871,2.25474480025831,4.99381794658081,8.10840918554429,20.9439030632745,22.1923575499197,0.820751884709411,0.0170367684991871,0.0440567316517357,0.399310518210501,0.0241615654560373,16.5266823847593,0.773098996051148,90605.5808037558,45739.1586936278,21586.422110128,22320,960,10998.937993653,2814.41671734533,3717.95292392129,9788.85165120246,39.3161575595602,25.1578724276038,64.474029987164,0.359059200726047,22.8076424500803,22.3076424500803,21.938137657943,0.199093079744582,0.130906920255418,22.5918629856462,4.76,23.8468196199367,1.90868196199367,17.178137657943,88.8840747684845,799.95667291636,44.4420373842422,199.98916822909,315.53846542812,157.76923271406,5580.17471537658,4743.14850807009,0.85,0.289963235294118,0.196386531791697,0.285,0.289963235294118,0.112931000823342,0.224293140611132,0.224293140611132,0.807659602525805
5000,0.3575,balanced,1,7,1,OK,0.0632079199603638,0,0.133964686230569,0.0615110115752941,0.0635015670328089,0.0494309263935174,1,0.292892156862745,0.292892156862745,0.199229816485383,0.285,5580.17471537658,4743.14850807009,177.768149536969,38.8719599591304,6.9029007696569,2.24344275013849,4.96878612004548,8.06776527453649,20.9329677195146,22.175164249526,0.816637814267445,0.0171239461189662,0.0440567316517357,0.403343957788385,0.0243913749087328,16.5363354586451,0.773098996051148,90605.5808037558,45739.1586936278,21586.422110128,22320,960,10921.4574116227,2781.58102642309,3724.37098070455,9860.95436417224,38.6987193976683,24.7623640972607,63.461083494929,0.356987928716283,22.824835750474,22.324835750474,21.9213308636029,0.198914406901308,0.131085593098692,22.5726671391296,4.76,23.8281454040032,1.90681454040032,17.1613308636029,88.8840747684845,799.95667291636,44.4420373842422,199.98916822909,317.760567297332,158.880283648666,5580.17471537658,4743.14850807009,0.85,0.292892156862745,0.196474446127836,0.285,0.292892156862745,0.103970707902365,0.220585774058577,0.220585774058577,0.819575049303828
4875,0.325,balanced,1,2,1,OK,0.0635157479626465,0,0.18473769279652,0.0319277100594409,0.0515048625726492,0.0302826211466737,1,0.285569852941176,0.285569852941176,0.200742583874175,0.285,5580.17471537658,4743.14850807009,182.326307217404,39.3671641263113,6.99083935650368,2.2720227908637,5.03208531038897,8.17054349791367,20.9993660663418,22.257387393939,0.827041263157801,0.0168705790594321,0.0440567316517357,0.393260358843675,0.023784116052704,16.5345795476375,0.773098996051148,90605.5808037558,45739.1586936278,21586.422110128,22320,960,11259.4294858549,2905.82551718399,3755.49995975845,9213.39367580184,40.3419584257287,25.8159229327797,66.1578813585084,0.36285428234787,22.742612606061,22.242612606061,22.005336305243,0.199911205166641,0.130088794833359,22.6599542187702,4.76,23.9214847836033,1.91614847836033,17.245336305243,88.8840747684845,799.95667291636,44.4420373842422,199.98916822909,288.873242997575,144.436621498787,5580.17471537658,4743.14850807009,0.85,0.285569852941176,0.196012387394673,0.285,0.285569852941176,0.126371440204806,0.138075313807531,0.138075313807531,0.658058474363712
4900,0.35,balanced,1,6,1,OK,0.0635362535999754,0,0.168768925602515,0.0395577138682703,0.0561468235795006,0.0409499627112592,1,0.28703431372549,0.28703431372549,0.200426500193967,0.285,5580.17471537658,4743.14850807009,181.396070956091,39.2666092644472,6.97298277726033,2.26621940260961,5.01923194249965,8.14967362092301,20.9606169296866,22.2154249153115,0.824928766059815,0.0169466032966661,0.0440567316517357,0.395277078632617,0.0239302019063579,16.5179165716775,0.773098996051148,90605.5808037558,45739.1586936278,21586.422110128,22320,960,11090.5744688242,2851.88592328475,3715.77318265162,9672.72430240777,39.9598829560175,25.5703637633469,65.5302467193644,0.361255050200215,22.7845750846885,22.2845750846885,21.959938713985,0.19909854650006,0.13090145349994,22.6169634707115,4.76,23.8710430155389,1.91110430155389,17.199938713985,88.8840747684845,799.95667291636,44.4420373842422,199.98916822909,311.094261689696,155.547130844848,5580.17471537658,4743.14850807009,0.85,0.28703431372549,0.196288977405741,0.285,0.28703431372549,0.121891293744318,0.219366407650927,0.219366407650927,0.783085350108725
4875,0.345,balanced,1,5,1,OK,0.0635666664453837,0,0.179328672142358,0.0317172988187791,0.0547509945665739,0.0398180222263932,1,0.285569852941176,0.285569852941176,0.200742583874175,0.285,5580.17471537658,4743.14850807009,182.326307217404,39.3671641263113,6.99083935650368,2.2720227908637,5.03208531038897,8.17054349791367,20.9731133737053,22.2311347013026,0.827041263157801,0.0168982791952846,0.0440567316517357,0.393260358843675,0.0238118161885564,16.5153449753518,0.773098996051148,90605.5808037558,45739.1586936278,21586.422110128,22320,960,11150.2205075423,2874.7957316683,3719.07410761615,9570.51451667788,40.2954438093432,25.7854886254726,66.0809324348158,0.362432242737312,22.7688652986974,22.2688652986974,21.9750474428231,0.199109118251471,0.130890881748529,22.6337015261337,4.76,23.8878304920256,1.91278304920256,17.2150474428231,88.8840747684845,799.95667291636,44.4420373842422,199.98916822909,306.650057951271,153.325028975636,5580.17471537658,4743.14850807009,0.85,0.285569852941176,0.19622055214508,0.285,0.285569852941176,0.126371440204806,0.208110717734149,0.208110717734149,0.758225610051881
5200,0.355,balanced,1,8,1,OK,0.0638635551285186,0,0.0888885709238883,0.0972979335031801,0.0813289984648656,0.0390081694081378,1,0.304607843137255,0.304607843137255,0.197138388464386,0.285,5580.17471537658,4743.14850807009,170.930913016316,38.1170927621545,6.76885110093753,2.1998766078047,4.87229565095786,7.91109472422074,20.9049317664136,22.1230056791531,0.800779259709128,0.0174567216964251,0.0440567316517357,0.419477716099921,0.0253090126754366,16.5742426020056,0.773098996051148,90605.5808037558,45739.1586936278,21586.422110128,22320,960,10684.8816629707,2673.72992524986,3770.91051032646,9928.28159228392,36.4045176749785,23.2931710986504,59.6976887736289,0.349250394327037,22.8769943208469,22.3769943208469,21.8739795833856,0.198889370923434,0.131110629076566,22.5127893312297,4.76,23.7755328704285,1.90155328704285,17.1139795833856,88.8840747684845,799.95667291636,44.4420373842422,199.98916822909,315.53846542812,157.76923271406,5580.17471537658,4743.14850807009,0.85,0.304607843137255,0.196833481884583,0.285,0.304607843137255,0.0681295362184599,0.165432893466366,0.165432893466366,0.803554947060081
5150,0.3575,balanced,1,8,1,OK,0.0640516097514753,0,0.0972204400526634,0.0896936045633535,0.0761959885185217,0.0493705646850404,1,0.301678921568627,0.301678921568627,0.197625335201644,0.285,5580.17471537658,4743.14850807009,172.590436443659,38.3016802473612,6.80163023260577,2.21052982559688,4.89589044101717,7.949405334358,20.9084261618547,22.132398772109,0.804657148053808,0.0173759511204458,0.0440567316517357,0.415444276522037,0.0250798763235092,16.5648455025518,0.773098996051148,90605.5808037558,45739.1586936278,21586.422110128,22320,960,10733.1922514165,2697.16861527062,3756.0712123729,9944.8865340433,36.9511370945584,23.6431386381287,60.5942757326871,0.351087099501412,22.867601227891,22.367601227891,21.8823810689485,0.198933149919804,0.131066850080196,22.5240700073904,4.76,23.7848678543872,1.90248678543872,17.1223810689485,88.8840747684845,799.95667291636,44.4420373842422,199.98916822909,317.760567297332,158.880283648666,5580.17471537658,4743.14850807009,0.85,0.301678921568627,0.196742894506568,0.285,0.301678921568627,0.0770898291394362,0.185034732095706,0.185034732095706,0.817092306670653
5275,0.3475,balanced,1,8,1,OK,0.0643741205321866,0.00351086185279546,0.0803808768393245,0.107907254964569,0.089303263911184,0.0152361490843275,1,0.309001225490196,0.309001225490196,0.196450625266454,0.285,5580.17471537658,4743.14850807009,168.500615674852,37.8451480805168,6.72055903760564,2.18418168722183,4.83753447706897,7.8546533752016,20.9053368073884,22.1147204266556,0.79506613614531,0.0175724482302415,0.0440567316517357,0.425527875466746,0.0256499756589714,16.5897964631367,0.773098996051148,90605.5808037558,45739.1586936278,21586.422110128,22320,960,10633.2936854511,2644.80189074387,3800.02145532492,9835.46899715921,35.6179847015661,22.7897292271174,58.4077139286836,0.346632050540339,22.8852795733444,22.3852795733444,21.867465200562,0.198888172835636,0.131111827164364,22.5017231848211,4.76,23.7682946672911,1.90082946672911,17.107465200562,88.8840747684845,799.95667291636,44.4420373842422,199.98916822909,308.872159820484,154.436079910242,5580.17471537658,4743.14850807009,0.85,0.309001225490196,0.196953675049545,0.285,0.309001225490196,0.0546890968369953,0.124591009141565,0.124591009141565,0.764374287063111
4975,0.3575,balanced,1,7,1,OK,0.0650183824978777,0,0.141560085577032,0.0620979106725252,0.0614366578032427,0.0505541487862893,1,0.291427696078431,0.291427696078431,0.19951925523692,0.285,5580.17471537658,4743.14850807009,178.661456821074,38.969505808762,6.92022300710534,2.24907247730924,4.98125486266167,8.08801063955437,20.9366677908797,22.1819815065451,0.81868709682273,0.0170820483940952,0.0440567316517357,0.401327237999443,0.0242779820816838,16.5305022735897,0.773098996051148,90605.5808037558,45739.1586936278,21586.422110128,22320,960,10953.5247735298,2796.06342334107,3718.95932131684,9846.62600469002,39.002433573076,24.9568703652882,63.9593039383642,0.357991617645982,22.8180184934549,22.3180184934549,21.9278158252545,0.198975571758884,0.131024428241116,22.580481895558,4.76,23.8353509169494,1.90753509169495,17.1678158252545,88.8840747684845,799.95667291636,44.4420373842422,199.98916822909,317.760567297332,158.880283648666,5580.17471537658,4743.14850807009,0.85,0.291427696078431,0.196441378724871,0.285,0.291427696078431,0.108450854362853,0.226719370913143,0.226719370913143,0.819881342314858
4925,0.3525,balanced,1,1,1,OK,0.0651734760162761,0,0.158770406251488,0.0438501070044283,0.0766379523847884,0.0406123522080859,1,0.288498774509804,0.288498774509804,0.20011750097076,0.285,5580.17471537658,4743.14850807009,180.475278717735,39.166821023677,6.95526233494819,2.26046025885816,5.00647656751459,8.1289628539707,20.9856241817662,22.2372433236448,0.822832374446996,0.0169943659347953,0.0440567316517357,0.397293798421559,0.0240483845323466,16.5206023667484,0.773098996051148,90605.5808037558,45739.1586936278,21586.422110128,22320,960,11043.751458127,2836.3997179526,3716.59863784503,9730.11870035243,39.6940171510318,25.400782278659,65.0947994296908,0.360685407398648,22.7627566763552,22.2627566763552,21.9632217321828,0.195266578647332,0.134733421352668,22.637761449046,4.76,23.8746908135364,1.91146908135364,17.2032217321828,88.8840747684845,799.95667291636,44.4420373842422,199.98916822909,313.316363558908,156.658181779454,5580.17471537658,4743.14850807009,0.85,0.288498774509804,0.196356135846027,0.285,0.288498774509804,0.11741114728383,0.221842278529405,0.221842278529405,0.79520746057263
4875,0.3225,balanced,1,2,1,OK,0.0654857609836851,5.53431214066657e-05,0.185465713099958,0.0388119791272402,0.0504536322825767,0.0302984481536951,1,0.285569852941176,0.285569852941176,0.200742583874175,0.285,5580.17471537658,4743.14850807009,182.326307217404,39.3671641263113,6.99083935650368,2.2720227908637,5.03208531038897,8.17054349791367,21.001269048281,22.2592903758782,0.827041263157801,0.0168669590881801,0.0440567316517357,0.393260358843675,0.023780496081452,16.5370965137437,0.773098996051148,90605.5808037558,45739.1586936278,21586.422110128,22320,960,11273.3632281923,2909.63028719136,3760.14745711639,9167.98363840598,40.3453343106305,25.8181318207116,66.163466131342,0.3628849129953,22.7407096241218,22.2407096241218,22.0085796582171,0.200177570093354,0.129822429906646,22.6618572007093,4.76,23.9250885091301,1.91650885091301,17.2485796582171,88.8840747684845,799.95667291636,44.4420373842422,199.98916822909,286.651141128362,143.325570564181,5580.17471537658,4743.14850807009,0.85,0.285569852941176,0.195985183542094,0.285,0.285569852941176,0.126371440204806,0.129320888316704,0.129320888316704,0.645532555938004
4850,0.335,balanced,1,2,1,OK,0.0659170280841346,0,0.191632130433333,0.0287858067063962,0.0534049842927247,0.0438859310136238,1,0.285,0.284105392156863,0.2010653081529,0.285,5580.17471537658,4743.14850807009,183.266133543267,39.4684954757306,7.00883382476904,2.27787099304994,5.04503793235733,8.19157453269881,20.993865871062,22.2551253541514,0.829170073019551,0.0168433142356168,0.0440567316517357,0.391243639054734,0.0236871479839081,16.517127318178,0.773098996051148,90605.5808037558,45739.1586936278,21586.422110128,22320,960,11237.5393335628,2905.89881800941,3731.3744191402,9378.85568727038,40.6502392226198,26.0131420932307,66.6633813158505,0.363751774684067,22.7448746458486,22.2448746458486,21.998555156354,0.199144049809459,0.130855950190541,22.65872838874,4.76,23.9139501737267,1.91539501737267,17.238555156354,88.8840747684845,799.95667291636,44.4420373842422,199.98916822909,297.761650474423,148.880825237211,5580.17471537658,4743.14850807009,0.85,0.284105392156863,0.196104918712724,0.285,0.285,0.130851586665294,0.179139886986154,0.175438596491228,0.708269237707108
4875,0.3475,balanced,1,5,1,OK,0.0659312178025924,0,0.178678851066946,0.038548965076413,0.0551912137892451,0.0452781339463554,1,0.285569852941176,0.285569852941176,0.200742583874175,0.285,5580.17471537658,4743.14850807009,182.326307217404,39.3671641263113,6.99083935650368,2.2720227908637,5.03208531038897,8.17054349791367,20.9699515638046,22.2279728914019,0.827041263157801,0.0169017087241246,0.0440567316517357,0.393260358843675,0.0238152457173964,16.5129666731261,0.773098996051148,90605.5808037558,45739.1586936278,21586.422110128,22320,960,11136.8047453212,2870.99497936719,3714.59937871938,9614.3738807226,40.2898489392606,25.7818280330697,66.0716769723303,0.362381479560967,22.7720271085981,22.2720271085981,21.9713609100149,0.199004842811958,0.130995157188042,22.630539716233,4.76,23.883734344461,1.91237343444611,17.2113609100149,88.8840747684845,799.95667291636,44.4420373842422,199.98916822909,308.872159820484,154.436079910242,5580.17471537658,4743.14850807009,0.85,0.285569852941176,0.196246324835105,0.285,0.285569852941176,0.126371440204806,0.216865143224976,0.216865143224976,0.770733797394598
5175,0.3575,balanced,1,8,1,OK,0.0659862067346457,0,0.0925360924365349,0.0993066856389379,0.0788186864462188,0.0493705646850404,1,0.303143382352941,0.303143382352941,0.197379086157536,0.285,5580.17471537658,4743.14850807009,171.756666219294,38.2090521063268,6.78518128414238,2.20518391734627,4.88405030169872,7.93018062584141,20.9048803180154,22.1258928934401,0.802711178704344,0.0174181249699463,0.0440567316517357,0.417460996310979,0.025196053875264,16.568507051845,0.773098996051148,90605.5808037558,45739.1586936278,21586.422110128,22320,960,10702.4656354697,2683.58809272399,3761.2221551065,9958.52459842829,36.6732652583643,23.4651935039959,60.1384587623602,0.350137552655902,22.8741071065599,22.3741071065599,21.8762727438998,0.198890749660488,0.131109250339512,22.516616917576,4.76,23.7780808265553,1.90180808265553,17.1162727438998,88.8840747684845,799.95667291636,44.4420373842422,199.98916822909,317.760567297332,158.880283648666,5580.17471537658,4743.14850807009,0.85,0.303143382352941,0.196799353620941,0.285,0.303143382352941,0.072609682678948,0.179309926626645,0.179309926626645,0.816571007080584
5250,0.3525,balanced,1,8,1,OK,0.0660811010500662,0,0.0821809371926603,0.111511263140098,0.0867716114740141,0.0298649683823847,1,0.307536764705882,0.307536764705882,0.196674241897281,0.285,5580.17471537658,4743.14850807009,169.302999559018,37.9351485597678,6.73654136466465,2.18937594351601,4.84903873701805,7.87333271995181,20.9015815378489,22.1138412221034,0.79695690251613,0.0175375567365999,0.0440567316517357,0.423511155677804,0.0255396469773175,16.5824984211386,0.773098996051148,90605.5808037558,45739.1586936278,21586.422110128,22320,960,10637.276805752,2650.73771498876,3785.67593993734,9910.96425682821,35.8713234108953,22.9518051885778,58.823128599473,0.347442920401228,22.8861587778966,22.3861587778966,21.8657986183561,0.198847056664299,0.131152943335701,22.5017643210649,4.76,23.7664429092846,1.90064429092846,17.1057986183561,88.8840747684845,799.95667291636,44.4420373842422,199.98916822909,313.316363558908,156.658181779454,5580.17471537658,4743.14850807009,0.85,0.307536764705882,0.19693631862408,0.285,0.307536764705882,0.0591692432974835,0.146204423191871,0.146204423191871,0.789918702973556
4850,0.3325,balanced,1,2,1,OK,0.0661528685915823,0,0.192328639588279,0.0295741045184474,0.0523058792124492,0.0439042273548713,1,0.285,0.284105392156863,0.2010653081529,0.285,5580.17471537658,4743.14850807009,183.266133543267,39.4684954757306,7.00883382476904,2.27787099304994,5.04503793235733,8.19157453269881,20.9957398112734,22.2569992943627,0.829170073019551,0.0168397513979457,0.0440567316517357,0.391243639054734,0.023683585146237,16.5196120705102,0.773098996051148,90605.5808037558,45739.1586936278,21586.422110128,22320,960,11251.272774449,2909.6556833177,3735.93454644996,9334.21406341618,40.6535886538961,26.0153336623287,66.6689223162248,0.363782009404837,22.7430007056373,22.2430007056373,22.0017475405263,0.199405384605878,0.130594615394122,22.6606023289513,4.76,23.9174972672515,1.91574972672515,17.2417475405263,88.8840747684845,799.95667291636,44.4420373842422,199.98916822909,295.539548605211,147.769774302605,5580.17471537658,4743.14850807009,0.85,0.284105392156863,0.196078006202481,0.285,0.285,0.130851586665294,0.170340335590735,0.166666666666667,0.695753677016902
4850,0.3375,balanced,1,2,1,OK,0.0661729168829759,0,0.190942130158332,0.029521501708282,0.0545223357913423,0.044476581558693,1,0.285,0.284105392156863,0.2010653081529,0.285,5580.17471537658,4743.14850807009,183.266133543267,39.4684954757306,7.00883382476904,2.27787099304994,5.04503793235733,8.19157453269881,20.991999521567,22.2532590046563,0.829170073019551,0.016846868027256,0.0440567316517357,0.391243639054734,0.0236907017755473,16.5146496191413,0.773098996051148,90605.5808037558,45739.1586936278,21586.422110128,22320,960,11223.8596495278,2902.15721637605,3726.83214155122,9423.32201210975,40.6469039073119,26.01095976843,66.6578636757419,0.36372166742965,22.7467409953437,22.2467409953437,21.9953762774733,0.198883887368002,0.131116112631998,22.6568620392449,4.76,23.9104180860814,1.91504180860814,17.2353762774733,88.8840747684845,799.95667291636,44.4420373842422,199.98916822909,299.983752343635,149.991876171818,5580.17471537658,4743.14850807009,0.85,0.284105392156863,0.196131762892202,0.285,0.285,0.130851586665294,0.187939438381573,0.18421052631579,0.720781963222837
5075,0.36,balanced,1,8,1,OK,0.0662857307132006,0,0.113111243276902,0.0835033948515867,0.069020473907075,0.0609521542130927,1,0.297285539215686,0.297285539215686,0.198400102398024,0.285,5580.17471537658,4743.14850807009,175.14103402657,38.5836596142181,6.85170426001654,2.22680388450538,4.93193429282323,8.00792935389433,20.9157271204346,22.1487106936404,0.810581084332314,0.0172531747688109,0.0440567316517357,0.409394117155211,0.0247372390937482,16.5497093513025,0.773098996051148,90605.5808037558,45739.1586936278,21586.422110128,22320,960,10813.4927131839,2735.01283466883,3735.90751478611,9946.79792175158,37.8002335104903,24.1868178564201,61.9870513669104,0.353926489651228,22.8512893063596,22.3512893063596,21.8972900534156,0.199021899867843,0.130978100132157,22.5432654370662,4.76,23.801433392684,1.9041433392684,17.1372900534156,88.8840747684845,799.95667291636,44.4420373842422,199.98916822909,319.982669166544,159.991334583272,5580.17471537658,4743.14850807009,0.85,0.297285539215686,0.196618202494683,0.285,0.297285539215686,0.0905302685209007,0.210956984149886,0.210956984149886,0.83095967429432
5050,0.36,balanced,1,8,1,OK,0.0663610054807095,0,0.119446271790515,0.0794812293578846,0.0667424329247779,0.0609521542130927,1,0.295821078431373,0.295821078431373,0.198670338117727,0.285,5580.17471537658,4743.14850807009,176.008068848484,38.6790458156883,6.86864298613777,2.23230897049477,4.94412697964445,8.02772649004852,20.919426351033,22.1554580959441,0.812584996127906,0.0172111410364471,0.0440567316517357,0.407377397366269,0.0246226351448879,16.544833441633,0.773098996051148,90605.5808037558,45739.1586936278,21586.422110128,22320,960,10844.954988674,2749.0900532731,3730.62239871728,9932.72637920895,38.0925231717783,24.3740030586552,62.4665262304334,0.354907173512639,22.8445419040559,22.3445419040559,21.9036327676562,0.199065764426212,0.130934235573788,22.5509882543157,4.76,23.8084808529513,1.90484808529513,17.1436327676562,88.8840747684845,799.95667291636,44.4420373842422,199.98916822909,319.982669166544,159.991334583272,5580.17471537658,4743.14850807009,0.85,0.295821078431373,0.196574805710052,0.285,0.295821078431373,0.0950104149813889,0.216951820705083,0.216951820705083,0.831363885619198
5275,0.35,balanced,1,8,1,OK,0.066417534434084,0,0.0797469197052003,0.11626291403614,0.0895040115281335,0.0219409616077813,1,0.309001225490196,0.309001225490196,0.196450625266454,0.285,5580.17471537658,4743.14850807009,168.500615674852,37.8451480805168,6.72055903760564,2.18418168722183,4.83753447706897,7.8546533752016,20.901747826114,22.1111314453812,0.79506613614531,0.0175761496434083,0.0440567316517357,0.425527875466746,0.0256536770721383,16.5874028222215,0.773098996051148,90605.5808037558,45739.1586936278,21586.422110128,22320,960,10620.2420102422,2641.20042950694,3795.35717657095,9879.89357626447,35.6123997911622,22.78607598706,58.3984757782222,0.346577224921902,22.8888685546188,22.3888685546188,21.8636768239506,0.198846954455081,0.131153045544919,22.4981342035467,4.76,23.7640853599451,1.90040853599451,17.1036768239506,88.8840747684845,799.95667291636,44.4420373842422,199.98916822909,311.094261689696,155.547130844848,5580.17471537658,4743.14850807009,0.85,0.309001225490196,0.19697938167161,0.285,0.309001225490196,0.0546890968369953,0.132681591941145,0.132681591941145,0.776835712600084
4925,0.355,balanced,1,6,1,OK,0.0667076765848155,0,0.158618450434868,0.0552537517038733,0.0586498348207928,0.0495722112845168,1,0.288498774509804,0.288498774509804,0.20011750097076,0.285,5580.17471537658,4743.14850807009,180.475278717735,39.166821023677,6.95526233494819,2.26046025885816,5.00647656751459,8.1289628539707,20.9502579974161,22.2018771392947,0.822832374446996,0.016995185808225,0.0440567316517357,0.397293798421559,0.0240492044057763,16.5200391546481,0.773098996051148,90605.5808037558,45739.1586936278,21586.422110128,22320,960,11031.3562441141,2829.44725172271,3712.42722601176,9774.30325905965,39.6324407687684,25.3604950870279,64.9929358557962,0.360120988966283,22.7981228607053,22.2981228607053,21.9458517075201,0.198861154482194,0.131138845517806,22.6023952646959,4.76,23.8553907861334,1.90953907861334,17.1858517075201,88.8840747684845,799.95667291636,44.4420373842422,199.98916822909,315.53846542812,157.76923271406,5580.17471537658,4743.14850807009,0.85,0.288498774509804,0.196362234591214,0.285,0.288498774509804,0.11741114728383,0.230507826604082,0.230507826604082,0.807883276226903
5100,0.36,balanced,1,8,1,OK,0.0667302112676081,0,0.107191962020378,0.0889805052600891,0.0713884534898806,0.0609521542130927,1,0.29875,0.29875,0.198135752702295,0.285,5580.17471537658,4743.14850807009,174.282499546048,38.4889756442206,6.83489023648757,2.22133932685846,4.91983136833964,7.98827796389484,20.912068572705,22.1420264147899,0.808591925298752,0.0172952493361508,0.0440567316517357,0.411410836944153,0.0248522422490239,16.5542743717747,0.773098996051148,90605.5808037558,45739.1586936278,21586.422110128,22320,960,10782.2215563462,2721.06595847652,3741.15532347876,9960.77013396273,37.5116588976233,24.0020137949499,61.5136726925733,0.352953812647841,22.8579735852101,22.3579735852101,21.8910088667496,0.198978424411919,0.131021575588081,22.5356129242571,4.76,23.7944542963884,1.90344542963884,17.1310088667496,88.8840747684845,799.95667291636,44.4420373842422,199.98916822909,319.982669166544,159.991334583272,5580.17471537658,4743.14850807009,0.85,0.29875,0.196664947851433,0.285,0.29875,0.0860501220604125,0.205020920502092,0.205020920502092,0.830524472881441
5225,0.355,balanced,1,8,1,OK,0.0667372624478889,0,0.0850181921980336,0.109487836160236,0.0841106089620076,0.0390081694081378,1,0.306072303921569,0.306072303921569,0.196903618430966,0.285,5580.17471537658,4743.14850807009,170.113061757865,38.025794205274,6.752638260648,2.1946074347106,4.86062546497587,7.89214596713235,20.901456465331,22.116612831575,0.798861222799875,0.0174989524733621,0.0440567316517357,0.421494435888862,0.0254259638975069,16.5773237776913,0.773098996051148,90605.5808037558,45739.1586936278,21586.422110128,22320,960,10654.5035146243,2660.38086243603,3776.00280847741,9941.6889032917,36.1334567220977,23.1195903617613,59.2530470838591,0.348315681768155,22.883387168425,22.383387168425,21.8679803895065,0.198847644431774,0.131152355568226,22.505462868773,4.76,23.7688670994517,1.90088670994517,17.1079803895065,88.8840747684845,799.95667291636,44.4420373842422,199.98916822909,315.53846542812,157.76923271406,5580.17471537658,4743.14850807009,0.85,0.306072303921569,0.196896161290649,0.285,0.306072303921569,0.0636493897579717,0.159856659526336,0.159856659526336,0.802980808122334
4850,0.34,balanced,1,3,1,OK,0.0667710881148146,0,0.190307930862693,0.0317811895241048,0.054091637562667,0.0462562238224542,1,0.285,0.284105392156863,0.2010653081529,0.285,5580.17471537658,4743.14850807009,183.266133543267,39.4684954757306,7.00883382476904,2.27787099304994,5.04503793235733,8.19157453269881,20.987018824466,22.2482783075553,0.829170073019551,0.0168501561226131,0.0440567316517357,0.391243639054734,0.0236939898709045,16.5123578251871,0.773098996051148,90605.5808037558,45739.1586936278,21586.422110128,22320,960,11210.3168537484,2898.11133696542,3722.33531709213,9467.68509534924,40.6380056832921,26.0051376251503,66.6431433084424,0.363641345075405,22.7517216924447,22.2517216924447,21.9908728783646,0.198978494782012,0.131021505217988,22.6518813421439,4.76,23.905414309294,1.9145414309294,17.2308728783646,88.8840747684845,799.95667291636,44.4420373842422,199.98916822909,302.205854212847,151.102927106424,5580.17471537658,4743.14850807009,0.85,0.284105392156863,0.196156600088884,0.285,0.285,0.130851586665294,0.196738989776992,0.192982456140351,0.733308998249036
4850,0.33,balanced,1,2,1,OK,0.06681960626568,0,0.19303171572825,0.0318863951444357,0.051225291704809,0.0439226301178458,1,0.285,0.284105392156863,0.2010653081529,0.285,5580.17471537658,4743.14850807009,183.266133543267,39.4684954757306,7.00883382476904,2.27787099304994,5.04503793235733,8.19157453269881,20.9976214075873,22.2588808906766,0.829170073019551,0.0168361794213917,0.0440567316517357,0.391243639054734,0.023680013169683,16.5221039469536,0.773098996051148,90605.5808037558,45739.1586936278,21586.422110128,22320,960,11265.0604286471,2913.42794403832,3740.51267504622,9289.39564991607,40.656952324883,26.0175345567928,66.6744868816758,0.36381237270952,22.7411191093234,22.2411191093234,22.0049535483229,0.199667902252011,0.130332097747989,22.6624839252652,4.76,23.9210594981365,1.91610594981366,17.2449535483229,88.8840747684845,799.95667291636,44.4420373842422,199.98916822909,293.317446735999,146.658723367999,5580.17471537658,4743.14850807009,0.85,0.284105392156863,0.196051024660106,0.285,0.285,0.130851586665294,0.161540784195316,0.157894736842105,0.683235272920008
5025,0.36,balanced,1,8,1,OK,0.0669680260689186,0,0.126199085912819,0.0769539529534273,0.0645565942969512,0.0609521542130927,1,0.294356617647059,0.294356617647059,0.198947045559894,0.285,5580.17471537658,4743.14850807009,176.883730882556,38.7751429720346,6.88570796395732,2.23785508828613,4.95641054386739,8.04767118287511,20.9231668608926,22.1622694968595,0.814603843950307,0.0171691486959111,0.0440567316517357,0.405360677577327,0.024508430959295,16.539642143986,0.773098996051148,90605.5808037558,45739.1586936278,21586.422110128,22320,960,10876.610103297,2763.29940008938,3725.29956834858,9918.55442290659,38.3885950779716,24.5636125064137,62.9522075843853,0.355895973418737,22.8377305031405,22.3377305031405,21.9100378801159,0.199110023370512,0.130889976629488,22.5587823403689,4.76,23.8155976445732,1.90555976445732,17.1500378801159,88.8840747684845,799.95667291636,44.4420373842422,199.98916822909,319.982669166544,159.991334583272,5580.17471537658,4743.14850807009,0.85,0.294356617647059,0.196534811536018,0.285,0.294356617647059,0.0994905614418771,0.223006307375258,0.223006307375258,0.831736562018807
4900,0.3525,balanced,1,6,1,OK,0.0669845135245662,0,0.168129963024877,0.0494373657537782,0.0564689580635843,0.0488520585863607,1,0.28703431372549,0.28703431372549,0.200426500193967,0.285,5580.17471537658,4743.14850807009,181.396070956091,39.2666092644472,6.97298277726033,2.26621940260961,5.01923194249965,8.14967362092301,20.9572534847328,22.2120614703577,0.824928766059815,0.0169500177613672,0.0440567316517357,0.395277078632617,0.023933616371059,16.5155600601418,0.773098996051148,90605.5808037558,45739.1586936278,21586.422110128,22320,960,11077.2852566168,2848.10817327029,3711.3207804359,9716.30117952803,39.953984973341,25.5665049717026,65.5204899450436,0.361201263068722,22.7879385296423,22.2879385296423,21.956191754172,0.199022137427201,0.130977862572799,22.6136000257577,4.76,23.8668797268578,1.91068797268578,17.196191754172,88.8840747684845,799.95667291636,44.4420373842422,199.98916822909,313.316363558908,156.658181779454,5580.17471537658,4743.14850807009,0.85,0.28703431372549,0.196314505973991,0.285,0.28703431372549,0.121891293744318,0.228076167705576,0.228076167705576,0.795588146943667
4950,0.3575,balanced,1,7,1,OK,0.0676323753205799,0,0.149580302271413,0.0643064710225881,0.0594710735188731,0.0540134059647395,1,0.289963235294118,0.289963235294118,0.199814942137149,0.285,5580.17471537658,4743.14850807009,179.56378741108,39.067789712168,6.9376763084871,2.25474480025831,4.99381794658081,8.10840918554429,20.9404092174107,22.1888637040559,0.820751884709411,0.0170401936024793,0.0440567316517357,0.399310518210501,0.0241649905593295,16.5243399218435,0.773098996051148,90605.5808037558,45739.1586936278,21586.422110128,22320,960,10985.7903219915,2810.68330714981,3713.50863808889,9832.19432244278,39.3101357379075,25.1539327928243,64.4640685307318,0.35900372486103,22.8111362959441,22.3111362959441,21.9343650698705,0.199037262289541,0.130962737710459,22.5883691397824,4.76,23.8426278554117,1.90826278554117,17.1743650698705,88.8840747684845,799.95667291636,44.4420373842422,199.98916822909,317.760567297332,158.880283648666,5580.17471537658,4743.14850807009,0.85,0.289963235294118,0.196411881232615,0.285,0.289963235294118,0.112931000823342,0.232914923291492,0.232914923291492,0.820154655392791
5125,0.36,balanced,1,8,1,OK,0.0676828248105975,0,0.101686611060353,0.0958737133457831,0.0738441642713153,0.0609521542130927,1,0.300214460784314,0.300214460784314,0.197877686240692,0.285,5580.17471537658,4743.14850807009,173.432341011677,38.3949853314109,6.81819939292535,2.21591480270074,4.9078171101906,7.9687705404815,20.9084501223169,22.1354043998645,0.806617338895186,0.017337364191936,0.0440567316517357,0.413427556733095,0.0249676440641845,16.5585329424872,0.773098996051148,90605.5808037558,45739.1586936278,21586.422110128,22320,960,10751.1398166888,2707.24767063183,3746.36622582981,9974.64408359097,37.2267336612101,23.8195487481839,61.0462824093941,0.351989035339631,22.8645956001355,22.3645956001355,21.8847883527734,0.198935332865041,0.131064667134959,22.5280297686798,4.76,23.7875426141927,1.90275426141926,17.1247883527734,88.8840747684845,799.95667291636,44.4420373842422,199.98916822909,319.982669166544,159.991334583272,5580.17471537658,4743.14850807009,0.85,0.300214460784314,0.196714988870013,0.285,0.300214460784314,0.0815699755999244,0.199142769670374,0.199142769670374,0.83005881792711
4850,0.3425,balanced,1,4,1,OK,0.0679046249522843,0,0.189682851076823,0.0355648701538647,0.0535517933698589,0.0492532597898434,1,0.285,0.284105392156863,0.2010653081529,0.285,5580.17471537658,4743.14850807009,183.266133543267,39.4684954757306,7.00883382476904,2.27787099304994,5.04503793235733,8.19157453269881,20.981828515441,22.2430879985304,0.829170073019551,0.0168534176665414,0.0440567316517357,0.391243639054734,0.0236972514148327,16.5100851658199,0.773098996051148,90605.5808037558,45739.1586936278,21586.422110128,22320,960,11196.8322663822,2894.05918232504,3717.857820475,9511.88116607937,40.6287371231447,25.9990732303905,66.6278103535352,0.363557680108994,22.7569120014696,22.2569120014696,21.9862912083961,0.199099135907918,0.130900864092082,22.646691033119,4.76,23.9003235648845,1.91403235648845,17.226291208396,88.8840747684845,799.95667291636,44.4420373842422,199.98916822909,304.427956082059,152.21397804103,5580.17471537658,4743.14850807009,0.85,0.284105392156863,0.196181236724757,0.285,0.285,0.130851586665294,0.205538541172411,0.201754385964912,0.745834646156952
4850,0.3275,balanced,1,2,1,OK,0.0679172939921103,0,0.193741417939016,0.035722678584361,0.0501634974823783,0.0439411403559238,1,0.285,0.284105392156863,0.2010653081529,0.285,5580.17471537658,4743.14850807009,183.266133543267,39.4684954757306,7.00883382476904,2.27787099304994,5.04503793235733,8.19157453269881,20.9995107263693,22.2607702094586,0.829170073019551,0.0168325982114325,0.0440567316517357,0.391243639054734,0.0236764319597238,16.5246030195885,0.773098996051148,90605.5808037558,45739.1586936278,21586.422110128,22320,960,11278.9027594414,2917.2157338832,3745.10895876048,9244.39893385014,40.6603303611821,26.0197448589104,66.6800752200925,0.363842865732474,22.7392297905414,22.2392297905414,22.0081732998525,0.199931613400565,0.130068386599435,22.6643732440472,4.76,23.9246369998362,1.91646369998362,17.2481732998525,88.8840747684845,799.95667291636,44.4420373842422,199.98916822909,291.095344866787,145.547672433393,5580.17471537658,4743.14850807009,0.85,0.284105392156863,0.196023973371608,0.285,0.285,0.130851586665294,0.152741232799897,0.149122807017544,0.670714017102131
5000,0.36,balanced,1,7,1,OK,0.0682950818197378,0,0.133334685884448,0.0759626419026131,0.0637449041890806,0.061009308882673,1,0.292892156862745,0.292892156862745,0.199229816485383,0.285,5580.17471537658,4743.14850807009,177.768149536969,38.8719599591304,6.9029007696569,2.24344275013849,4.96878612004548,8.06776527453649,20.9295003891152,22.1716969191266,0.816637814267445,0.0171274034996658,0.0440567316517357,0.403343957788385,0.0243948322894324,16.5339918308481,0.773098996051148,90605.5808037558,45739.1586936278,21586.422110128,22320,960,10908.3963218876,2777.89268071361,3719.91696493062,9904.22332175394,38.6928415518332,24.7585187849912,63.4513603368244,0.356933232989686,22.8283030808734,22.3283030808734,21.9175884317937,0.198859040982322,0.131140959017678,22.5691998087302,4.76,23.8239871464375,1.90639871464375,17.1575884317937,88.8840747684845,799.95667291636,44.4420373842422,199.98916822909,319.982669166544,159.991334583272,5580.17471537658,4743.14850807009,0.85,0.292892156862745,0.196499778572932,0.285,0.292892156862745,0.103970707902365,0.229121338912134,0.229121338912134,0.832063133172356
5200,0.3575,balanced,1,8,1,OK,0.0683960329410888,0,0.088260907218633,0.110225571016562,0.0815228489676819,0.0493705646850404,1,0.304607843137255,0.304607843137255,0.197138388464386,0.285,5580.17471537658,4743.14850807009,170.930913016316,38.1170927621545,6.76885110093753,2.1998766078047,4.87229565095786,7.91109472422074,20.9013729202792,22.1194468330187,0.800779259709128,0.017460337541212,0.0440567316517357,0.419477716099921,0.0253126285202235,16.571875013485,0.773098996051148,90605.5808037558,45739.1586936278,21586.422110128,22320,960,10671.9234314841,2670.13117912949,3766.33728875516,9972.06785170177,36.3988553085114,23.2894671324747,59.6883224409861,0.349195598313387,22.8805531669813,22.3805531669813,21.8702226683974,0.198848718863705,0.131151281136295,22.5092304850953,4.76,23.7713585204415,1.90113585204415,17.1102226683974,88.8840747684845,799.95667291636,44.4420373842422,199.98916822909,317.760567297332,158.880283648666,5580.17471537658,4743.14850807009,0.85,0.304607843137255,0.196858956424387,0.285,0.304607843137255,0.0681295362184599,0.173640167364017,0.173640167364017,0.816021005563519
4875,0.35,balanced,1,5,1,OK,0.0688460688172339,0,0.178034917175956,0.0469046241479839,0.055633075309563,0.0519576339023012,1,0.285569852941176,0.285569852941176,0.200742583874175,0.285,5580.17471537658,4743.14850807009,182.326307217404,39.3671641263113,6.99083935650368,2.2720227908637,5.03208531038897,8.17054349791367,20.96680315452,22.2248244821173,0.827041263157801,0.0169051301464788,0.0440567316517357,0.393260358843675,0.0238186671397506,16.5105946750215,0.773098996051148,90605.5808037558,45739.1586936278,21586.422110128,22320,960,11123.4401937441,2867.20978586206,3710.1417307566,9658.06477424897,40.2842793253458,25.778183987855,66.0624633132008,0.362330945662321,22.7751755178827,22.2751755178827,21.9676905159545,0.198901111507005,0.131098888492995,22.6273913069484,4.76,23.8796561288383,1.91196561288383,17.2076905159545,88.8840747684845,799.95667291636,44.4420373842422,199.98916822909,311.094261689696,155.547130844848,5580.17471537658,4743.14850807009,0.85,0.285569852941176,0.196272036605408,0.285,0.285569852941176,0.126371440204806,0.225619568715803,0.225619568715803,0.783239253300518
5150,0.36,balanced,1,8,1,OK,0.0691323052506145,0,0.096593585646455,0.104145234890673,0.0763854536054836,0.0609521542130927,1,0.301678921568627,0.301678921568627,0.197625335201644,0.285,5580.17471537658,4743.14850807009,172.590436443659,38.3016802473612,6.80163023260577,2.21052982559688,4.89589044101717,7.949405334358,20.9048711943684,22.1288438046227,0.804657148053808,0.0173795187997152,0.0440567316517357,0.415444276522037,0.0250834440027785,16.5624894442732,0.773098996051148,90605.5808037558,45739.1586936278,21586.422110128,22320,960,10720.2458115276,2693.55624810649,3751.54061709145,9988.42082298934,36.945393611814,23.6393815417856,60.5847751535997,0.351032052540044,22.8711561953773,22.3711561953773,21.8786276720129,0.198892620122068,0.131107379877932,22.5205150399041,4.76,23.7806974133477,1.90206974133477,17.1186276720129,88.8840747684845,799.95667291636,44.4420373842422,199.98916822909,319.982669166544,159.991334583272,5580.17471537658,4743.14850807009,0.85,0.301678921568627,0.196768273739218,0.285,0.301678921568627,0.0770898291394362,0.193321688264208,0.193321688264208,0.829563237806905
4850,0.325,balanced,1,2,1,OK,0.0694459855516073,0,0.194457806311497,0.0410829548382233,0.0491207769161865,0.0439597591387942,1,0.285,0.284105392156863,0.2010653081529,0.285,5580.17471537658,4743.14850807009,183.266133543267,39.4684954757306,7.00883382476904,2.27787099304994,5.04503793235733,8.19157453269881,21.0014078349866,22.2626673180759,0.829170073019551,0.0168290076718315,0.0440567316517357,0.391243639054734,0.0236728414201228,16.5271093617922,0.773098996051148,90605.5808037558,45739.1586936278,21586.422110128,22320,960,11292.8002370943,2921.01918858322,3749.72355374124,9199.22237950624,40.6637228902967,26.0219646522147,66.6856875425113,0.363873489625226,22.7373326819241,22.2373326819241,22.0114069170406,0.200196528865748,0.129803471134252,22.6662703526645,4.76,23.9282299078228,1.91682299078228,17.2514069170406,88.8840747684845,799.95667291636,44.4420373842422,199.98916822909,288.873242997575,144.436621498787,5580.17471537658,4743.14850807009,0.85,0.284105392156863,0.195996851610048,0.285,0.285,0.130851586665294,0.143941681404478,0.140350877192983,0.658189901165425
5275,0.3525,balanced,1,9,1,OK,0.0696741872965517,0,0.0791532907339496,0.126142565921648,0.0883641587435999,0.0298649683823847,1,0.309001225490196,0.309001225490196,0.196450625266454,0.285,5580.17471537658,4743.14850807009,168.500615674852,37.8451480805168,6.72055903760564,2.18418168722183,4.83753447706897,7.8546533752016,20.8955755544937,22.104959173761,0.79506613614531,0.0175796400639739,0.0440567316517357,0.425527875466746,0.0256571674927038,16.5851462593349,0.773098996051148,90605.5808037558,45739.1586936278,21586.422110128,22320,960,10607.3001694185,2637.37208350926,3790.73214934455,9924.20149939863,35.6027990480917,22.7797959426858,58.3825949907775,0.346482977269565,22.895040826239,22.395040826239,21.8588127872482,0.199117388686407,0.130882611313593,22.4919619319265,4.76,23.7586808747202,1.89986808747202,17.0988127872482,88.8840747684845,799.95667291636,44.4420373842422,199.98916822909,313.316363558908,156.658181779454,5580.17471537658,4743.14850807009,0.85,0.309001225490196,0.197003622932525,0.285,0.309001225490196,0.0546890968369953,0.140772174740725,0.140772174740725,0.789307195232312
4850,0.345,balanced,1,4,1,OK,0.0697413030817883,0,0.18902714992903,0.0408725435975615,0.0541518660967568,0.0534921363795797,1,0.285,0.284105392156863,0.2010653081529,0.285,5580.17471537658,4743.14850807009,183.266133543267,39.4684954757306,7.00883382476904,2.27787099304994,5.04503793235733,8.19157453269881,20.9789693320426,22.2402288151319,0.829170073019551,0.01685686152382,0.0440567316517357,0.391243639054734,0.0237006952721114,16.5076861485625,0.773098996051148,90605.5808037558,45739.1586936278,21586.422110128,22320,960,11183.3377673471,2890.25987658855,3713.37703273278,9555.85389516398,40.6236331609941,25.9957337477903,66.6193669087844,0.363511608068364,22.7597711848681,22.2597711848681,21.982719003584,0.19895780467847,0.13104219532153,22.6438318497205,4.76,23.8963544484266,1.91363544484267,17.222719003584,88.8840747684845,799.95667291636,44.4420373842422,199.98916822909,306.650057951271,153.325028975636,5580.17471537658,4743.14850807009,0.85,0.284105392156863,0.196207250496039,0.285,0.285,0.130851586665294,0.21433809256783,0.210526315789474,0.758344806972184
5250,0.355,balanced,1,9,1,OK,0.069886503629051,0,0.081589215965333,0.122914907839543,0.0856292904391814,0.0390081694081378,1,0.307536764705882,0.307536764705882,0.196674241897281,0.285,5580.17471537658,4743.14850807009,169.302999559018,37.9351485597678,6.73654136466465,2.18937594351601,4.84903873701805,7.87333271995181,20.8954137911942,22.1076734754488,0.79695690251613,0.0175410176333877,0.0440567316517357,0.423511155677804,0.0255431078741053,16.5802516187603,0.773098996051148,90605.5808037558,45739.1586936278,21586.422110128,22320,960,10624.3665217826,2646.90895411528,3781.0813287137,9955.05993897127,35.8616588084474,22.945483339014,58.8071421474614,0.347348495305079,22.8923265245512,22.3923265245512,21.8609423364592,0.199117515373512,0.130882484626488,22.4955965744102,4.76,23.7610470405102,1.90010470405102,17.1009423364592,88.8840747684845,799.95667291636,44.4420373842422,199.98916822909,315.53846542812,157.76923271406,5580.17471537658,4743.14850807009,0.85,0.307536764705882,0.196960469298075,0.285,0.307536764705882,0.0591692432974835,0.15433353257621,0.15433353257621,0.802392131096884
4975,0.36,balanced,1,7,1,OK,0.0701051137977336,0,0.140931807596039,0.0765495409998441,0.0616772244331676,0.0621279707408445,1,0.291427696078431,0.291427696078431,0.19951925523692,0.285,5580.17471537658,4743.14850807009,178.661456821074,38.969505808762,6.92022300710534,2.24907247730924,4.98125486266167,8.08801063955437,20.9331947372943,22.1785084529598,0.81868709682273,0.0170854857627661,0.0440567316517357,0.401327237999443,0.0242814194503547,16.5281621537813,0.773098996051148,90605.5808037558,45739.1586936278,21586.422110128,22320,960,10940.4450915595,2792.36020683356,3714.51848549556,9889.84995094304,38.9964980477192,24.9529872668887,63.9494853146079,0.35793666105976,22.8214915470402,22.3214915470402,21.9240666486627,0.198920139339925,0.131079860660075,22.5770088419727,4.76,23.8311851651808,1.90711851651808,17.1640666486627,88.8840747684845,799.95667291636,44.4420373842422,199.98916822909,319.982669166544,159.991334583272,5580.17471537658,4743.14850807009,0.85,0.291427696078431,0.196466691102467,0.285,0.291427696078431,0.108450854362853,0.235297828052396,0.235297828052396,0.832371675727173
4875,0.32,balanced,1,2,1,OK,0.0704232772082549,0.0106789948338668,0.18620057992572,0.0472202410089764,0.0494219607083257,0.03031437284275,1,0.285569852941176,0.285569852941176,0.200742583874175,0.285,5580.17471537658,4743.14850807009,182.326307217404,39.3671641263113,6.99083935650368,2.2720227908637,5.03208531038897,8.17054349791367,21.003179956834,22.2612012844313,0.827041263157801,0.0168633295346682,0.0440567316517357,0.393260358843675,0.02377686652794,16.5396209118455,0.773098996051148,90605.5808037558,45739.1586936278,21586.422110128,22320,960,11287.3530570023,2913.45095357471,3764.81366170509,9122.39023399815,40.3487248259067,25.8203502898632,66.1690751157699,0.362915676435385,22.7387987155687,22.2387987155687,22.0118371198975,0.200445163554965,0.129554836445035,22.6637681092624,4.76,23.9287079109972,1.91687079109972,17.2518371198975,88.8840747684845,799.95667291636,44.4420373842422,199.98916822909,284.42903925915,142.214519629575,5580.17471537658,4743.14850807009,0.85,0.285569852941176,0.195957907679443,0.285,0.285569852941176,0.126371440204806,0.120566462825877,0.120566462825877,0.633003759784323
5300,0.35,balanced,1,8,1,OK,0.0708282946702585,0.000849867477300539,0.0770850809450747,0.132066392882137,0.0925087205793718,0.0219409616077813,1,0.31046568627451,0.31046568627451,0.196232250212495,0.285,5580.17471537658,4743.14850807009,167.705801449971,37.755785150421,6.70468992682282,2.17902422621742,4.82611171147718,7.83610635197417,20.8983717736518,22.1048997015211,0.793188763664307,0.0176184520501554,0.0440567316517357,0.427544595255688,0.0257717750383371,16.589644858365,0.773098996051148,90605.5808037558,45739.1586936278,21586.422110128,22320,960,10590.3650207693,2628.1802405737,3800.37015570549,9892.9431255019,35.351097916533,22.6187482927391,57.9698462092721,0.345663928785227,22.8951002984789,22.3951002984789,21.8578325955306,0.198806177568801,0.131193822431199,22.4909886384393,4.76,23.7575917728118,1.89975917728118,17.0978325955306,88.8840747684845,799.95667291636,44.4420373842422,199.98916822909,311.094261689696,155.547130844848,5580.17471537658,4743.14850807009,0.85,0.31046568627451,0.197051029076751,0.285,0.31046568627451,0.0502089503765071,0.127338754243309,0.127338754243309,0.776189658282249
4900,0.355,balanced,1,6,1,OK,0.0709828820715257,0,0.167496757930629,0.0608410104532232,0.0567915971755403,0.0579735363669666,1,0.28703431372549,0.28703431372549,0.200426500193967,0.285,5580.17471537658,4743.14850807009,181.396070956091,39.2666092644472,6.97298277726033,2.26621940260961,5.01923194249965,8.14967362092301,20.9539044127665,22.2087123983915,0.824928766059815,0.0169534243341752,0.0440567316517357,0.395277078632617,0.023937022943867,16.5132096651933,0.773098996051148,90605.5808037558,45739.1586936278,21586.422110128,22320,960,11064.0463503638,2844.3458580698,3706.88523266866,9759.71196331233,39.9481139241333,25.5626638268299,65.5107777509632,0.361147721699115,22.7912876016085,22.2912876016085,21.9524612594562,0.198946145173026,0.131053854826974,22.6102509537914,4.76,23.8627347327291,1.91027347327291,17.1924612594562,88.8840747684845,799.95667291636,44.4420373842422,199.98916822909,315.53846542812,157.76923271406,5580.17471537658,4743.14850807009,0.85,0.28703431372549,0.196339975537756,0.285,0.28703431372549,0.121891293744318,0.236785927760226,0.236785927760226,0.808088235865824
5175,0.36,balanced,1,8,1,OK,0.0710677312251819,0,0.0919114843549826,0.113758315966257,0.0790102220580349,0.0609521542130927,1,0.303143382352941,0.303143382352941,0.197379086157536,0.285,5580.17471537658,4743.14850807009,171.756666219294,38.2090521063268,6.78518128414238,2.20518391734627,4.88405030169872,7.93018062584141,20.9013312243502,22.1223437997749,0.802711178704344,0.0174217126328805,0.0440567316517357,0.417460996310979,0.0251996415381982,16.5661482000917,0.773098996051148,90605.5808037558,45739.1586936278,21586.422110128,22320,960,10689.5378767486,2679.98999822692,3756.67888683789,10002.1013893934,36.6675760019006,23.4614719270411,60.1290479289417,0.35008276099264,22.8776562002251,22.3776562002251,21.8725260000638,0.198850281164337,0.131149718835663,22.5130678239108,4.76,23.7739177778486,1.90139177778486,17.1125260000638,88.8840747684845,799.95667291636,44.4420373842422,199.98916822909,319.982669166544,159.991334583272,5580.17471537658,4743.14850807009,0.85,0.303143382352941,0.196824751718714,0.285,0.303143382352941,0.072609682678948,0.187556849190467,0.187556849190467,0.829038252843743
4925,0.3575,balanced,1,7,1,OK,0.0710730371018739,0,0.158028351586834,0.0681813892172552,0.057607324051258,0.0599041837302617,1,0.288498774509804,0.288498774509804,0.20011750097076,0.285,5580.17471537658,4743.14850807009,180.475278717735,39.166821023677,6.95526233494819,2.26046025885816,5.00647656751459,8.1289628539707,20.9441926100034,22.1958117518821,0.822832374446996,0.0169983823402392,0.0440567316517357,0.397293798421559,0.0240524009377905,16.5178436634715,0.773098996051148,90605.5808037558,45739.1586936278,21586.422110128,22320,960,11018.2558568033,2825.44259128399,3708.01849933774,9817.65817447082,39.6218994548327,25.3535985693887,64.9754980242214,0.360024367247792,22.8041882481179,22.3041882481179,21.9409795184082,0.199099485429067,0.130900514570933,22.5963298772832,4.76,23.8499772426758,1.90899772426758,17.1809795184082,88.8840747684845,799.95667291636,44.4420373842422,199.98916822909,317.760567297332,158.880283648666,5580.17471537658,4743.14850807009,0.85,0.288498774509804,0.196386012449517,0.285,0.288498774509804,0.11741114728383,0.239173374678759,0.239173374678759,0.820394413741147
5225,0.3575,balanced,1,9,1,OK,0.0710916002826424,0,0.0844288200012314,0.122415473673618,0.0829663884659275,0.0493705646850404,1,0.306072303921569,0.306072303921569,0.196903618430966,0.285,5580.17471537658,4743.14850807009,170.113061757865,38.025794205274,6.752638260648,2.1946074347106,4.86062546497587,7.89214596713235,20.8952941122773,22.1104504785213,0.798861222799875,0.0175023840907137,0.0440567316517357,0.421494435888862,0.0254293955148585,16.5750867197209,0.773098996051148,90605.5808037558,45739.1586936278,21586.422110128,22320,960,10641.6244300673,2656.55164251592,3771.43840438378,9985.57398969952,36.1237288278391,23.1132270770455,59.2369559048846,0.348221090683801,22.8895495214787,22.3895495214787,21.8631321215072,0.199117997509536,0.130882002490464,22.4993005157194,4.76,23.763480135008,1.9003480135008,17.1031321215072,88.8840747684845,799.95667291636,44.4420373842422,199.98916822909,317.760567297332,158.880283648666,5580.17471537658,4743.14850807009,0.85,0.306072303921569,0.196920222224075,0.285,0.306072303921569,0.0636493897579717,0.168024664170888,0.168024664170888,0.815456005291327
4850,0.3225,balanced,1,2,1,OK,0.071405735640494,0,0.19518094196702,0.0479672239060227,0.0480974151388616,0.0439784875528239,1,0.285,0.284105392156863,0.2010653081529,0.285,5580.17471537658,4743.14850807009,183.266133543267,39.4684954757306,7.00883382476904,2.27787099304994,5.04503793235733,8.19157453269881,21.0033128018305,22.2645722849199,0.829170073019551,0.0168254077045933,0.0440567316517357,0.391243639054734,0.0236692414528847,16.5296230482727,0.773098996051148,90605.5808037558,45739.1586936278,21586.422110128,22320,960,11306.7533390048,2924.83844593414,3754.35661850667,9153.86442786119,40.6671300416741,26.0241940215127,66.6913240631868,0.363904245556868,22.7354277150801,22.2354277150801,22.0146545236695,0.200462659626909,0.129537340373091,22.6681753195084,4.76,23.9318383596328,1.91718383596328,17.2546545236695,88.8840747684845,799.95667291636,44.4420373842422,199.98916822909,286.651141128362,143.325570564181,5580.17471537658,4743.14850807009,0.85,0.284105392156863,0.195969658635201,0.285,0.285,0.130851586665294,0.135142130009059,0.131578947368421,0.645662916626986
5075,0.3625,balanced,1,8,1,OK,0.0719147018568211,0,0.112486747692034,0.0994790179928423,0.0692033112393412,0.0737529379922943,1,0.297285539215686,0.297285539215686,0.198400102398024,0.285,5580.17471537658,4743.14850807009,175.14103402657,38.5836596142181,6.85170426001654,2.22680388450538,4.93193429282323,8.00792935389433,20.9121698017236,22.1451533749294,0.810581084332314,0.0172566745351326,0.0440567316517357,0.409394117155211,0.0247407388600698,16.5473682686151,0.773098996051148,90605.5808037558,45739.1586936278,21586.422110128,22320,960,10800.5392158009,2731.37198902422,3731.43226617779,9990.03820870063,37.7943499672684,24.1829690167853,61.9773189840538,0.353870920818312,22.8548466250706,22.3548466250706,21.8935331173627,0.198981425414999,0.131018574585001,22.5397081183552,4.76,23.7972590192918,1.90372590192919,17.1335331173626,88.8840747684845,799.95667291636,44.4420373842422,199.98916822909,322.204771035756,161.102385517878,5580.17471537658,4743.14850807009,0.85,0.297285539215686,0.196643466541191,0.285,0.297285539215686,0.0905302685209007,0.219366407650926,0.219366407650926,0.843437803330564
4850,0.3475,balanced,1,5,1,OK,0.0719497247574987,0,0.188419022536666,0.0477042098551954,0.0534251063864245,0.0589246569514467,1,0.285,0.284105392156863,0.2010653081529,0.285,5580.17471537658,4743.14850807009,183.266133543267,39.4684954757306,7.00883382476904,2.27787099304994,5.04503793235733,8.19157453269881,20.9734367522271,22.2346962353165,0.829170073019551,0.0168600765321091,0.0440567316517357,0.391243639054734,0.0237039102804005,16.5054471784021,0.773098996051148,90605.5808037558,45739.1586936278,21586.422110128,22320,960,11169.966300995,2886.20253743777,3708.93709743985,9599.71838663321,40.6137605278336,25.9892742144581,66.6030347422917,0.363422490858451,22.7653037646835,22.2653037646835,21.978013299405,0.19912170347319,0.13087829652681,22.638299269905,4.76,23.8911258882277,1.91311258882277,17.218013299405,88.8840747684845,799.95667291636,44.4420373842422,199.98916822909,308.872159820484,154.436079910242,5580.17471537658,4743.14850807009,0.85,0.284105392156863,0.196231535616917,0.285,0.285,0.130851586665294,0.223137643963249,0.219298245614035,0.77086725080921
5050,0.3625,balanced,1,8,1,OK,0.0719896676526864,0,0.118821769618644,0.0954568524991402,0.0669230746087365,0.0737529379922943,1,0.295821078431373,0.295821078431373,0.198670338117727,0.285,5580.17471537658,4743.14850807009,176.008068848484,38.6790458156883,6.86864298613777,2.23230897049477,4.94412697964445,8.02772649004852,20.9158630001681,22.1518947450792,0.812584996127906,0.0172146208145688,0.0440567316517357,0.407377397366269,0.0246261149230096,16.542495584053,0.773098996051148,90605.5808037558,45739.1586936278,21586.422110128,22320,960,10831.9828985473,2745.43457737615,3726.160050092,9975.92308175085,38.0865823279368,24.3701166833276,62.4566990112644,0.354851339599834,22.8481052549208,22.3481052549208,21.8998689916056,0.199025226392604,0.130974773607396,22.5474249034507,4.76,23.8042988795618,1.90442988795618,17.1398689916056,88.8840747684845,799.95667291636,44.4420373842422,199.98916822909,322.204771035756,161.102385517878,5580.17471537658,4743.14850807009,0.85,0.295821078431373,0.196600049821351,0.285,0.295821078431373,0.0950104149813889,0.225402875015535,0.225402875015535,0.843844904054711
4875,0.3525,balanced,1,6,1,OK,0.072129349170591,0,0.177438321489072,0.0567842760334918,0.0547219779660845,0.059834778085841,1,0.285569852941176,0.285569852941176,0.200742583874175,0.285,5580.17471537658,4743.14850807009,182.326307217404,39.3671641263113,6.99083935650368,2.2720227908637,5.03208531038897,8.17054349791367,20.9609459946622,22.2189673222594,0.827041263157801,0.0169083208403369,0.0440567316517357,0.393260358843675,0.0238218578336087,16.5083832499768,0.773098996051148,90605.5808037558,45739.1586936278,21586.422110128,22320,960,11110.1976993389,2863.16501353622,3705.72479406648,9701.65079165305,40.2739219606422,25.7714075091053,66.0453294697475,0.362236972150134,22.7810326777406,22.2810326777406,21.9628738636666,0.199107886135373,0.130892113864627,22.6215341470905,4.76,23.8743042929629,1.91143042929628,17.2028738636666,88.8840747684845,799.95667291636,44.4420373842422,199.98916822909,313.316363558908,156.658181779454,5580.17471537658,4743.14850807009,0.85,0.285569852941176,0.196296014465811,0.285,0.285569852941176,0.126371440204806,0.23437399420663,0.23437399420663,0.795757295222088
5100,0.3625,balanced,1,8,1,OK,0.0723596231222088,0,0.106568042852602,0.104956128401345,0.0715734506141318,0.0737529379922943,1,0.29875,0.29875,0.198135752702295,0.285,5580.17471537658,4743.14850807009,174.282499546048,38.4889756442206,6.83489023648757,2.22133932685846,4.91983136833964,7.98827796389484,20.9085172420686,22.1384750841535,0.808591925298752,0.0172987690765206,0.0440567316517357,0.411410836944153,0.0248557619893938,16.551930176983,0.773098996051148,90605.5808037558,45739.1586936278,21586.422110128,22320,960,10769.2866702196,2717.43964009648,3736.6672485641,10004.053651118,37.5058318014889,23.9982019311685,61.5040337326574,0.352898506119986,22.8615249158465,22.3615249158465,21.8872587183225,0.198938012906766,0.131061987093234,22.5320615936207,4.76,23.7902874648028,1.90302874648028,17.1272587183225,88.8840747684845,799.95667291636,44.4420373842422,199.98916822909,322.204771035756,161.102385517878,5580.17471537658,4743.14850807009,0.85,0.29875,0.196690231536049,0.285,0.29875,0.0860501220604125,0.213389121338912,0.213389121338912,0.842999508257538
5025,0.3625,balanced,1,8,1,OK,0.0725965118359328,0,0.125575150874681,0.0929295760946829,0.0647350037162041,0.0737529379922943,1,0.294356617647059,0.294356617647059,0.198947045559894,0.285,5580.17471537658,4743.14850807009,176.883730882556,38.7751429720346,6.88570796395732,2.23785508828613,4.95641054386739,8.04767118287511,20.919597433377,22.1587000693438,0.814603843950307,0.0171726084714632,0.0440567316517357,0.405360677577327,0.0245118907348472,16.5373076260106,0.773098996051148,90605.5808037558,45739.1586936278,21586.422110128,22320,960,10863.619440641,2759.62918993346,3720.85019400074,9961.70718247936,38.3825960626803,24.5596880241931,62.9422840868734,0.355839871608456,22.8412999306562,22.3412999306562,21.9062672111635,0.199069421117131,0.130930578882869,22.5552129128532,4.76,23.8114080124039,1.90514080124039,17.1462672111635,88.8840747684845,799.95667291636,44.4420373842422,199.98916822909,322.204771035756,161.102385517878,5580.17471537658,4743.14850807009,0.85,0.294356617647059,0.196560035408984,0.285,0.294356617647059,0.0994905614418771,0.23149940673203,0.23149940673203,0.844220261996513
4950,0.36,balanced,1,7,1,OK,0.0727187961357044,0,0.148954334259308,0.0787581013499071,0.0597088271058007,0.0655825174068448,1,0.289963235294118,0.289963235294118,0.199814942137149,0.285,5580.17471537658,4743.14850807009,179.56378741108,39.067789712168,6.9376763084871,2.25474480025831,4.99381794658081,8.10840918554429,20.9369303994168,22.185384886062,0.820751884709411,0.0170436109449804,0.0440567316517357,0.399310518210501,0.0241684079018306,16.522003428296,0.773098996051148,90605.5808037558,45739.1586936278,21586.422110128,22320,960,10972.6920731189,2806.96511434733,3709.08105856055,9875.37288299561,39.3041416500448,25.1500113290854,64.4541529791302,0.358948504642385,22.814615113938,22.314615113938,21.9306090970134,0.198981762696599,0.131018237303401,22.5848903217885,4.76,23.8384545522371,1.90784545522371,17.1706090970134,88.8840747684845,799.95667291636,44.4420373842422,199.98916822909,319.982669166544,159.991334583272,5580.17471537658,4743.14850807009,0.85,0.289963235294118,0.196437173235348,0.285,0.289963235294118,0.112931000823342,0.241536705971852,0.241536705971852,0.83264701925175
4825,0.335,balanced,1,2,1,OK,0.0727518316749741,0,0.201809168379155,0.0397994863207162,0.0510425420466169,0.0602781920765,1,0.285,0.282640931372549,0.201395338266847,0.285,5580.17471537658,4743.14850807009,184.21569900204,39.5706133578612,7.0269679658799,2.28376458891097,5.0580910924211,8.21276881012214,20.9959211512134,22.2604439243187,0.831315406677756,0.0168017066210439,0.0440567316517357,0.389226919265792,0.0235761954957943,16.5093184494176,0.773098996051148,90605.5808037558,45739.1586936278,21586.422110128,22320,960,11271.0414180173,2921.17897063426,3725.61336073028,9364.37519580444,40.9761643149592,26.221847863695,67.1980121786542,0.364778965868213,22.7395560756813,22.2395560756813,22.0046666300408,0.199432050628525,0.130567949371475,22.6650912117124,4.76,23.9207407000454,1.91607407000454,17.2446666300408,88.8840747684845,799.95667291636,44.4420373842422,199.98916822909,297.761650474423,148.880825237211,5580.17471537658,4743.14850807009,0.85,0.282640931372549,0.196093185882867,0.285,0.285,0.135331733125782,0.185249420079346,0.175438596491228,0.708371448460772
4825,0.3325,balanced,1,2,1,OK,0.0729905443293316,0,0.20250029327146,0.0405877841327674,0.0499710829240727,0.0602994277763625,1,0.285,0.282640931372549,0.201395338266847,0.285,5580.17471537658,4743.14850807009,184.21569900204,39.5706133578612,7.0269679658799,2.28376458891097,5.0580910924211,8.21276881012214,20.9977970818581,22.2623198549634,0.831315406677756,0.0167981635795734,0.0440567316517357,0.389226919265792,0.0235726524543238,16.5117998502709,0.773098996051148,90605.5808037558,45739.1586936278,21586.422110128,22320,960,11284.7940978373,2924.95023350088,3730.15927319593,9319.78457163639,40.9795449783272,26.2240598915526,67.2036048698798,0.364809325339506,22.7376801450366,22.2376801450366,22.0078632678412,0.199693158451915,0.130306841548085,22.6669671423571,4.76,23.9242925198235,1.91642925198235,17.2478632678412,88.8840747684845,799.95667291636,44.4420373842422,199.98916822909,295.539548605211,147.769774302605,5580.17471537658,4743.14850807009,0.85,0.282640931372549,0.196066284238376,0.285,0.285,0.135331733125782,0.176404275153381,0.166666666666667,0.695855058872586
4825,0.3375,balanced,1,2,1,OK,0.073004853012325,0,0.201124514889447,0.040535181322602,0.0521323361248697,0.0608659161104745,1,0.285,0.282640931372549,0.201395338266847,0.285,5580.17471537658,4743.14850807009,184.21569900204,39.5706133578612,7.0269679658799,2.28376458891097,5.0580910924211,8.21276881012214,20.9940528123916,22.2585755854969,0.831315406677756,0.016805240668604,0.0440567316517357,0.389226919265792,0.0235797295433544,16.5068440903933,0.773098996051148,90605.5808037558,45739.1586936278,21586.422110128,22320,960,11257.3425168289,2917.42301607546,3721.08522465111,9408.79089118193,40.9727978873704,26.219645158714,67.1924430460845,0.364748734283174,22.7414244145031,22.2414244145031,22.0014835038931,0.199172113173476,0.130827886826524,22.6632228728906,4.76,23.9172038932145,1.91572038932145,17.2414835038931,88.8840747684845,799.95667291636,44.4420373842422,199.98916822909,299.983752343635,149.991876171818,5580.17471537658,4743.14850807009,0.85,0.282640931372549,0.196120019238295,0.285,0.285,0.135331733125782,0.194094565005311,0.18421052631579,0.720885003534097
5200,0.36,balanced,1,9,1,OK,0.0732994915190016,0,0.0876743244710214,0.124677201343881,0.080377298916861,0.0609521542130927,1,0.304607843137255,0.304607843137255,0.197138388464386,0.285,5580.17471537658,4743.14850807009,170.930913016316,38.1170927621545,6.76885110093753,2.1998766078047,4.87229565095786,7.91109472422074,20.8952168405356,22.1132907532751,0.800779259709128,0.0174637401219118,0.0440567316517357,0.419477716099921,0.0253160311009233,16.5696476840172,0.773098996051148,90605.5808037558,45739.1586936278,21586.422110128,22320,960,10659.0751937228,2666.30145822757,3761.80288619073,10015.7439610877,36.3890647242278,23.2830628050109,59.6721275292387,0.349100852948364,22.8867092467249,22.3867092467249,21.8653826793886,0.199118836038251,0.130881163961749,22.5030744053517,4.76,23.7659807548762,1.90059807548762,17.1053826793886,88.8840747684845,799.95667291636,44.4420373842422,199.98916822909,319.982669166544,159.991334583272,5580.17471537658,4743.14850807009,0.85,0.304607843137255,0.196882928464832,0.285,0.304607843137255,0.0681295362184599,0.181847441261667,0.181847441261667,0.828497792099355
5125,0.3625,balanced,1,8,1,OK,0.0733128082628726,0,0.101063834154601,0.111849336487039,0.0740312860726286,0.0737529379922943,1,0.300214460784314,0.300214460784314,0.197877686240692,0.285,5580.17471537658,4743.14850807009,173.432341011677,38.3949853314109,6.81819939292535,2.21591480270074,4.9078171101906,7.9687705404815,20.9049047360894,22.131859013637,0.806617338895186,0.0173409038924163,0.0440567316517357,0.413427556733095,0.0249711837646648,16.5561857471134,0.773098996051148,90605.5808037558,45739.1586936278,21586.422110128,22320,960,10738.2235586734,2703.63577753539,3741.8653976741,10017.9704810426,37.2209621755045,23.815773311498,61.0367354870024,0.351933988383936,22.868140986363,22.368140986363,21.8810449401271,0.198894983680398,0.131105016319602,22.5244843824523,4.76,23.7833832668079,1.90233832668079,17.1210449401271,88.8840747684845,799.95667291636,44.4420373842422,199.98916822909,322.204771035756,161.102385517878,5580.17471537658,4743.14850807009,0.85,0.300214460784314,0.196740291901515,0.285,0.300214460784314,0.0815699755999244,0.207470150015308,0.207470150015308,0.842530558923143
5275,0.355,balanced,1,9,1,OK,0.0736534992655805,0,0.0785322519533684,0.137546210621093,0.0885143063003744,0.0390081694081378,1,0.309001225490196,0.309001225490196,0.196450625266454,0.285,5580.17471537658,4743.14850807009,168.500615674852,37.8451480805168,6.72055903760564,2.18418168722183,4.83753447706897,7.8546533752016,20.8919296850445,22.1013133043117,0.79506613614531,0.017583317504671,0.0440567316517357,0.425527875466746,0.0256608449334009,16.582769451713,0.773098996051148,90605.5808037558,45739.1586936278,21586.422110128,22320,960,10594.3505350207,2633.79271760188,3786.10433692765,9968.28481923609,35.5971304628544,22.7760880394852,58.3732185023396,0.346427330657234,22.8986866956883,22.3986866956883,21.8550219104555,0.199087413221821,0.130912586778179,22.4883160624772,4.76,23.754468789395,1.8994468789395,17.0950219104555,88.8840747684845,799.95667291636,44.4420373842422,199.98916822909,315.53846542812,157.76923271406,5580.17471537658,4743.14850807009,0.85,0.309001225490196,0.197029163063796,0.285,0.309001225490196,0.0546890968369953,0.148862757540304,0.148862757540304,0.80176373121503
4825,0.33,balanced,1,2,1,OK,0.0736601588157414,0,0.203197947327542,0.0429000747587557,0.0489182302765449,0.0603207828596338,1,0.285,0.282640931372549,0.201395338266847,0.285,5580.17471537658,4743.14850807009,184.21569900204,39.5706133578612,7.0269679658799,2.28376458891097,5.0580910924211,8.21276881012214,20.9996806696958,22.2642034428011,0.831315406677756,0.016794611451866,0.0440567316517357,0.389226919265792,0.0235691003266164,16.5142883636606,0.773098996051148,90605.5808037558,45739.1586936278,21586.422110128,22320,960,11298.6010127511,2928.73693674643,3734.7231129305,9275.01753177965,40.9829400022193,26.2262813240136,67.2092213262329,0.364839813817869,22.7357965571989,22.2357965571989,22.0110735356345,0.199955447116018,0.130044552883982,22.6688507301948,4.76,23.9278594840383,1.91678594840383,17.2510735356345,88.8840747684845,799.95667291636,44.4420373842422,199.98916822909,293.317446735999,146.658723367999,5580.17471537658,4743.14850807009,0.85,0.282640931372549,0.196039313603805,0.285,0.285,0.135331733125782,0.167559130227416,0.157894736842105,0.683335826542064
5000,0.3625,balanced,1,8,1,OK,0.0737527766382175,0,0.132749164479879,0.0919382650438687,0.0626414195383304,0.0738046421539705,1,0.292892156862745,0.292892156862745,0.199229816485383,0.285,5580.17471537658,4743.14850807009,177.768149536969,38.8719599591304,6.9029007696569,2.24344275013849,4.96878612004548,8.06776527453649,20.923373708432,22.1655702384434,0.816637814267445,0.0171306380730163,0.0440567316517357,0.403343957788385,0.0243980668627829,16.5317998371277,0.773098996051148,90605.5808037558,45739.1586936278,21586.422110128,22320,960,10895.4505835396,2773.95764391956,3715.50228560624,9947.38940705517,38.6824599181603,24.7517271390703,63.4341870572307,0.35683662805996,22.8344297615566,22.3344297615566,21.9127286622621,0.199114014958041,0.130885985041959,22.563073128047,4.76,23.8185874025134,1.90585874025134,17.1527286622621,88.8840747684845,799.95667291636,44.4420373842422,199.98916822909,322.204771035756,161.102385517878,5580.17471537658,4743.14850807009,0.85,0.292892156862745,0.196523478494615,0.285,0.292892156862745,0.103970707902365,0.23765690376569,0.23765690376569,0.844563320254543
4825,0.34,balanced,1,2,1,OK,0.0738105924571023,0,0.200446275992499,0.0427948691384248,0.0532401981018555,0.0626729512588386,1,0.285,0.282640931372549,0.201395338266847,0.285,5580.17471537658,4743.14850807009,184.21569900204,39.5706133578612,7.0269679658799,2.28376458891097,5.0580910924211,8.21276881012214,20.9921920009804,22.2567147740856,0.831315406677756,0.0168087658129597,0.0440567316517357,0.389226919265792,0.02358325468771,16.5043767037223,0.773098996051148,90605.5808037558,45739.1586936278,21586.422110128,22320,960,11243.6969444836,2913.68223968945,3716.574716282,9453.03312292216,40.9694455726497,26.2174516960841,67.1868972687338,0.364718629480051,22.7432852259144,22.2432852259144,21.9983137727951,0.19891333576857,0.13108666423143,22.6613620614793,4.76,23.9136819697724,1.91536819697724,17.2383137727951,88.8840747684845,799.95667291636,44.4420373842422,199.98916822909,302.205854212847,151.102927106424,5580.17471537658,4743.14850807009,0.85,0.282640931372549,0.196146784993374,0.285,0.285,0.135331733125782,0.202939709931277,0.192982456140351,0.733395732239431
5300,0.3525,balanced,1,9,1,OK,0.073875644806315,0,0.0764969216453923,0.141946044767644,0.0913213874160142,0.0298649683823847,1,0.31046568627451,0.31046568627451,0.196232250212495,0.285,5580.17471537658,4743.14850807009,167.705801449971,37.755785150421,6.70468992682282,2.17902422621742,4.82611171147718,7.83610635197417,20.8921229215512,22.0986508494205,0.793188763664307,0.0176219567445896,0.0440567316517357,0.427544595255688,0.0257752797327713,16.5873891452708,0.773098996051148,90605.5808037558,45739.1586936278,21586.422110128,22320,960,10577.4433832564,2624.35938868364,3795.73320452671,9937.294347266,35.3414520314358,22.612438797189,57.9538908286248,0.345568789675492,22.9013491505795,22.4013491505795,21.8529414580796,0.199087504386499,0.130912495613501,22.4847397863386,4.76,23.752157175644,1.8992157175644,17.0929414580796,88.8840747684845,799.95667291636,44.4420373842422,199.98916822909,313.316363558908,156.658181779454,5580.17471537658,4743.14850807009,0.85,0.31046568627451,0.19707525465769,0.285,0.31046568627451,0.0502089503765071,0.135391173916476,0.135391173916476,0.788656828642822
5250,0.3575,balanced,1,9,1,OK,0.0744145277070963,0,0.0809696873880844,0.135842545352924,0.0857773826188081,0.0493705646850404,1,0.307536764705882,0.307536764705882,0.196674241897281,0.285,5580.17471537658,4743.14850807009,169.302999559018,37.9351485597678,6.73654136466465,2.18937594351601,4.84903873701805,7.87333271995181,20.8917780688818,22.1040377531363,0.79695690251613,0.0175446666438155,0.0440567316517357,0.423511155677804,0.0255467568845332,16.5778833529438,0.773098996051148,90605.5808037558,45739.1586936278,21586.422110128,22320,960,10611.4476288829,2643.33045409709,3776.48365367769,9998.93221134308,35.8559642221406,22.9417584083847,58.7977226305253,0.347292858269937,22.8959622468637,22.3959622468637,21.8571619152602,0.199087674637159,0.130912325362841,22.4919608520977,4.76,23.7568465725113,1.89968465725113,17.0971619152602,88.8840747684845,799.95667291636,44.4420373842422,199.98916822909,317.760567297332,158.880283648666,5580.17471537658,4743.14850807009,0.85,0.307536764705882,0.196985932658195,0.285,0.307536764705882,0.0591692432974835,0.16246264196055,0.16246264196055,0.814850406705561
4825,0.3275,balanced,1,2,1,OK,0.0747607279988513,0,0.203902189283467,0.046736358198681,0.0478842601830817,0.0603422584955704,1,0.285,0.282640931372549,0.201395338266847,0.285,5580.17471537658,4743.14850807009,184.21569900204,39.5706133578612,7.0269679658799,2.28376458891097,5.0580910924211,8.21276881012214,21.0015719810759,22.2660947541812,0.831315406677756,0.0167910501439334,0.0440567316517357,0.389226919265792,0.0235655390186837,16.5167840615568,0.773098996051148,90605.5808037558,45739.1586936278,21586.422110128,22320,960,11312.4626260447,2932.53921442139,3739.30503307192,9230.07256710399,40.9863495132548,26.2285122440331,67.2148617572879,0.364870432440959,22.7339052458188,22.2339052458188,22.0142975535374,0.200218927250813,0.129781072749187,22.6707420415749,4.76,23.9314417261526,1.91714417261526,17.2542975535374,88.8840747684845,799.95667291636,44.4420373842422,199.98916822909,291.095344866787,145.547672433393,5580.17471537658,4743.14850807009,0.85,0.282640931372549,0.196012273265518,0.285,0.285,0.135331733125782,0.15871398530145,0.149122807017544,0.670813743159688
5150,0.3625,balanced,1,8,1,OK,0.0747629903107359,0,0.0959725127736041,0.120120858031928,0.0765746656921541,0.0737529379922943,1,0.301678921568627,0.301678921568627,0.197625335201644,0.285,5580.17471537658,4743.14850807009,172.590436443659,38.3016802473612,6.80163023260577,2.21052982559688,4.89589044101717,7.949405334358,20.9013317092935,22.1253043195478,0.804657148053808,0.0173830784465779,0.0440567316517357,0.415444276522037,0.0250870036496413,16.5601393583716,0.773098996051148,90605.5808037558,45739.1586936278,21586.422110128,22320,960,10707.3481968644,2689.95867930749,3747.02710815486,10031.7897550496,36.9396769163396,23.6356419942476,60.5753189105872,0.350977262464723,22.8746956804522,22.3746956804522,21.8748909438231,0.198852332636608,0.131147667363392,22.5169755548292,4.76,23.7765454931368,1.90165454931368,17.1148909438231,88.8840747684845,799.95667291636,44.4420373842422,199.98916822909,322.204771035756,161.102385517878,5580.17471537658,4743.14850807009,0.85,0.301678921568627,0.196793595832115,0.285,0.301678921568627,0.0770898291394362,0.201608644432709,0.201608644432709,0.8420314871895
4850,0.35,balanced,1,5,1,OK,0.0748644212796497,0,0.1877798512991,0.0560598689267664,0.0538611474177216,0.0655993302989021,1,0.285,0.284105392156863,0.2010653081529,0.285,5580.17471537658,4743.14850807009,183.266133543267,39.4684954757306,7.00883382476904,2.27787099304994,5.04503793235733,8.19157453269881,20.970283643843,22.2315431269323,0.829170073019551,0.0168634778838582,0.0440567316517357,0.391243639054734,0.0237073116321495,16.5030790975121,0.773098996051148,90605.5808037558,45739.1586936278,21586.422110128,22320,960,11156.5830773793,2882.40213931071,3704.49325820042,9643.36093871328,40.608136097968,25.985594255901,66.593730353869,0.363371721039485,22.7684568730677,22.2684568730677,21.9743366516445,0.199017930343362,0.130982069656638,22.6351461615209,4.76,23.8870407240495,1.91270407240495,17.2143366516445,88.8840747684845,799.95667291636,44.4420373842422,199.98916822909,311.094261689696,155.547130844848,5580.17471537658,4743.14850807009,0.85,0.284105392156863,0.196257228315333,0.285,0.285,0.130851586665294,0.231937195358668,0.228070175438597,0.783373804900794
4825,0.3425,balanced,1,3,1,OK,0.0749630747489057,0,0.199822461320051,0.0465785497681846,0.0528371530564506,0.0656648866909859,1,0.285,0.282640931372549,0.201395338266847,0.285,5580.17471537658,4743.14850807009,184.21569900204,39.5706133578612,7.0269679658799,2.28376458891097,5.0580910924211,8.21276881012214,20.9872788559393,22.2518016290445,0.831315406677756,0.0168120297776665,0.0440567316517357,0.389226919265792,0.0235865186524168,16.5020927845114,0.773098996051148,90605.5808037558,45739.1586936278,21586.422110128,22320,960,11230.1866613486,2909.64224352575,3712.10892740869,9497.17302221704,40.9605970113233,26.2116620073802,67.1722590187034,0.364639166925504,22.7481983709555,22.2481983709555,21.9938453857464,0.199001265776985,0.130998734223015,22.6564489164382,4.76,23.9087170952737,1.91487170952738,17.2338453857464,88.8840747684845,799.95667291636,44.4420373842422,199.98916822909,304.427956082059,152.21397804103,5580.17471537658,4743.14850807009,0.85,0.282640931372549,0.196171567660725,0.285,0.285,0.135331733125782,0.211784854857242,0.201754385964912,0.745920696277187
4850,0.32,balanced,1,2,1,OK,0.0752866829943305,0.00620867959372061,0.195910887083415,0.0563754857877588,0.0470937021507289,0.0439973267014333,1,0.285,0.284105392156863,0.2010653081529,0.285,5580.17471537658,4743.14850807009,183.266133543267,39.4684954757306,7.00883382476904,2.27787099304994,5.04503793235733,8.19157453269881,21.0052256963402,22.2664851794295,0.829170073019551,0.0168217982099178,0.0440567316517357,0.391243639054734,0.0236656319582092,16.5321441551033,0.773098996051148,90605.5808037558,45739.1586936278,21586.422110128,22320,960,11320.7625498724,2928.67364584379,3759.00831399908,9108.3234960459,40.6705519467511,26.0264330529148,66.6969849996659,0.363935134714453,22.7335148205705,22.2335148205705,22.0179162454218,0.20073001683229,0.12926998316771,22.6700882140181,4.76,23.9354624949131,1.91754624949132,17.2579162454218,88.8840747684845,799.95667291636,44.4420373842422,199.98916822909,284.42903925915,142.214519629575,5580.17471537658,4743.14850807009,0.85,0.284105392156863,0.19594239369321,0.285,0.285,0.130851586665294,0.12634257861364,0.12280701754386,0.633133054917302
4975,0.3625,balanced,1,7,1,OK,0.0757418505885476,0,0.140309191995384,0.0925251641410997,0.0619177673133538,0.0749211112627812,1,0.291427696078431,0.291427696078431,0.19951925523692,0.285,5580.17471537658,4743.14850807009,178.661456821074,38.969505808762,6.92022300710534,2.24907247730924,4.98125486266167,8.08801063955437,20.9297365712649,22.1750502869303,0.81868709682273,0.0170889153933129,0.0440567316517357,0.401327237999443,0.0242848490809016,16.5258279622195,0.773098996051148,90605.5808037558,45739.1586936278,21586.422110128,22320,960,10927.4144217194,2788.67203249547,3710.09429035595,9932.91076311125,38.9905897602306,24.9491220141553,63.939711774386,0.357881956814112,22.8249497130697,22.3249497130697,21.9203339271503,0.198865021605445,0.131134978394555,22.5735506759432,4.76,23.8270376968337,1.90670376968337,17.1603339271503,88.8840747684845,799.95667291636,44.4420373842422,199.98916822909,322.204771035756,161.102385517878,5580.17471537658,4743.14850807009,0.85,0.291427696078431,0.196491946497429,0.285,0.291427696078431,0.108450854362853,0.243876285191649,0.243876285191649,0.844859326103441
4875,0.355,balanced,1,6,1,OK,0.0761276624316427,0,0.176809243751392,0.0681879207329368,0.0550407051267961,0.0689512740833489,1,0.285569852941176,0.285569852941176,0.200742583874175,0.285,5580.17471537658,4743.14850807009,182.326307217404,39.3671641263113,6.99083935650368,2.2720227908637,5.03208531038897,8.17054349791367,20.9575915848164,22.2156129124136,0.827041263157801,0.0169117073362485,0.0440567316517357,0.393260358843675,0.0238252443295204,16.506036765231,0.773098996051148,90605.5808037558,45739.1586936278,21586.422110128,22320,960,11096.9402122844,2859.38747165167,3701.30285668837,9745.01434571188,40.2679926705616,25.7675282072987,66.0355208778603,0.362183175240423,22.7843870875864,22.2843870875864,21.9591367405567,0.199031831529676,0.130968168470324,22.6181797372448,4.76,23.8701519339519,1.91101519339519,17.1991367405567,88.8840747684845,799.95667291636,44.4420373842422,199.98916822909,315.53846542812,157.76923271406,5580.17471537658,4743.14850807009,0.85,0.285569852941176,0.19632146376613,0.285,0.285569852941176,0.126371440204806,0.243128419697457,0.243128419697457,0.808258726223112
4925,0.36,balanced,1,7,1,OK,0.0761592677322626,0,0.157405284675324,0.0826330195445742,0.0578422211987209,0.0714684296988315,1,0.288498774509804,0.288498774509804,0.20011750097076,0.285,5580.17471537658,4743.14850807009,180.475278717735,39.166821023677,6.95526233494819,2.26046025885816,5.00647656751459,8.1289628539707,20.9407079860071,22.1923271278858,0.822832374446996,0.0170017796422102,0.0440567316517357,0.397293798421559,0.0240557982397615,16.5155109159869,0.773098996051148,90605.5808037558,45739.1586936278,21586.422110128,22320,960,11005.1390682458,2821.70931565655,3703.6042530854,9860.79097027362,39.6158459033637,25.3496381492018,64.9654840525655,0.359968880580991,22.8076728721142,22.3076728721142,21.9372166972945,0.199043917982837,0.130956082017163,22.5928452532869,4.76,23.8457963303272,1.90857963303272,17.1772166972945,88.8840747684845,799.95667291636,44.4420373842422,199.98916822909,319.982669166544,159.991334583272,5580.17471537658,4743.14850807009,0.85,0.288498774509804,0.196411283763715,0.285,0.288498774509804,0.11741114728383,0.247838922753435,0.247838922753435,0.832888585123671
5225,0.36,balanced,1,9,1,OK,0.0761684496774777,0,0.0838112777427906,0.136867104000937,0.0831124176974027,0.0609521542130927,1,0.306072303921569,0.306072303921569,0.196903618430966,0.285,5580.17471537658,4743.14850807009,170.113061757865,38.025794205274,6.752638260648,2.1946074347106,4.86062546497587,7.89214596713235,20.891668387279,22.106824753523,0.798861222799875,0.0175060048400711,0.0440567316517357,0.421494435888862,0.0254330162642159,16.5727270218398,0.773098996051148,90605.5808037558,45739.1586936278,21586.422110128,22320,960,10628.7359441587,2652.97388279956,3766.87066840988,10029.2368555038,36.1180077033016,23.1094847669763,59.2274924702779,0.348165460419382,22.893175246477,22.393175246477,21.8593619971194,0.19908828952433,0.13091171047567,22.495674790721,4.76,23.7592911079105,1.89992911079105,17.0993619971194,88.8840747684845,799.95667291636,44.4420373842422,199.98916822909,319.982669166544,159.991334583272,5580.17471537658,4743.14850807009,0.85,0.306072303921569,0.196945609264737,0.285,0.306072303921569,0.0636493897579717,0.176192668815439,0.176192668815439,0.82791584612624
4825,0.325,balanced,1,2,1,OK,0.0762923056373225,0,0.204613078874494,0.0520966344525433,0.0468694533827291,0.0603638558714981,1,0.285,0.282640931372549,0.201395338266847,0.285,5580.17471537658,4743.14850807009,184.21569900204,39.5706133578612,7.0269679658799,2.28376458891097,5.0580910924211,8.21276881012214,21.0034710833488,22.267993856454,0.831315406677756,0.0167874795600823,0.0440567316517357,0.389226919265792,0.0235619684348327,16.5192870172248,0.773098996051148,90605.5808037558,45739.1586936278,21586.422110128,22320,960,11326.3794079815,2936.35720260022,3743.90518906453,9184.94814574501,40.9897736399696,26.230752735822,67.2205263757916,0.364901182363655,22.732006143546,22.232006143546,22.0175354434828,0.200483609647411,0.129516390352589,22.6726411438477,4.76,23.9350393816475,1.91750393816475,17.2575354434828,88.8840747684845,799.95667291636,44.4420373842422,199.98916822909,288.873242997575,144.436621498787,5580.17471537658,4743.14850807009,0.85,0.282640931372549,0.195985162496935,0.285,0.285,0.135331733125782,0.149868840375485,0.140350877192983,0.658288800332436
5175,0.3625,balanced,1,9,1,OK,0.0765204959807815,0,0.0913281305896438,0.129733939107512,0.0778639134995294,0.0737529379922943,1,0.303143382352941,0.303143382352941,0.197379086157536,0.285,5580.17471537658,4743.14850807009,171.756666219294,38.2090521063268,6.78518128414238,2.20518391734627,4.88405030169872,7.93018062584141,20.8951823089991,22.1161948844238,0.802711178704344,0.0174250864182603,0.0440567316517357,0.417460996310979,0.025203015323578,16.563930583355,0.773098996051148,90605.5808037558,45739.1586936278,21586.422110128,22320,960,10676.7201378848,2676.15973667721,3752.17428340957,10045.5701143844,36.6577233650762,23.4550269725686,60.1127503376448,0.349987873314301,22.8838051155762,22.3838051155762,21.8676945612631,0.199120031979553,0.130879968020447,22.5069189085597,4.76,23.7685495125146,1.90085495125146,17.1076945612631,88.8840747684845,799.95667291636,44.4420373842422,199.98916822909,322.204771035756,161.102385517878,5580.17471537658,4743.14850807009,0.85,0.303143382352941,0.196848635715765,0.285,0.303143382352941,0.072609682678948,0.19580377175429,0.19580377175429,0.841516445780317
4825,0.345,balanced,1,4,1,OK,0.0766499772034355,0,0.199207878031443,0.0518862232118815,0.0523183556237905,0.0698737418923165,1,0.285,0.282640931372549,0.201395338266847,0.285,5580.17471537658,4743.14850807009,184.21569900204,39.5706133578612,7.0269679658799,2.28376458891097,5.0580910924211,8.21276881012214,20.9821424882392,22.2466652613444,0.831315406677756,0.0168152661566551,0.0440567316517357,0.389226919265792,0.0235897550314055,16.4998287921009,0.773098996051148,90605.5808037558,45739.1586936278,21586.422110128,22320,960,11216.7345782117,2905.59439507947,3707.66237639307,9541.14803024318,40.9513505122987,26.2056120047319,67.1569625170306,0.364556131105237,22.7533347386556,22.2533347386556,21.9892927365477,0.199116668700895,0.130883331299105,22.6513125487381,4.76,23.9036585961641,1.91436585961641,17.2292927365477,88.8840747684845,799.95667291636,44.4420373842422,199.98916822909,306.650057951271,153.325028975636,5580.17471537658,4743.14850807009,0.85,0.282640931372549,0.196196140874929,0.285,0.285,0.135331733125782,0.220629999783207,0.210526315789474,0.758444373378016
5300,0.355,balanced,1,9,1,OK,0.0778563845102773,0,0.0758808159274776,0.153349689467089,0.091473276400599,0.0390081694081378,1,0.31046568627451,0.31046568627451,0.196232250212495,0.285,5580.17471537658,4743.14850807009,167.705801449971,37.755785150421,6.70468992682282,2.17902422621742,4.82611171147718,7.83610635197417,20.8884830847276,22.0950110125969,0.793188763664307,0.0176256542545156,0.0440567316517357,0.427544595255688,0.0257789772426973,16.5850099959572,0.773098996051148,90605.5808037558,45739.1586936278,21586.422110128,22320,960,10564.512504318,2620.79398495239,3791.09293704695,9981.41910778526,35.3358359135424,22.6087652587886,57.944601172331,0.345513397099842,22.9049889874031,22.4049889874031,21.8491572190984,0.199057583372159,0.130942416627841,22.4810999495151,4.76,23.7479524656648,1.89879524656648,17.0891572190984,88.8840747684845,799.95667291636,44.4420373842422,199.98916822909,315.53846542812,157.76923271406,5580.17471537658,4743.14850807009,0.85,0.31046568627451,0.197100813041642,0.285,0.31046568627451,0.0502089503765071,0.143443593589642,0.143443593589642,0.801108755066365
5075,0.365,balanced,1,8,1,OK,0.0780936438002632,0,0.111867932571309,0.116978633948036,0.0693859348245304,0.0877729160226462,1,0.297285539215686,0.297285539215686,0.198400102398024,0.285,5580.17471537658,4743.14850807009,175.14103402657,38.5836596142181,6.85170426001654,2.22680388450538,4.93193429282323,8.00792935389433,20.9086278814743,22.1416114546801,0.810581084332314,0.0172601664957594,0.0440567316517357,0.409394117155211,0.0247442308206966,16.545033067376,0.773098996051148,90605.5808037558,45739.1586936278,21586.422110128,22320,960,10787.6342278758,2727.74596518882,3726.97377689533,10033.1153781818,37.788493711339,24.1791380543046,61.9676317656435,0.353815609860123,22.8583885453199,22.3583885453199,21.8897927665347,0.198941191590516,0.131058808409484,22.536166198106,4.76,23.7931030739275,1.90331030739275,17.1297927665347,88.8840747684845,799.95667291636,44.4420373842422,199.98916822909,324.426872904968,162.213436452484,5580.17471537658,4743.14850807009,0.85,0.297285539215686,0.196668674240097,0.285,0.297285539215686,0.0905302685209007,0.227775831151967,0.227775831151967,0.855913258226372
5050,0.365,balanced,1,8,1,OK,0.0781682974194864,0,0.118202926045126,0.112956468454334,0.0671035171369869,0.0877729160226462,1,0.295821078431373,0.295821078431373,0.198670338117727,0.285,5580.17471537658,4743.14850807009,176.008068848484,38.6790458156883,6.86864298613777,2.23230897049477,4.94412697964445,8.02772649004852,20.9123150634718,22.1483468083829,0.812584996127906,0.0172180928375458,0.0440567316517357,0.407377397366269,0.0246295869459867,16.5401635950964,0.773098996051148,90605.5808037558,45739.1586936278,21586.422110128,22320,960,10819.0593398228,2741.79397233767,3721.7143960806,10018.9569811308,38.0806690234619,24.3662483506127,62.4469173740746,0.354795764663675,22.8516531916171,22.3516531916171,21.8961218205224,0.19898492921016,0.13101507078984,22.5438769667544,4.76,23.800135356136,1.9040135356136,17.1361218205224,88.8840747684845,799.95667291636,44.4420373842422,199.98916822909,324.426872904968,162.213436452484,5580.17471537658,4743.14850807009,0.85,0.295821078431373,0.196625237672817,0.285,0.295821078431373,0.0950104149813889,0.233853929325987,0.233853929325987,0.856323248836236
5275,0.3575,balanced,1,9,1,OK,0.0781828261092204,0,0.0779171253659065,0.150473848134475,0.088664157680328,0.0493705646850404,1,0.309001225490196,0.309001225490196,0.196450625266454,0.285,5580.17471537658,4743.14850807009,168.500615674852,37.8451480805168,6.72055903760564,2.18418168722183,4.83753447706897,7.8546533752016,20.8883000226793,22.0976836419465,0.79506613614531,0.0175869865458016,0.0440567316517357,0.425527875466746,0.0256645139745315,16.580398751717,0.773098996051148,90605.5808037558,45739.1586936278,21586.422110128,22320,960,10581.4503632127,2630.22822828491,3781.49420096243,10012.198553061,35.5914888691077,22.7723978179803,58.363886687088,0.346371949166703,22.9023163580535,22.4023163580535,21.8512481574098,0.199057627246923,0.130942372753077,22.484686400112,4.76,23.7502757304553,1.89902757304553,17.0912481574098,88.8840747684845,799.95667291636,44.4420373842422,199.98916822909,317.760567297332,158.880283648666,5580.17471537658,4743.14850807009,0.85,0.309001225490196,0.19705464485938,0.285,0.309001225490196,0.0546890968369953,0.156953340339884,0.156953340339884,0.814217575308184
4900,0.3575,balanced,1,1,1,OK,0.0781915278901529,0,0.166358350923004,0.0737686479666052,0.0768313591032217,0.0685391196353151,1,0.28703431372549,0.28703431372549,0.200426500193967,0.285,5580.17471537658,4743.14850807009,181.396070956091,39.2666092644472,6.97298277726033,2.26621940260961,5.01923194249965,8.14967362092301,20.9846843613695,22.2394923469944,0.824928766059815,0.0169596075526094,0.0440567316517357,0.395277078632617,0.0239432061623012,16.5089452078053,0.773098996051148,90605.5808037558,45739.1586936278,21586.422110128,22320,960,11049.9754809915,2844.02218720781,3702.17094494468,9802.17570311908,40.0021373629824,25.5980097179034,65.6001470808858,0.361640396813033,22.7605076530056,22.2605076530056,21.9632841008195,0.194970017457035,0.135029982542965,22.6410309023944,4.76,23.8747601120217,1.91147601120217,17.2032841008195,88.8840747684845,799.95667291636,44.4420373842422,199.98916822909,317.760567297332,158.880283648666,5580.17471537658,4743.14850807009,0.85,0.28703431372549,0.196386204955138,0.285,0.28703431372549,0.121891293744318,0.245495687814875,0.245495687814875,0.820392629317658
4825,0.3225,balanced,1,2,1,OK,0.0782549464043362,0,0.205330676860188,0.0589809035203427,0.0458740953776669,0.0603855761932169,1,0.285,0.282640931372549,0.201395338266847,0.285,5580.17471537658,4743.14850807009,184.21569900204,39.5706133578612,7.0269679658799,2.28376458891097,5.0580910924211,8.21276881012214,21.0053780448888,22.2699008179941,0.831315406677756,0.0167838996028706,0.0440567316517357,0.389226919265792,0.023558388477621,16.5217973052585,0.773098996051148,90605.5808037558,45739.1586936278,21586.422110128,22320,960,11340.3518359614,2940.19103942732,3748.52373871162,9139.64271258653,40.9932125128597,26.2330028848755,67.2262153977352,0.364932064758447,22.7300991820059,22.2300991820059,22.0207873292609,0.200749505261691,0.129250494738309,22.6745481053878,4.76,23.9386525880677,1.91786525880677,17.2607873292609,88.8840747684845,799.95667291636,44.4420373842422,199.98916822909,286.651141128362,143.325570564181,5580.17471537658,4743.14850807009,0.85,0.282640931372549,0.195957980558196,0.285,0.285,0.135331733125782,0.14102369544952,0.131578947368421,0.645760989582272
4850,0.3525,balanced,1,5,1,OK,0.0783293985936026,0,0.187146482563389,0.0659395208122743,0.0542988260952844,0.0734934129761272,1,0.285,0.284105392156863,0.2010653081529,0.285,5580.17471537658,4743.14850807009,183.266133543267,39.4684954757306,7.00883382476904,2.27787099304994,5.04503793235733,8.19157453269881,20.9671438315848,22.2284033146742,0.829170073019551,0.0168668712599829,0.0440567316517357,0.391243639054734,0.0237107050082743,16.5007172464168,0.773098996051148,90605.5808037558,45739.1586936278,21586.422110128,22320,960,11143.2506686202,2878.61721891341,3700.0662918057,9686.83673610694,40.6025369331284,25.9819308505092,66.5844677836376,0.363321179403383,22.7715966853258,22.2715966853258,21.9706760190174,0.198914696160412,0.131085303839588,22.6320063492628,4.76,23.8829733544638,1.91229733544638,17.2106760190174,88.8840747684845,799.95667291636,44.4420373842422,199.98916822909,313.316363558908,156.658181779454,5580.17471537658,4743.14850807009,0.85,0.284105392156863,0.196282860768493,0.285,0.285,0.130851586665294,0.240736746754087,0.236842105263158,0.795877636080305
4950,0.3625,balanced,1,7,1,OK,0.0783552205494225,0,0.148334000028665,0.0947337244911627,0.0599465757692167,0.0783709707732714,1,0.289963235294118,0.289963235294118,0.199814942137149,0.285,5580.17471537658,4743.14850807009,179.56378741108,39.067789712168,6.9376763084871,2.25474480025831,4.99381794658081,8.10840918554429,20.9334664828792,22.1819209695244,0.820751884709411,0.017047020600177,0.0440567316517357,0.399310518210501,0.0241718175570273,16.5196728491116,0.773098996051148,90605.5808037558,45739.1586936278,21586.422110128,22320,960,10959.642856364,2803.26201328336,3704.67005327835,9918.38863546888,39.2981750537298,25.1461078775363,64.4442829312661,0.358893537836403,22.8180790304756,22.3180790304756,21.9268695979328,0.198926577957002,0.131073422042998,22.5814264052509,4.76,23.8342995532587,1.90742995532587,17.1668695979328,88.8840747684845,799.95667291636,44.4420373842422,199.98916822909,322.204771035756,161.102385517878,5580.17471537658,4743.14850807009,0.85,0.289963235294118,0.196462408343777,0.285,0.289963235294118,0.112931000823342,0.250158488652212,0.250158488652212,0.845136700990068
5100,0.365,balanced,1,8,1,OK,0.0785390086071123,0,0.105949824332942,0.122455744356538,0.0717582196079347,0.0877729160226462,1,0.29875,0.29875,0.198135752702295,0.285,5580.17471537658,4743.14850807009,174.282499546048,38.4889756442206,6.83489023648757,2.22133932685846,4.91983136833964,7.98827796389484,20.9049812942547,22.1349391363396,0.808591925298752,0.0173022809606996,0.0440567316517357,0.411410836944153,0.0248592738735727,16.5495918761132,0.773098996051148,90605.5808037558,45739.1586936278,21586.422110128,22320,960,10756.4002710446,2713.8280947377,3732.19599738251,10047.1737386143,37.5000317441543,23.9944077814376,61.4944395255919,0.352843456375516,22.8650608636604,22.3650608636604,21.8835251354798,0.198897841808625,0.131102158191375,22.5285256458068,4.76,23.786139039422,1.9026139039422,17.1235251354798,88.8840747684845,799.95667291636,44.4420373842422,199.98916822909,324.426872904968,162.213436452484,5580.17471537658,4743.14850807009,0.85,0.29875,0.196715458786545,0.285,0.29875,0.0860501220604125,0.221757322175732,0.221757322175732,0.855471869122703
5325,0.35,balanced,1,9,1,OK,0.0785962467437206,0.0146863186066317,0.0748618119876701,0.149010849117933,0.094196867766348,0.0219409616077813,1,0.311930147058823,0.311930147058823,0.19601947357548,0.285,5580.17471537658,4743.14850807009,166.918450269454,37.6670522776917,6.68893270192084,2.17390312812427,4.81476948260906,7.81769009536998,20.8923574740748,22.0960498447271,0.791324627682599,0.0176605836903842,0.0440567316517357,0.42956131504463,0.0258900606094571,16.5917462119698,0.773098996051148,90605.5808037558,45739.1586936278,21586.422110128,22320,960,10560.7249194155,2615.02920754364,3805.37074249885,9905.96041558522,35.0888757176564,22.4507765776512,57.5396522953076,0.344717149017511,22.9039501552729,22.4039501552729,21.8509200471567,0.199087947313825,0.130912052686175,22.4812314033358,4.76,23.7499111635075,1.89899111635075,17.0909200471567,88.8840747684845,799.95667291636,44.4420373842422,199.98916822909,311.094261689696,155.547130844848,5580.17471537658,4743.14850807009,0.85,0.311930147058823,0.197124162510008,0.285,0.311930147058823,0.045728803916019,0.122046084035594,0.122046084035594,0.775530688594453
5025,0.365,balanced,1,8,1,OK,0.0787749616165134,0,0.124956850877751,0.110429192049876,0.0649132287830225,0.0877729160226462,1,0.294356617647059,0.294356617647059,0.198947045559894,0.285,5580.17471537658,4743.14850807009,176.883730882556,38.7751429720346,6.88570796395732,2.23785508828613,4.95641054386739,8.04767118287511,20.9160434358043,22.1551460717712,0.814603843950307,0.0171760605424754,0.0440567316517357,0.405360677577327,0.0245153428058594,16.5349789634776,0.773098996051148,90605.5808037558,45739.1586936278,21586.422110128,22320,960,10850.677330758,2755.9738999481,3716.41744924821,10004.6974553324,38.3766248424804,24.5557817524446,62.932406594925,0.355784029887461,22.8448539282288,22.3448539282288,21.9025131670228,0.199029059939165,0.130970940060835,22.5516589152806,4.76,23.8072368522476,1.90472368522476,17.1425131670228,88.8840747684845,799.95667291636,44.4420373842422,199.98916822909,324.426872904968,162.213436452484,5580.17471537658,4743.14850807009,0.85,0.294356617647059,0.196585203111157,0.285,0.294356617647059,0.0994905614418771,0.239992506088803,0.239992506088803,0.856701288924656
5200,0.3625,balanced,1,9,1,OK,0.0789252794950184,0,0.0870592451273667,0.140652824485137,0.0805212572098766,0.0737529379922943,1,0.304607843137255,0.304607843137255,0.197138388464386,0.285,5580.17471537658,4743.14850807009,170.930913016316,38.1170927621545,6.76885110093753,2.1998766078047,4.87229565095786,7.91109472422074,20.8916009644918,22.1096748772312,0.800779259709128,0.0174673327766022,0.0440567316517357,0.419477716099921,0.0253196237556137,16.5672965818426,0.773098996051148,90605.5808037558,45739.1586936278,21586.422110128,22320,960,10646.2167855316,2662.7243136876,3757.26489427619,10059.1990357839,36.3833165163413,23.2793027582692,59.6626192746105,0.349045226646133,22.8903251227688,22.3903251227688,21.8616226945396,0.199089258850106,0.130910741149894,22.4994585293079,4.76,23.7618029939329,1.90018029939329,17.1016226945396,88.8840747684845,799.95667291636,44.4420373842422,199.98916822909,322.204771035756,161.102385517878,5580.17471537658,4743.14850807009,0.85,0.304607843137255,0.196908239624549,0.285,0.304607843137255,0.0681295362184599,0.190054715159318,0.190054715159318,0.840959020766173
4825,0.3475,balanced,1,4,1,OK,0.0790368418667014,0,0.198563533593682,0.0587178894695154,0.0529130990712276,0.0753275088278158,1,0.285,0.282640931372549,0.201395338266847,0.285,5580.17471537658,4743.14850807009,184.21569900204,39.5706133578612,7.0269679658799,2.28376458891097,5.0580910924211,8.21276881012214,20.9792913203722,22.2438140934775,0.831315406677756,0.016818681758203,0.0440567316517357,0.389226919265792,0.0235931706329533,16.4974400991339,0.773098996051148,90605.5808037558,45739.1586936278,21586.422110128,22320,960,11203.2730415245,2901.79552327826,3703.21270053105,9584.90212072896,40.94621963601,26.2022548886836,67.1484745246936,0.364510054726388,22.7561859065225,22.2561859065225,21.9857302583936,0.198976040492718,0.131023959507282,22.6484613808712,4.76,23.899700287104,1.91397002871041,17.2257302583936,88.8840747684845,799.95667291636,44.4420373842422,199.98916822909,308.872159820484,154.436079910242,5580.17471537658,4743.14850807009,0.85,0.282640931372549,0.196222074892165,0.285,0.285,0.135331733125782,0.229475144709173,0.219298245614035,0.77095263206737
5250,0.36,balanced,1,9,1,OK,0.079492554642097,0,0.0803560147518827,0.150294175680243,0.0859251892133404,0.0609521542130927,1,0.307536764705882,0.307536764705882,0.196674241897281,0.285,5580.17471537658,4743.14850807009,169.302999559018,37.9351485597678,6.73654136466465,2.18937594351601,4.84903873701805,7.87333271995181,20.8881584315172,22.1004181157717,0.79695690251613,0.0175483073859254,0.0440567316517357,0.423511155677804,0.025550397626643,16.5755211275531,0.773098996051148,90605.5808037558,45739.1586936278,21586.422110128,22320,960,10598.5778293256,2639.76675440437,3771.90345035821,10042.636562222,35.850296625741,22.9380511585631,58.7883477843041,0.347237485085495,22.8995818842283,22.3995818842283,21.8533984897918,0.19905802172828,0.13094197827172,22.4883412147332,4.76,23.7526649886576,1.89926649886576,17.0933984897918,88.8840747684845,799.95667291636,44.4420373842422,199.98916822909,319.982669166544,159.991334583272,5580.17471537658,4743.14850807009,0.85,0.307536764705882,0.197011338320711,0.285,0.307536764705882,0.0591692432974835,0.170591751344889,0.170591751344889,0.827305997048567
5125,0.365,balanced,1,8,1,OK,0.0794927678032666,0,0.100446776409067,0.129348952442232,0.0742181655642918,0.0877729160226462,1,0.300214460784314,0.300214460784314,0.197877686240692,0.285,5580.17471537658,4743.14850807009,173.432341011677,38.3949853314109,6.81819939292535,2.21591480270074,4.9078171101906,7.9687705404815,20.9013747171126,22.1283289946603,0.806617338895186,0.0173444356862628,0.0440567316517357,0.413427556733095,0.0249747155585113,16.5538444577881,0.773098996051148,90605.5808037558,45739.1586936278,21586.422110128,22320,960,10725.3557645536,2700.03860893206,3737.38145735581,10061.1331387377,37.2152174836199,23.8120154280696,61.0272329116895,0.351879197130716,22.8716710053397,22.3716710053397,21.8773180735261,0.198854874682878,0.131145125317122,22.5209543634755,4.76,23.7792423039179,1.90192423039178,17.1173180735261,88.8840747684845,799.95667291636,44.4420373842422,199.98916822909,324.426872904968,162.213436452484,5580.17471537658,4743.14850807009,0.85,0.300214460784314,0.196765538413599,0.285,0.300214460784314,0.0815699755999244,0.215797530360241,0.215797530360241,0.854999625151703
5000,0.365,balanced,1,8,1,OK,0.079930875375228,0,0.132131983870164,0.109437880999062,0.0628173899638772,0.0878215797170853,1,0.292892156862745,0.292892156862745,0.199229816485383,0.285,5580.17471537658,4743.14850807009,177.768149536969,38.8719599591304,6.9029007696569,2.24344275013849,4.96878612004548,8.06776527453649,20.919813605132,22.1620101351433,0.816637814267445,0.0171340701775271,0.0440567316517357,0.403343957788385,0.0244014989672936,16.529474616662,0.773098996051148,90605.5808037558,45739.1586936278,21586.422110128,22320,960,10882.4899438745,2770.28756421391,3711.08252472263,9990.33569254489,38.6764298973913,24.7477823478871,63.4242122452784,0.356780516703801,22.8379898648567,22.3379898648567,21.9089676917235,0.199073589141013,0.130926410858987,22.559513024747,4.76,23.8144085463594,1.90544085463594,17.1489676917235,88.8840747684845,799.95667291636,44.4420373842422,199.98916822909,324.426872904968,162.213436452484,5580.17471537658,4743.14850807009,0.85,0.292892156862745,0.196548625739491,0.285,0.292892156862745,0.103970707902365,0.246192468619247,0.246192468619247,0.857046817939987
5325,0.3525,balanced,1,9,1,OK,0.0802064865397312,0.00709454510637245,0.0742452013911343,0.158890501003441,0.0943507875794829,0.0298649683823847,1,0.311930147058823,0.311930147058823,0.19601947357548,0.285,5580.17471537658,4743.14850807009,166.918450269454,37.6670522776917,6.68893270192084,2.17390312812427,4.81476948260906,7.81769009536998,20.888707311827,22.0923996824793,0.791324627682599,0.0176643098417403,0.0440567316517357,0.42956131504463,0.0258937867608133,16.5893586369805,0.773098996051148,90605.5808037558,45739.1586936278,21586.422110128,22320,960,10547.7629931699,2611.46276410824,3800.70014125909,9950.29787244924,35.0832845563087,22.4471193820597,57.5304039383684,0.344661742578474,22.9076003175207,22.4076003175207,21.8471251623229,0.199057889262956,0.130942110737044,22.477581241088,4.76,23.7456946248032,1.89856946248032,17.0871251623229,88.8840747684845,799.95667291636,44.4420373842422,199.98916822909,313.316363558908,156.658181779454,5580.17471537658,4743.14850807009,0.85,0.311930147058823,0.197149797950894,0.285,0.311930147058823,0.045728803916019,0.130060698921563,0.130060698921563,0.787980528835241
4900,0.36,balanced,1,7,1,OK,0.0804477032647452,0,0.166287949376347,0.0882202782939242,0.0560799809349541,0.0798572016122962,1,0.28703431372549,0.28703431372549,0.200426500193967,0.285,5580.17471537658,4743.14850807009,181.396070956091,39.2666092644472,6.97298277726033,2.26621940260961,5.01923194249965,8.14967362092301,20.944528119066,22.1993361046909,0.824928766059815,0.0169599924618711,0.0440567316517357,0.395277078632617,0.0239435910715629,16.5086798154549,0.773098996051148,90605.5808037558,45739.1586936278,21586.422110128,22320,960,11037.7878988455,2836.59475847381,3698.08763158461,9846.10304797844,39.9316861020901,25.5519160282471,65.4836021303372,0.360997907976675,22.8006638953091,22.3006638953091,21.9438903872182,0.199106612246831,0.130893387753169,22.6008746600908,4.76,23.8532115413535,1.90932115413535,17.1838903872181,88.8840747684845,799.95667291636,44.4420373842422,199.98916822909,319.982669166544,159.991334583272,5580.17471537658,4743.14850807009,0.85,0.28703431372549,0.196389082765634,0.285,0.28703431372549,0.121891293744318,0.254205447869525,0.254205447869525,0.833095785826418
4800,0.335,balanced,1,2,1,OK,0.0805272083477892,0,0.212428339730667,0.0527231655672695,0.0488155449859721,0.0794774415555762,1,0.285,0.281176470588235,0.20173221757339,0.285,5580.17471537658,4743.14850807009,185.175155767676,39.6735280007368,7.04524359613528,2.28970416874397,5.07124609797285,8.23412845298311,20.9979981740776,22.2658096985708,0.833477479007075,0.0167601428546142,0.0440567316517357,0.38721019947685,0.023465645227263,16.5011528865602,0.773098996051148,90605.5808037558,45739.1586936278,21586.422110128,22320,960,11304.7539755667,2936.60510201415,3719.81020626141,9349.78889537442,41.306454009462,26.4333501793136,67.7398041887756,0.365814754727482,22.7341903014292,22.2341903014292,22.0108367243143,0.199721829836173,0.130278170163828,22.6715093864087,4.76,23.9275963603492,1.91675963603492,17.2508367243143,88.8840747684845,799.95667291636,44.4420373842422,199.98916822909,297.761650474423,148.880825237211,5580.17471537658,4743.14850807009,0.85,0.281176470588235,0.196085363741314,0.285,0.285,0.139811879586271,0.191422594142259,0.175438596491228,0.708439597980138
4875,0.3575,balanced,1,6,1,OK,0.0806760680000684,0,0.176185842800218,0.0811155582463188,0.0553599428209004,0.0792871742412083,1,0.285569852941176,0.285569852941176,0.200742583874175,0.285,5580.17471537658,4743.14850807009,182.326307217404,39.3671641263113,6.99083935650368,2.2720227908637,5.03208531038897,8.17054349791367,20.9542514382809,22.2122727658782,0.827041263157801,0.016915086067535,0.0440567316517357,0.393260358843675,0.0238286230608069,16.5036963252194,0.773098996051148,90605.5808037558,45739.1586936278,21586.422110128,22320,960,11083.7326475946,2855.62528605493,3696.89757054814,9788.21347848066,40.2620903269524,25.7636665609691,66.0257568879215,0.362129622957772,22.7877272341218,22.2877272341218,21.955415958881,0.198956189898665,0.131043810101335,22.6148395907093,4.76,23.86601773209,1.910601773209,17.195415958881,88.8840747684845,799.95667291636,44.4420373842422,199.98916822909,317.760567297332,158.880283648666,5580.17471537658,4743.14850807009,0.85,0.285569852941176,0.196346854715788,0.285,0.285569852941176,0.126371440204806,0.251882845188285,0.251882845188285,0.820757457599618
5150,0.365,balanced,1,9,1,OK,0.0807652466246957,0,0.0953928266197643,0.137620473987122,0.0754281708378118,0.0877729160226462,1,0.301678921568627,0.301678921568627,0.197625335201644,0.285,5580.17471537658,4743.14850807009,172.590436443659,38.3016802473612,6.80163023260577,2.21052982559688,4.89589044101717,7.949405334358,20.8951908610978,22.1191634713521,0.804657148053808,0.0173864236766205,0.0440567316517357,0.415444276522037,0.0250903488796838,16.5579314386669,0.773098996051148,90605.5808037558,45739.1586936278,21586.422110128,22320,960,10694.5606136136,2686.12783974913,3742.55210461454,10075.0526626282,36.9297629016986,23.6291568528495,60.5589197545481,0.350882244708368,22.8808365286479,22.3808365286479,21.8700683327009,0.199121586430052,0.130878413569948,22.5108347066335,4.76,23.7711870363343,1.90111870363343,17.1100683327009,88.8840747684845,799.95667291636,44.4420373842422,199.98916822909,324.426872904968,162.213436452484,5580.17471537658,4743.14850807009,0.85,0.301678921568627,0.196817392638137,0.285,0.301678921568627,0.0770898291394362,0.209895600601211,0.209895600601211,0.854510900218456
4800,0.3325,balanced,1,2,1,OK,0.0807686656648303,0,0.213113431948226,0.0535114633793208,0.047771867166768,0.0795017084769873,1,0.285,0.281176470588235,0.20173221757339,0.285,5580.17471537658,4743.14850807009,185.175155767676,39.6735280007368,7.04524359613528,2.28970416874397,5.07124609797285,8.23412845298311,20.9998761050804,22.2676876295736,0.833477479007075,0.0167566196153718,0.0440567316517357,0.38721019947685,0.0234621219880207,16.5036308171338,0.773098996051148,90605.5808037558,45739.1586936278,21586.422110128,22320,960,11318.5258614928,2940.39085462853,3724.34182206993,9305.24969865123,41.3098663622986,26.4355829658534,67.7454493281519,0.365845240131168,22.7323123704264,22.2323123704264,22.0140376414526,0.199982709728404,0.130017290271596,22.6733873174114,4.76,23.9311529349473,1.91711529349474,17.2540376414526,88.8840747684845,799.95667291636,44.4420373842422,199.98916822909,295.539548605211,147.769774302605,5580.17471537658,4743.14850807009,0.85,0.281176470588235,0.196058473121765,0.285,0.285,0.139811879586271,0.182531380753138,0.166666666666667,0.69592262301
4800,0.3375,balanced,1,2,1,OK,0.0807774892841965,0,0.211749679338332,0.0534588605691553,0.0498776466018286,0.0800621475937743,1,0.285,0.281176470588235,0.20173221757339,0.285,5580.17471537658,4743.14850807009,185.175155767676,39.6735280007368,7.04524359613528,2.28970416874397,5.07124609797285,8.23412845298311,20.996127835977,22.2639393604702,0.833477479007075,0.0167636571520843,0.0440567316517357,0.38721019947685,0.0234691595247332,16.4986819859818,0.773098996051148,90605.5808037558,45739.1586936278,21586.422110128,22320,960,11291.0358893759,2932.83470250444,3715.2962931649,9394.15353606944,41.3030560138303,26.4311267952903,67.7341828091206,0.365784397633239,22.7360606395298,22.2360606395298,22.0076493251734,0.199462118314616,0.130537881685384,22.669639048308,4.76,23.9240548057482,1.91640548057482,17.2476493251734,88.8840747684845,799.95667291636,44.4420373842422,199.98916822909,299.983752343635,149.991876171818,5580.17471537658,4743.14850807009,0.85,0.281176470588235,0.196112186114066,0.285,0.285,0.139811879586271,0.200313807531381,0.18421052631579,0.720953739221988
4800,0.33,balanced,1,2,1,OK,0.0814410290509386,0,0.213805013387432,0.0558237540053091,0.0467468850283407,0.0795261081250076,1,0.285,0.281176470588235,0.20173221757339,0.285,5580.17471537658,4743.14850807009,185.175155767676,39.6735280007368,7.04524359613528,2.28970416874397,5.07124609797285,8.23412845298311,21.001761694339,22.2695732188322,0.833477479007075,0.0167530873425555,0.0440567316517357,0.38721019947685,0.0234585897152044,16.5061158482978,0.773098996051148,90605.5808037558,45739.1586936278,21586.422110128,22320,960,11332.352003611,2944.19209275318,3728.89129078689,9260.53446275722,41.3132931981005,26.4378252373031,67.7511184354036,0.365875854968392,22.7304267811678,22.2304267811678,22.0172521949359,0.200244768441195,0.129755231558805,22.67527290667,4.76,23.9347246610399,1.91747246610399,17.2572521949359,88.8840747684845,799.95667291636,44.4420373842422,199.98916822909,293.317446735999,146.658723367999,5580.17471537658,4743.14850807009,0.85,0.281176470588235,0.196031513554756,0.285,0.285,0.139811879586271,0.173640167364017,0.157894736842105,0.683402806089258
4800,0.34,balanced,1,2,1,OK,0.0815804926134231,0,0.211077394320113,0.0557185483849782,0.05095790459399,0.0818661778564344,1,0.285,0.281176470588235,0.20173221757339,0.285,5580.17471537658,4743.14850807009,185.175155767676,39.6735280007368,7.04524359613528,2.28970416874397,5.07124609797285,8.23412845298311,20.9942650263823,22.2620765508755,0.833477479007075,0.0167671625979727,0.0440567316517357,0.38721019947685,0.0234726649706216,16.4962180460328,0.773098996051148,90605.5808037558,45739.1586936278,21586.422110128,22320,960,11277.3711531367,2929.07952563466,3710.79993477991,9438.34508219,41.2996722514914,26.4289127326012,67.7285849840926,0.365754167740871,22.7379234491245,22.2379234491245,22.0044753274198,0.19920356486768,0.13079643513232,22.6677762387134,4.76,23.9205281415776,1.91605281415776,17.2444753274198,88.8840747684845,799.95667291636,44.4420373842422,199.98916822909,302.205854212847,151.102927106424,5580.17471537658,4743.14850807009,0.85,0.281176470588235,0.196138940928385,0.285,0.285,0.139811879586271,0.209205020920502,0.192982456140351,0.733465054877305
4975,0.365,balanced,1,8,1,OK,0.0817496944398832,0,0.139730842290715,0.110024780096293,0.0608183805488236,0.0889278058631427,1,0.291427696078431,0.291427696078431,0.19951925523692,0.285,5580.17471537658,4743.14850807009,178.661456821074,38.969505808762,6.92022300710534,2.24907247730924,4.98125486266167,8.08801063955437,20.9236261894698,22.1689399051353,0.81868709682273,0.0170921223204984,0.0440567316517357,0.401327237999443,0.0242880560080871,16.5236459379794,0.773098996051148,90605.5808037558,45739.1586936278,21586.422110128,22320,960,10914.4989419112,2784.73681449692,3705.70920473146,9975.87056811351,38.9801545290649,24.942295259836,63.922449788901,0.357785338406358,22.8310600948647,22.3310600948647,21.9154862967881,0.199118522272966,0.130881477727034,22.5674402941482,4.76,23.8216514408756,1.90616514408756,17.1554862967881,88.8840747684845,799.95667291636,44.4420373842422,199.98916822909,324.426872904968,162.213436452484,5580.17471537658,4743.14850807009,0.85,0.291427696078431,0.196515561931097,0.285,0.291427696078431,0.108450854362853,0.252454742330902,0.252454742330902,0.85735926668229
5225,0.3625,balanced,1,9,1,OK,0.0817952897260482,0,0.0831995344120457,0.152842727142192,0.0832581719151,0.0737529379922943,1,0.306072303921569,0.306072303921569,0.196903618430966,0.285,5580.17471537658,4743.14850807009,170.113061757865,38.025794205274,6.752638260648,2.1946074347106,4.86062546497587,7.89214596713235,20.8880586269242,22.1032149931681,0.798861222799875,0.0175096174501344,0.0440567316517357,0.421494435888862,0.0254366288742792,16.5703732979752,0.773098996051148,90605.5808037558,45739.1586936278,21586.422110128,22320,960,10615.8961871838,2649.41084840972,3762.32020218395,10072.733441758,36.1123135697251,23.1057601385572,59.2180737082823,0.348110092760378,22.8967850068319,22.3967850068319,21.8556087423846,0.199058767731089,0.130941232268911,22.4920650303662,4.76,23.7551208248718,1.89951208248718,17.0956087423846,88.8840747684845,799.95667291636,44.4420373842422,199.98916822909,322.204771035756,161.102385517878,5580.17471537658,4743.14850807009,0.85,0.306072303921569,0.196970939236387,0.285,0.306072303921569,0.0636493897579717,0.184360673459991,0.184360673459991,0.84037300835003
4925,0.3625,balanced,1,7,1,OK,0.0817954997574932,0,0.156787821197554,0.0986086426858298,0.0580771325002039,0.084252041680193,1,0.288498774509804,0.288498774509804,0.20011750097076,0.285,5580.17471537658,4743.14850807009,180.475278717735,39.166821023677,6.95526233494819,2.26046025885816,5.00647656751459,8.1289628539707,20.9372382774167,22.1888574192953,0.822832374446996,0.0170051693077494,0.0440567316517357,0.397293798421559,0.0240591879053007,16.5131840686122,0.773098996051148,90605.5808037558,45739.1586936278,21586.422110128,22320,960,10992.0713311711,2817.99118159488,3699.20651432828,9903.76128624413,39.609820100826,25.3456959101643,64.9555160109904,0.359913648409328,22.8111425807047,22.3111425807047,21.9334703687421,0.198988665559665,0.131011334440335,22.5893755446965,4.76,23.8416337430468,1.90816337430468,17.1734703687421,88.8840747684845,799.95667291636,44.4420373842422,199.98916822909,322.204771035756,161.102385517878,5580.17471537658,4743.14850807009,0.85,0.288498774509804,0.19643649827323,0.285,0.288498774509804,0.11741114728383,0.256504470828112,0.256504470828112,0.845380075426653
4825,0.35,balanced,1,5,1,OK,0.0817979619624161,0,0.197965853933062,0.0670735485410863,0.0522031546936304,0.0819712176986866,1,0.285,0.282640931372549,0.201395338266847,0.285,5580.17471537658,4743.14850807009,184.21569900204,39.5706133578612,7.0269679658799,2.28376458891097,5.0580910924211,8.21276881012214,20.9738028054865,22.2383255785918,0.831315406677756,0.0168218709795999,0.0440567316517357,0.389226919265792,0.0235963598543502,16.4952103488977,0.773098996051148,90605.5808037558,45739.1586936278,21586.422110128,22320,960,11189.9335941385,2897.74116865637,3698.80338096926,9628.54932049381,40.9363462878624,26.1957948415518,67.1321411294142,0.364421390213169,22.7616744214082,22.2616744214082,21.9810490736321,0.199135652114839,0.130864347885161,22.6429728659855,4.76,23.8944989707023,1.91344989707023,17.221049073632,88.8840747684845,799.95667291636,44.4420373842422,199.98916822909,311.094261689696,155.547130844848,5580.17471537658,4743.14850807009,0.85,0.282640931372549,0.196246290047685,0.285,0.285,0.135331733125782,0.238320289635138,0.228070175438597,0.783473205607887
4825,0.32,balanced,1,2,1,OK,0.0821387890112057,0.00620867959372061,0.206055045050368,0.0673891654020788,0.0448984765392907,0.0604074206854181,1,0.285,0.282640931372549,0.201395338266847,0.285,5580.17471537658,4743.14850807009,184.21569900204,39.5706133578612,7.0269679658799,2.28376458891097,5.0580910924211,8.21276881012214,21.0072929351178,22.2718157082231,0.831315406677756,0.0167803101730613,0.0440567316517357,0.389226919265792,0.0235547990478117,16.5243150016154,0.773098996051148,90605.5808037558,45739.1586936278,21586.422110128,22320,960,11354.3803946844,2944.04086516442,3753.16084222957,9094.15468872713,40.9966662644259,26.2352627780023,67.2319290424282,0.36496308081584,22.7281842917769,22.2281842917769,22.0240533365617,0.201016625218046,0.128983374781954,22.6764629956168,4.76,23.9422814850686,1.91822814850686,17.2640533365617,88.8840747684845,799.95667291636,44.4420373842422,199.98916822909,284.42903925915,142.214519629575,5580.17471537658,4743.14850807009,0.85,0.282640931372549,0.195930726695813,0.285,0.285,0.135331733125782,0.132178550523555,0.12280701754386,0.6332303023446
4850,0.355,balanced,1,6,1,OK,0.0821645472705969,0,0.186559763377625,0.0773431655117193,0.0533998814815287,0.0825813430927144,1,0.285,0.284105392156863,0.2010653081529,0.285,5580.17471537658,4743.14850807009,183.266133543267,39.4684954757306,7.00883382476904,2.27787099304994,5.04503793235733,8.19157453269881,20.9613201170796,22.2225796001689,0.829170073019551,0.0168700354394717,0.0440567316517357,0.391243639054734,0.023713869187763,16.4985155293268,0.773098996051148,90605.5808037558,45739.1586936278,21586.422110128,22320,960,11130.0396931229,2874.574104428,3695.67964677965,9730.20921807137,40.5921557056173,25.9751387109862,66.5672944166036,0.363227472144426,22.7774203998311,22.2774203998311,21.9658791021162,0.199118222401002,0.130881777598998,22.6261826347575,4.76,23.8776434467958,1.91176434467958,17.2058791021162,88.8840747684845,799.95667291636,44.4420373842422,199.98916822909,315.53846542812,157.76923271406,5580.17471537658,4743.14850807009,0.85,0.284105392156863,0.196306761945241,0.285,0.285,0.130851586665294,0.249536298149506,0.24561403508772,0.808394150472647
5300,0.3575,balanced,1,9,1,OK,0.0823871392933058,0,0.0752706299807251,0.166277326980471,0.0916248576778271,0.0493705646850404,1,0.31046568627451,0.31046568627451,0.196232250212495,0.285,5580.17471537658,4743.14850807009,167.705801449971,37.755785150421,6.70468992682282,2.17902422621742,4.82611171147718,7.83610635197417,20.8848594379165,22.0913873657858,0.793188763664307,0.0176293433130678,0.0440567316517357,0.427544595255688,0.0257826663012495,16.5826369647024,0.773098996051148,90605.5808037558,45739.1586936278,21586.422110128,22320,960,10551.6310614973,2617.24340936387,3786.47040980049,10025.3739774516,35.3302465489147,22.6051092457426,57.9353557946573,0.345458268549763,22.9086126342142,22.4086126342142,21.8453900835021,0.199027851614251,0.130972148385749,22.4774763027039,4.76,23.7437667594468,1.89837667594468,17.0853900835021,88.8840747684845,799.95667291636,44.4420373842422,199.98916822909,317.760567297332,158.880283648666,5580.17471537658,4743.14850807009,0.85,0.31046568627451,0.197126313006966,0.285,0.31046568627451,0.0502089503765071,0.151496013262809,0.151496013262809,0.813557990035386
4800,0.3275,balanced,1,2,1,OK,0.0825443513449455,0,0.214503142413413,0.0596600374452344,0.0457408750160853,0.0795506417880887,1,0.285,0.281176470588235,0.20173221757339,0.285,5580.17471537658,4743.14850807009,185.175155767676,39.6735280007368,7.04524359613528,2.28970416874397,5.07124609797285,8.23412845298311,21.0036550081859,22.2714665326792,0.833477479007075,0.0167495459427108,0.0440567316517357,0.38721019947685,0.0234550483153597,16.5086080519085,0.773098996051148,90605.5808037558,45739.1586936278,21586.422110128,22320,960,11346.2328652017,2948.00895077794,3733.45876485384,9215.64168237477,41.316734644518,26.4400770772941,67.7568117218121,0.365906600380134,22.7285334673208,22.2285334673208,22.020480504888,0.20050801658167,0.12949198341833,22.677166220517,4.76,23.9383116720978,1.91783116720978,17.260480504888,88.8840747684845,799.95667291636,44.4420373842422,199.98916822909,291.095344866787,145.547672433393,5580.17471537658,4743.14850807009,0.85,0.281176470588235,0.196004484327007,0.285,0.285,0.139811879586271,0.164748953974895,0.149122807017544,0.670880138913608
5175,0.365,balanced,1,9,1,OK,0.0826953358476927,0,0.0907159911939848,0.147233555062706,0.0780057924379575,0.0877729160226462,1,0.303143382352941,0.303143382352941,0.197379086157536,0.285,5580.17471537658,4743.14850807009,171.756666219294,38.2090521063268,6.78518128414238,2.20518391734627,4.88405030169872,7.93018062584141,20.8915761349726,22.1125887103973,0.802711178704344,0.0174286511419496,0.0440567316517357,0.417460996310979,0.0252065800472673,16.5615881062864,0.773098996051148,90605.5808037558,45739.1586936278,21586.422110128,22320,960,10663.8914832876,2672.58308261921,3747.66584380934,10088.8189884536,36.6519475205214,23.4512488265397,60.1031963470611,0.349932248162777,22.8874112896027,22.3874112896027,21.863944560147,0.199090583656801,0.130909416343199,22.5033127345332,4.76,23.7643828446078,1.90043828446078,17.103944560147,88.8840747684845,799.95667291636,44.4420373842422,199.98916822909,324.426872904968,162.213436452484,5580.17471537658,4743.14850807009,0.85,0.303143382352941,0.196873871420026,0.285,0.303143382352941,0.072609682678948,0.204050694318113,0.204050694318113,0.853978881846035
4800,0.3425,balanced,1,2,1,OK,0.0829361680817451,0,0.210411429147563,0.059502229014738,0.052056055911103,0.0848895313464886,1,0.285,0.281176470588235,0.20173221757339,0.285,5580.17471537658,4743.14850807009,185.175155767676,39.6735280007368,7.04524359613528,2.28970416874397,5.07124609797285,8.23412845298311,20.992409681834,22.2602212063272,0.833477479007075,0.0167706592808981,0.0440567316517357,0.38721019947685,0.0234761616535469,16.4937609985467,0.773098996051148,90605.5808037558,45739.1586936278,21586.422110128,22320,960,11263.759323594,2925.3394428388,3706.32098525403,9482.36497397268,41.2963026003415,26.4267079112487,67.7230105115902,0.365724063958972,22.7397787936728,22.2397787936728,22.0013146161434,0.198946159349821,0.131053840650179,22.665920894165,4.76,23.9170162401594,1.91570162401594,17.2413146161434,88.8840747684845,799.95667291636,44.4420373842422,199.98916822909,304.427956082059,152.21397804103,5580.17471537658,4743.14850807009,0.85,0.281176470588235,0.196165628860643,0.285,0.285,0.139811879586271,0.218096234309623,0.201754385964912,0.745973553008682
5275,0.36,balanced,1,9,1,OK,0.0832621563833305,0,0.0773078638643305,0.164925478461794,0.0888137118948547,0.0609521542130927,1,0.309001225490196,0.309001225490196,0.196450625266454,0.285,5580.17471537658,4743.14850807009,168.500615674852,37.8451480805168,6.72055903760564,2.18418168722183,4.83753447706897,7.8546533752016,20.8846864282064,22.0940700474736,0.79506613614531,0.0175906472672366,0.0440567316517357,0.425527875466746,0.0256681746959666,16.578034102815,0.773098996051148,90605.5808037558,45739.1586936278,21586.422110128,22320,960,10568.5992588116,2626.67849095304,3776.90160022242,10055.9440615337,35.5858740258018,22.7687251201247,58.3545991459265,0.346316830429455,22.9059299525264,22.4059299525264,21.8474913797486,0.199028028865973,0.130971971134027,22.4810728056391,4.76,23.746101533054,1.8986101533054,17.0874913797486,88.8840747684845,799.95667291636,44.4420373842422,199.98916822909,319.982669166544,159.991334583272,5580.17471537658,4743.14850807009,0.85,0.309001225490196,0.197080068873987,0.285,0.309001225490196,0.0546890968369953,0.165043923139464,0.165043923139464,0.826668734473522
4800,0.325,balanced,1,2,1,OK,0.0840786862785657,0,0.21520787838416,0.0650203136990967,0.0447541182368873,0.079575310774559,1,0.285,0.281176470588235,0.20173221757339,0.285,5580.17471537658,4743.14850807009,185.175155767676,39.6735280007368,7.04524359613528,2.28970416874397,5.07124609797285,8.23412845298311,21.0055561139546,22.2733676384478,0.833477479007075,0.0167459953206882,0.0440567316517357,0.38721019947685,0.023451497693337,16.5111075011155,0.773098996051148,90605.5808037558,45739.1586936278,21586.422110128,22320,960,11360.1689165221,2951.84156512164,3738.04439900816,9170.56982951038,41.3201908311331,26.4423385707241,67.7625294018571,0.365937477524648,22.7266323615522,22.2266323615522,22.023722693249,0.200772464917723,0.129227535082277,22.6790673262856,4.76,23.94191410361,1.918191410361,17.263722693249,88.8840747684845,799.95667291636,44.4420373842422,199.98916822909,288.873242997575,144.436621498787,5580.17471537658,4743.14850807009,0.85,0.281176470588235,0.195977384712305,0.285,0.285,0.139811879586271,0.155857740585774,0.140350877192983,0.658354613095284
5325,0.355,balanced,1,9,1,OK,0.084188778509996,0.00709454510637245,0.0736345644592511,0.170294145702886,0.0945043891187465,0.0390081694081378,1,0.311930147058823,0.311930147058823,0.19601947357548,0.285,5580.17471537658,4743.14850807009,166.918450269454,37.6670522776917,6.68893270192084,2.17390312812427,4.81476948260906,7.81769009536998,20.8850734635803,22.0887658342326,0.791324627682599,0.0176680274077572,0.0440567316517357,0.42956131504463,0.0258975043268302,16.5869772478269,0.773098996051148,90605.5808037558,45739.1586936278,21586.422110128,22320,960,10534.8508766985,2607.91122626051,3796.0474880919,9994.46374986915,35.0777201536601,22.4434797152387,57.5211998688989,0.344606601463428,22.9112341657674,22.4112341657674,21.843347510852,0.19902802215827,0.13097197784173,22.4739473928413,4.76,23.74149723428,1.898149723428,17.083347510852,88.8840747684845,799.95667291636,44.4420373842422,199.98916822909,315.53846542812,157.76923271406,5580.17471537658,4743.14850807009,0.85,0.311930147058823,0.197175374325752,0.285,0.311930147058823,0.045728803916019,0.138075313807531,0.138075313807531,0.800427671122391
4950,0.365,balanced,1,7,1,OK,0.0845416364719051,0,0.147719255130919,0.112233340446356,0.0601843105908896,0.0923787643278032,1,0.289963235294118,0.289963235294118,0.199814942137149,0.285,5580.17471537658,4743.14850807009,179.56378741108,39.067789712168,6.9376763084871,2.25474480025831,4.99381794658081,8.10840918554429,20.9300173431302,22.1784718297754,0.820751884709411,0.0170504226403417,0.0440567316517357,0.399310518210501,0.0241752195971919,16.5173481301855,0.773098996051148,90605.5808037558,45739.1586936278,21586.422110128,22320,960,10946.6422863718,2799.57388003595,3700.27549198132,9961.24286472262,39.2922357101139,25.1422222815523,64.4344579916663,0.358838822240672,22.8215281702246,22.3215281702246,21.9231464331507,0.198871705105003,0.131128294894997,22.5779772655018,4.76,23.8301627035007,1.90701627035007,17.1631464331507,88.8840747684845,799.95667291636,44.4420373842422,199.98916822909,324.426872904968,162.213436452484,5580.17471537658,4743.14850807009,0.85,0.289963235294118,0.196487587092795,0.285,0.289963235294118,0.112931000823342,0.258780271332572,0.258780271332572,0.857623707433601
4800,0.345,balanced,1,3,1,OK,0.0846435890830872,0,0.209798351632676,0.0648099024584349,0.0516844762519598,0.0890938532760873,1,0.285,0.281176470588235,0.20173221757339,0.285,5580.17471537658,4743.14850807009,185.175155767676,39.6735280007368,7.04524359613528,2.28970416874397,5.07124609797285,8.23412845298311,20.9875719932101,22.2553835177033,0.833477479007075,0.016773899980906,0.0440567316517357,0.38721019947685,0.0234794023535549,16.4914844784465,0.773098996051148,90605.5808037558,45739.1586936278,21586.422110128,22320,960,11250.2809610217,2921.30605744612,3701.88595280943,9526.28321600125,41.2875190425508,26.4209607146481,67.708479757199,0.365645593635397,22.7446164822967,22.2446164822967,21.9968845505524,0.199026538614602,0.130973461385398,22.6610832055411,4.76,23.9120939450582,1.91520939450583,17.2368845505524,88.8840747684845,799.95667291636,44.4420373842422,199.98916822909,306.650057951271,153.325028975636,5580.17471537658,4743.14850807009,0.85,0.281176470588235,0.1961903630399,0.285,0.285,0.139811879586271,0.226987447698745,0.210526315789474,0.758496159823282
5075,0.3675,balanced,1,8,1,OK,0.0848225453835268,0,0.111254753530604,0.136002242717166,0.0695683410354326,0.103012088304147,1,0.297285539215686,0.297285539215686,0.198400102398024,0.285,5580.17471537658,4743.14850807009,175.14103402657,38.5836596142181,6.85170426001654,2.22680388450538,4.93193429282323,8.00792935389433,20.9051012305736,22.1380848037794,0.810581084332314,0.0172636507234586,0.0440567316517357,0.409394117155211,0.0247477150483959,16.5427036942446,0.773098996051148,90605.5808037558,45739.1586936278,21586.422110128,22320,960,10774.7773696475,2724.13464162274,3722.5319157367,10076.0307126818,37.7826645048075,24.1753248129856,61.9579893177931,0.353760554527693,22.8619151962206,22.3619151962206,21.8860688604121,0.198901196081627,0.131098803918373,22.5326395472053,4.76,23.7889654004579,1.90289654004579,17.1260688604121,88.8840747684845,799.95667291636,44.4420373842422,199.98916822909,326.64897477418,163.32448738709,5580.17471537658,4743.14850807009,0.85,0.297285539215686,0.196693826116694,0.285,0.297285539215686,0.0905302685209007,0.236185254653008,0.236185254653008,0.868386045741826
5050,0.3675,balanced,1,8,1,OK,0.0848968836434439,0,0.117589696865866,0.131980077223464,0.0672837567332251,0.103012088304147,1,0.295821078431373,0.295821078431373,0.198670338117727,0.285,5580.17471537658,4743.14850807009,176.008068848484,38.6790458156883,6.86864298613777,2.23230897049477,4.94412697964445,8.02772649004852,20.9087824117483,22.1448141566594,0.812584996127906,0.0172215571776849,0.0440567316517357,0.407377397366269,0.0246330512861258,16.5378374215345,0.773098996051148,90605.5808037558,45739.1586936278,21586.422110128,22320,960,10806.183932737,2738.16811625648,3717.28530604592,10061.8293568362,38.0747830183347,24.3623979031222,62.4371809214569,0.354740446446269,22.8551858433406,22.3551858433406,21.8923911137714,0.198944870565153,0.131055129434847,22.540344315031,4.76,23.7959901264126,1.90359901264127,17.1323911137714,88.8840747684845,799.95667291636,44.4420373842422,199.98916822909,326.64897477418,163.32448738709,5580.17471537658,4743.14850807009,0.85,0.295821078431373,0.196650369789,0.285,0.295821078431373,0.0950104149813889,0.242304983636439,0.242304983636439,0.868798926716058
5200,0.365,balanced,1,9,1,OK,0.0851010457395372,0,0.0864499069501891,0.15815244044033,0.0806649510423912,0.0877729160226462,1,0.304607843137255,0.304607843137255,0.197138388464386,0.285,5580.17471537658,4743.14850807009,170.930913016316,38.1170927621545,6.76885110093753,2.1998766078047,4.87229565095786,7.91109472422074,20.8880009345821,22.1060748473216,0.800779259709128,0.0174709174188513,0.0440567316517357,0.419477716099921,0.0253232083978628,16.5649513880446,0.773098996051148,90605.5808037558,45739.1586936278,21586.422110128,22320,960,10633.4067465989,2659.16182071726,3752.74397284976,10102.489450769,36.3775953031026,23.2755603957475,59.65315569885,0.348989861729433,22.8939251526784,22.3939251526784,21.8578794551659,0.199059866244594,0.130940133755406,22.4958584993982,4.76,23.7576438390733,1.89976438390732,17.0978794551659,88.8840747684845,799.95667291636,44.4420373842422,199.98916822909,324.426872904968,162.213436452484,5580.17471537658,4743.14850807009,0.85,0.304607843137255,0.196933494334593,0.285,0.304607843137255,0.0681295362184599,0.198261989056968,0.198261989056968,0.853417577508984
5250,0.3625,balanced,1,9,1,OK,0.0851205731691299,0,0.0797481517382085,0.166269798821499,0.086072709162219,0.0737529379922943,1,0.307536764705882,0.307536764705882,0.196674241897281,0.285,5580.17471537658,4743.14850807009,169.302999559018,37.9351485597678,6.73654136466465,2.18937594351601,4.84903873701805,7.87333271995181,20.8845547417558,22.0968144260103,0.79695690251613,0.0175519399377856,0.0440567316517357,0.423511155677804,0.0255540301785032,16.573164887082,0.773098996051148,90605.5808037558,45739.1586936278,21586.422110128,22320,960,10585.7567333032,2636.21773180188,3767.34058002757,10086.1743306452,35.8446557795592,22.934361432393,58.7790172119522,0.347182373407756,22.9031855739897,22.4031855739897,21.8496519136449,0.199028554777564,0.130971445222436,22.4847375249717,4.76,23.7485021262721,1.89885021262721,17.0896519136449,88.8840747684845,799.95667291636,44.4420373842422,199.98916822909,322.204771035756,161.102385517878,5580.17471537658,4743.14850807009,0.85,0.307536764705882,0.197036686830397,0.285,0.307536764705882,0.0591692432974835,0.178720860729229,0.178720860729229,0.839758909019968
4825,0.3525,balanced,1,5,1,OK,0.0852629061320139,0,0.197337826055119,0.0769532004265943,0.0526349832721557,0.0898603410123713,1,0.285,0.282640931372549,0.201395338266847,0.285,5580.17471537658,4743.14850807009,184.21569900204,39.5706133578612,7.0269679658799,2.28376458891097,5.0580910924211,8.21276881012214,20.9706582720105,22.2351810451158,0.831315406677756,0.0168252443243456,0.0440567316517357,0.389226919265792,0.0235997331990959,16.4928525243117,0.773098996051148,90605.5808037558,45739.1586936278,21586.422110128,22320,960,11176.5825663635,2893.94098743257,3694.39023354008,9671.97671864039,40.9306916981404,26.192095123446,67.1227868215864,0.364370611110853,22.7648189548842,22.2648189548842,21.9773821571457,0.199032375404153,0.130967624595847,22.6398283325095,4.76,23.8904246190508,1.91304246190508,17.2173821571457,88.8840747684845,799.95667291636,44.4420373842422,199.98916822909,313.316363558908,156.658181779454,5580.17471537658,4743.14850807009,0.85,0.282640931372549,0.196271903217006,0.285,0.285,0.135331733125782,0.247165434561103,0.236842105263158,0.795977897102587
5100,0.3675,balanced,1,8,1,OK,0.0852683565433373,0,0.105337261912339,0.141479353125668,0.0719427569912431,0.103012088304147,1,0.29875,0.29875,0.198135752702295,0.285,5580.17471537658,4743.14850807009,174.282499546048,38.4889756442206,6.83489023648757,2.22133932685846,4.91983136833964,7.98827796389484,20.9014606002324,22.1314184423173,0.808591925298752,0.0173057850619148,0.0440567316517357,0.411410836944153,0.024862777974788,16.5472594157155,0.773098996051148,90605.5808037558,45739.1586936278,21586.422110128,22320,960,10743.5619790685,2710.23120122001,3727.74143816949,10090.1316819197,37.49425848982,23.9906311911417,61.4848896809617,0.352788661174305,22.8685815576827,22.3685815576827,21.879807977817,0.198857908805685,0.131142091194315,22.5250049517845,4.76,23.7820088642412,1.90220088642412,17.119807977817,88.8840747684845,799.95667291636,44.4420373842422,199.98916822909,326.64897477418,163.32448738709,5580.17471537658,4743.14850807009,0.85,0.29875,0.196740630128939,0.285,0.29875,0.0860501220604125,0.230125523012552,0.230125523012552,0.867941562244406
5025,0.3675,balanced,1,8,1,OK,0.0855033642986928,0,0.124344141913142,0.129452800819006,0.0650912655700159,0.103012088304147,1,0.294356617647059,0.294356617647059,0.198947045559894,0.285,5580.17471537658,4743.14850807009,176.883730882556,38.7751429720346,6.88570796395732,2.23785508828613,4.95641054386739,8.04767118287511,20.9125047388961,22.1516073748629,0.814603843950307,0.0171795049807937,0.0440567316517357,0.405360677577327,0.0245187872441776,16.5326561032739,0.773098996051148,90605.5808037558,45739.1586936278,21586.422110128,22320,960,10837.7833938878,2752.33340786917,3712.001204021,10047.5265179359,38.370681175199,24.5518935323643,62.9225747075634,0.35572844598886,22.8483926251371,22.3483926251371,21.8987756069428,0.198988937521931,0.131011062478069,22.5481202183723,4.76,23.8030840077142,1.90430840077142,17.1387756069428,88.8840747684845,799.95667291636,44.4420373842422,199.98916822909,326.64897477418,163.32448738709,5580.17471537658,4743.14850807009,0.85,0.294356617647059,0.196610315166338,0.285,0.294356617647059,0.0994905614418771,0.248485605445576,0.248485605445576,0.869179649547305
4875,0.36,balanced,1,6,1,OK,0.0857745519902569,0,0.175568073017305,0.0955671885736378,0.055679671680695,0.0908424763018771,1,0.285569852941176,0.285569852941176,0.200742583874175,0.285,5580.17471537658,4743.14850807009,182.326307217404,39.3671641263113,6.99083935650368,2.2720227908637,5.03208531038897,8.17054349791367,20.9509254353386,22.2089467629358,0.827041263157801,0.0169184571083187,0.0440567316517357,0.393260358843675,0.0238319941015905,16.5013618737607,0.773098996051148,90605.5808037558,45739.1586936278,21586.422110128,22320,960,11070.5746086592,2851.87832974981,3692.5088033593,9831.24950120896,40.2562146954271,25.7598224164203,66.0160371118475,0.362076313173669,22.7910532370642,22.2910532370642,21.9517113796275,0.198880957408013,0.131119042591987,22.6115135877669,4.76,23.8619015329195,1.91019015329195,17.1917113796275,88.8840747684845,799.95667291636,44.4420373842422,199.98916822909,319.982669166544,159.991334583272,5580.17471537658,4743.14850807009,0.85,0.285569852941176,0.196372187871809,0.285,0.285569852941176,0.126371440204806,0.260637270679112,0.260637270679112,0.833253496340364
4800,0.3225,balanced,1,2,1,OK,0.086044088496871,0,0.215919281675486,0.071904582766896,0.0437869005622622,0.0796001164130677,1,0.285,0.281176470588235,0.20173221757339,0.285,5580.17471537658,4743.14850807009,185.175155767676,39.6735280007368,7.04524359613528,2.28970416874397,5.07124609797285,8.23412845298311,21.0074650800019,22.2752766044951,0.833477479007075,0.0167424353795987,0.0440567316517357,0.38721019947685,0.0234479377522476,16.513614270395,0.773098996051148,90605.5808037558,45739.1586936278,21586.422110128,22320,960,11374.1606349657,2955.69007427818,3742.64835033539,9125.31735297846,41.3236618895039,26.4446098037849,67.7682716932888,0.365968487577848,22.7247233955049,22.2247233955049,22.0269788838161,0.201038124381643,0.128961875618357,22.680976292333,4.76,23.945532093129,1.9185532093129,17.2669788838161,88.8840747684845,799.95667291636,44.4420373842422,199.98916822909,286.651141128362,143.325570564181,5580.17471537658,4743.14850807009,0.85,0.281176470588235,0.195950213971158,0.285,0.285,0.139811879586271,0.146966527196653,0.131578947368421,0.64582622016156
5125,0.3675,balanced,1,9,1,OK,0.0860447010014798,0,0.0998711955733624,0.148372561211362,0.0730720578162624,0.103012088304147,1,0.300214460784314,0.300214460784314,0.197877686240692,0.285,5580.17471537658,4743.14850807009,173.432341011677,38.3949853314109,6.81819939292535,2.21591480270074,4.9078171101906,7.9687705404815,20.8952428508302,22.1221971283779,0.806617338895186,0.0173477525997051,0.0440567316517357,0.413427556733095,0.0249780324719536,16.5516462194254,0.773098996051148,90605.5808037558,45739.1586936278,21586.422110128,22320,960,10712.5979981435,2696.20715634784,3732.93585753935,10104.1917706685,37.205242804733,23.8054905652242,61.0107333699572,0.351784061807996,22.8778028716221,22.3778028716221,21.8725045739379,0.19912350056372,0.13087649943628,22.5148224971931,4.76,23.7738939710421,1.90138939710421,17.1125045739379,88.8840747684845,799.95667291636,44.4420373842422,199.98916822909,326.64897477418,163.32448738709,5580.17471537658,4743.14850807009,0.85,0.300214460784314,0.196789248884524,0.285,0.300214460784314,0.0815699755999244,0.224124910705174,0.224124910705174,0.867480068566395
4900,0.3625,balanced,1,7,1,OK,0.0860838630654193,0,0.165673949431392,0.10419590143518,0.0563120108321405,0.0926358128353521,1,0.28703431372549,0.28703431372549,0.200426500193967,0.285,5580.17471537658,4743.14850807009,181.396070956091,39.2666092644472,6.97298277726033,2.26621940260961,5.01923194249965,8.14967362092301,20.9410525765033,22.1958605621282,0.824928766059815,0.016963362123223,0.0440567316517357,0.395277078632617,0.0239469607329148,16.5063568208601,0.773098996051148,90605.5808037558,45739.1586936278,21586.422110128,22320,960,11024.7016699677,2832.86148409884,3693.70323666773,9889.02754590525,39.9256001774261,25.5479344008922,65.4735345783183,0.360942407590333,22.8041394378718,22.3041394378718,21.9401371767766,0.199051291456308,0.130948708543692,22.5973991175282,4.76,23.8490413075296,1.90890413075296,17.1801371767766,88.8840747684845,799.95667291636,44.4420373842422,199.98916822909,322.204771035756,161.102385517878,5580.17471537658,4743.14850807009,0.85,0.28703431372549,0.196414276357407,0.285,0.28703431372549,0.121891293744318,0.262915207924174,0.262915207924174,0.845588858013425
5000,0.3675,balanced,1,8,1,OK,0.0866589336358608,0,0.131520369245623,0.128461489768192,0.0629931869757032,0.10305781705219,1,0.292892156862745,0.292892156862745,0.199229816485383,0.285,5580.17471537658,4743.14850807009,177.768149536969,38.8719599591304,6.9029007696569,2.24344275013849,4.96878612004548,8.06776527453649,20.9162688182552,22.1584653482665,0.816637814267445,0.0171374946995428,0.0440567316517357,0.403343957788385,0.0244049234893094,16.5271551851032,0.773098996051148,90605.5808037558,45739.1586936278,21586.422110128,22320,960,10869.5774980165,2766.63233162652,3706.6791986068,10033.1210833499,38.6704276868029,24.7438557772435,63.4142834640463,0.356724664284468,22.8415346517335,22.3415346517335,21.9052232250758,0.199033402309448,0.130966597690552,22.5559682378702,4.76,23.810248027862,1.9050248027862,17.1452232250758,88.8840747684845,799.95667291636,44.4420373842422,199.98916822909,326.64897477418,163.32448738709,5580.17471537658,4743.14850807009,0.85,0.292892156862745,0.196573717426951,0.285,0.292892156862745,0.103970707902365,0.254728033472803,0.254728033472803,0.869527650035751
4850,0.3575,balanced,1,6,1,OK,0.0867130169098688,0,0.185941060374511,0.0902708030251013,0.0537151801036584,0.0929121235844556,1,0.285,0.284105392156863,0.2010653081529,0.285,5580.17471537658,4743.14850807009,183.266133543267,39.4684954757306,7.00883382476904,2.27787099304994,5.04503793235733,8.19157453269881,20.9579746071666,22.2192340902559,0.829170073019551,0.0168733941314408,0.0440567316517357,0.391243639054734,0.0237172278797321,16.4961791082286,0.773098996051148,90605.5808037558,45739.1586936278,21586.422110128,22320,960,11116.8135988281,2870.79663467612,3691.28798162485,9773.36106429826,40.5861944723628,25.9712384822238,66.5574329545866,0.363173662628034,22.7807659097441,22.2807659097441,21.962151659675,0.199042517810996,0.130957482189004,22.6228371248445,4.76,23.8735018440833,1.91135018440833,17.202151659675,88.8840747684845,799.95667291636,44.4420373842422,199.98916822909,317.760567297332,158.880283648666,5580.17471537658,4743.14850807009,0.85,0.284105392156863,0.196332132405635,0.285,0.285,0.130851586665294,0.258335849544925,0.254385964912281,0.820893990298961
4800,0.3475,balanced,1,4,1,OK,0.086884346770743,0,0.209194644456376,0.0716415687160688,0.051189562471693,0.0945145411467641,1,0.285,0.281176470588235,0.20173221757339,0.285,5580.17471537658,4743.14850807009,185.175155767676,39.6735280007368,7.04524359613528,2.28970416874397,5.07124609797285,8.23412845298311,20.9824953847663,22.2503069092595,0.833477479007075,0.0167771118783179,0.0440567316517357,0.38721019947685,0.0234826142509668,16.4892288115199,0.773098996051148,90605.5808037558,45739.1586936278,21586.422110128,22320,960,11236.8608580599,2917.26301495794,3697.47009059125,9570.03871464305,41.278305706487,26.4149323675734,67.6932380740603,0.365563284088657,22.7496930907405,22.2496930907405,21.9923633282656,0.199136055318427,0.130863944681573,22.6560065970973,4.76,23.9070703647395,1.91470703647395,17.2323633282656,88.8840747684845,799.95667291636,44.4420373842422,199.98916822909,308.872159820484,154.436079910242,5580.17471537658,4743.14850807009,0.85,0.281176470588235,0.196214877387463,0.285,0.285,0.139811879586271,0.235878661087866,0.219298245614035,0.771017593705684
5300,0.36,balanced,1,9,1,OK,0.0874678977154998,0,0.0746663166450862,0.18072895730779,0.0917761303799183,0.0609521542130927,1,0.31046568627451,0.31046568627451,0.196232250212495,0.285,5580.17471537658,4743.14850807009,167.705801449971,37.755785150421,6.70468992682282,2.17902422621742,4.82611171147718,7.83610635197417,20.8812518420247,22.087779769894,0.793188763664307,0.0176330240005996,0.0440567316517357,0.427544595255688,0.0257863469887813,16.5802699948813,0.773098996051148,90605.5808037558,45739.1586936278,21586.422110128,22320,960,10538.7986596589,2613.70753768079,3781.8654809924,10069.1603198943,35.3246836985656,22.6014706013598,57.9261542999254,0.345403401665897,22.912220230106,22.412220230106,21.8416399030559,0.198998307218465,0.131001692781535,22.4738687068122,4.76,23.7395998922843,1.89795998922843,17.0816399030559,88.8840747684845,799.95667291636,44.4420373842422,199.98916822909,319.982669166544,159.991334583272,5580.17471537658,4743.14850807009,0.85,0.31046568627451,0.197151755109091,0.285,0.31046568627451,0.0502089503765071,0.159548432935975,0.159548432935975,0.826004540516513
5150,0.3675,balanced,1,9,1,OK,0.0874892517252301,0,0.0947841045952399,0.156644082756252,0.0755679615729099,0.103012088304147,1,0.301678921568627,0.301678921568627,0.197625335201644,0.285,5580.17471537658,4743.14850807009,172.590436443659,38.3016802473612,6.80163023260577,2.21052982559688,4.89589044101717,7.949405334358,20.8915942435343,22.1155668537886,0.804657148053808,0.0173899606302933,0.0440567316517357,0.415444276522037,0.0250938858333567,16.5555976177192,0.773098996051148,90605.5808037558,45739.1586936278,21586.422110128,22320,960,10681.7613935586,2682.55155187933,3738.0730287848,10118.0969020192,36.923958858705,23.625360239373,60.5493190980779,0.35082661789226,22.8844331462114,22.3844331462114,21.8663281609361,0.199092265062866,0.130907734937134,22.50723808907,4.76,23.767031289929,1.9007031289929,17.1063281609361,88.8840747684845,799.95667291636,44.4420373842422,199.98916822909,326.64897477418,163.32448738709,5580.17471537658,4743.14850807009,0.85,0.301678921568627,0.196842553299553,0.285,0.301678921568627,0.0770898291394362,0.218182556769712,0.218182556769712,0.86697436016664
5225,0.365,balanced,1,9,1,OK,0.087972109341943,0,0.0825935444759009,0.170342343097386,0.0834036499871011,0.0877729160226462,1,0.306072303921569,0.306072303921569,0.196903618430966,0.285,5580.17471537658,4743.14850807009,170.113061757865,38.025794205274,6.752638260648,2.1946074347106,4.86062546497587,7.89214596713235,20.8844646956777,22.0996210619216,0.798861222799875,0.0175132219972155,0.0440567316517357,0.421494435888862,0.0254402334213604,16.5680254936247,0.773098996051148,90605.5808037558,45739.1586936278,21586.422110128,22320,960,10603.1047746053,2645.86241745412,3757.78686942428,10116.0650663223,36.106646188741,23.1020530354959,59.2086992242369,0.348054985386796,22.9003789380784,22.4003789380784,21.8518722128074,0.199029430286398,0.130970569713602,22.4884710991197,4.76,23.7509691253415,1.89909691253415,17.0918722128074,88.8840747684845,799.95667291636,44.4420373842422,199.98916822909,324.426872904968,162.213436452484,5580.17471537658,4743.14850807009,0.85,0.306072303921569,0.196996212674088,0.285,0.306072303921569,0.0636493897579717,0.192528678104543,0.192528678104543,0.85282749878983
4925,0.365,balanced,1,7,1,OK,0.0879817211009863,0,0.156175916961834,0.116108258641023,0.058312048847094,0.0982550177206645,1,0.288498774509804,0.288498774509804,0.20011750097076,0.285,5580.17471537658,4743.14850807009,180.475278717735,39.166821023677,6.95526233494819,2.26046025885816,5.00647656751459,8.1289628539707,20.9337833594976,22.1854025013762,0.822832374446996,0.0170085514086633,0.0440567316517357,0.397293798421559,0.0240625700062146,16.5108630673677,0.773098996051148,90605.5808037558,45739.1586936278,21586.422110128,22320,960,10979.0522602472,2814.28806481199,3694.82515338899,9946.57040410967,39.6038218062146,25.3417716942345,64.9455935004491,0.359858668521713,22.8145974986238,22.3145974986238,21.9297403931685,0.19893372519376,0.13106627480624,22.5859206267774,4.76,23.8374893257428,1.90774893257428,17.1697403931685,88.8840747684845,799.95667291636,44.4420373842422,199.98916822909,324.426872904968,162.213436452484,5580.17471537658,4743.14850807009,0.85,0.288498774509804,0.196461656512202,0.285,0.288498774509804,0.11741114728383,0.265170018902789,0.265170018902789,0.857868891466516
4975,0.3675,balanced,1,8,1,OK,0.0884773697110298,0,0.139120899798501,0.129048388865423,0.0609919000285425,0.104159388730752,1,0.291427696078431,0.291427696078431,0.19951925523692,0.285,5580.17471537658,4743.14850807009,178.661456821074,38.969505808762,6.92022300710534,2.24907247730924,4.98125486266167,8.08801063955437,20.9200752674148,22.1653889830802,0.81868709682273,0.0170955269115047,0.0440567316517357,0.401327237999443,0.0242914605990933,16.5213300518629,0.773098996051148,90605.5808037558,45739.1586936278,21586.422110128,22320,960,10901.5680096319,2781.06673584985,3701.31887265775,10018.6119239618,38.9740928759751,24.9383297488059,63.9124226247811,0.357729214582572,22.8346110169198,22.3346110169198,21.9117348697902,0.199078270378944,0.130921729621056,22.5638893720932,4.76,23.8174831886558,1.90574831886558,17.1517348697902,88.8840747684845,799.95667291636,44.4420373842422,199.98916822909,326.64897477418,163.32448738709,5580.17471537658,4743.14850807009,0.85,0.291427696078431,0.196540632937835,0.285,0.291427696078431,0.108450854362853,0.261033199470154,0.261033199470154,0.869842355276425
5325,0.3575,balanced,1,9,1,OK,0.0887210853981782,0.00709454510637245,0.0730298532545881,0.183221783216268,0.0946576715892039,0.0493705646850404,1,0.311930147058823,0.311930147058823,0.19601947357548,0.285,5580.17471537658,4743.14850807009,166.918450269454,37.6670522776917,6.68893270192084,2.17390312812427,4.81476948260906,7.81769009536998,20.8814557883572,22.0851481590094,0.791324627682599,0.0176717364706454,0.0440567316517357,0.42956131504463,0.0259012133897184,16.5846019868377,0.773098996051148,90605.5808037558,45739.1586936278,21586.422110128,22320,960,10521.9881693886,2604.37446836858,3791.41263864361,10038.4594335814,35.0721822693236,22.4398574195812,57.5120396889048,0.344551723288012,22.9148518409906,22.4148518409906,21.8395869425159,0.198998344078462,0.131001655921538,22.4703297176182,4.76,23.7373188250176,1.89773188250177,17.0795869425159,88.8840747684845,799.95667291636,44.4420373842422,199.98916822909,317.760567297332,158.880283648666,5580.17471537658,4743.14850807009,0.85,0.311930147058823,0.197200892200182,0.285,0.311930147058823,0.045728803916019,0.1460899286935,0.1460899286935,0.812872122490679
5275,0.3625,balanced,1,9,1,OK,0.0888914788238006,0,0.0767044210631316,0.180901101603049,0.0889629680040415,0.0737529379922943,1,0.309001225490196,0.309001225490196,0.196450625266454,0.285,5580.17471537658,4743.14850807009,168.500615674852,37.8451480805168,6.72055903760564,2.18418168722183,4.83753447706897,7.8546533752016,20.8810887643789,22.0904723836461,0.79506613614531,0.0175942997475197,0.0440567316517357,0.425527875466746,0.0256718271762496,16.5756754494057,0.773098996051148,90605.5808037558,45739.1586936278,21586.422110128,22320,960,10555.7968320522,2623.14338273578,3772.3263954171,10099.5226866356,35.5802856953091,22.7650697901166,58.3453554854257,0.346261972110607,22.9095276163539,22.4095276163539,21.843751431189,0.198998616211086,0.131001383788914,22.4774751418116,4.76,23.7419460346544,1.89819460346544,17.083751431189,88.8840747684845,799.95667291636,44.4420373842422,199.98916822909,322.204771035756,161.102385517878,5580.17471537658,4743.14850807009,0.85,0.309001225490196,0.197105435653108,0.285,0.309001225490196,0.0546890968369953,0.173134505939043,0.173134505939043,0.839117215610306
4775,0.335,balanced,1,2,1,OK,0.0892679006253348,0,0.223494355064361,0.0676099225869518,0.0467272957765556,0.101566556768237,1,0.285,0.279712009803922,0.202076633413972,0.285,5580.17471537658,4743.14850807009,186.144659201015,39.7772498195718,7.06366256507379,2.29569033364898,5.08450428033142,8.25565562292999,21.0000972475661,22.2712233176489,0.835656508814533,0.0167186235439601,0.0440567316517357,0.385193479687908,0.0233554977859469,16.4926255572973,0.773098996051148,90605.5808037558,45739.1586936278,21586.422110128,22320,960,11338.6789546424,2952.1792520656,3713.96448471982,9335.09560208139,41.641190359502,26.6477016434165,68.2888920029185,0.366859260405502,22.7287766823511,22.2287766823511,22.0170662621685,0.200013405148732,0.129986594851268,22.6779836600754,4.76,23.9345180690761,1.91745180690761,17.2570662621685,88.8840747684845,799.95667291636,44.4420373842422,199.98916822909,297.761650474423,148.880825237211,5580.17471537658,4743.14850807009,0.85,0.279712009803922,0.19608151837444,0.285,0.285,0.144292026046759,0.197660408771277,0.175438596491228,0.708473102295539
4825,0.355,balanced,1,5,1,OK,0.0892781122150035,0,0.196715515532876,0.0883568451260393,0.0530684453181308,0.0989688950728396,1,0.285,0.282640931372549,0.201395338266847,0.285,5580.17471537658,4743.14850807009,184.21569900204,39.5706133578612,7.0269679658799,2.28376458891097,5.0580910924211,8.21276881012214,20.9675269317228,22.2320497048281,0.831315406677756,0.0168286098220554,0.0440567316517357,0.389226919265792,0.0236030986968058,16.4905008560789,0.773098996051148,90605.5808037558,45739.1586936278,21586.422110128,22320,960,11163.2819628431,2890.15620422104,3689.99375371682,9715.23905442606,40.9250623849059,26.1884119661912,67.1134743510971,0.36432005911914,22.7679502951719,22.2679502951719,21.9737311340479,0.198929632531288,0.131070367468712,22.6366969922218,4.76,23.8863679267199,1.91263679267199,17.2137311340479,88.8840747684845,799.95667291636,44.4420373842422,199.98916822909,315.53846542812,157.76923271406,5580.17471537658,4743.14850807009,0.85,0.282640931372549,0.196297456805266,0.285,0.285,0.135331733125782,0.256010579487068,0.24561403508772,0.808479874256208
5175,0.3675,balanced,1,9,1,OK,0.0894201414193779,0,0.0901095344689835,0.166257163831836,0.0781474174535223,0.103012088304147,1,0.303143382352941,0.303143382352941,0.197379086157536,0.285,5580.17471537658,4743.14850807009,171.756666219294,38.2090521063268,6.78518128414238,2.20518391734627,4.88405030169872,7.93018062584141,20.8879856903305,22.1089982657551,0.802711178704344,0.017432207977931,0.0440567316517357,0.417460996310979,0.0252101368832487,16.559251472703,0.773098996051148,90605.5808037558,45739.1586936278,21586.422110128,22320,960,10651.1108429055,2669.02100759275,3743.17427808992,10131.904801007,36.6461986769309,23.4474883690265,60.0936870459573,0.349876883201911,22.8910017342449,22.3910017342449,21.8602111821913,0.199061318332996,0.130938681667004,22.499722289891,4.76,23.7602346468792,1.90002346468792,17.1002111821913,88.8840747684845,799.95667291636,44.4420373842422,199.98916822909,326.64897477418,163.32448738709,5580.17471537658,4743.14850807009,0.85,0.303143382352941,0.196899051284933,0.285,0.303143382352941,0.072609682678948,0.212297616881936,0.212297616881936,0.866438652709348
4775,0.3325,balanced,1,2,1,OK,0.0895119746843471,0,0.224172762372512,0.068398220399003,0.0457115359232428,0.101593949739694,1,0.285,0.279712009803922,0.202076633413972,0.285,5580.17471537658,4743.14850807009,186.144659201015,39.7772498195718,7.06366256507379,2.29569033364898,5.08450428033142,8.25565562292999,21.0019771888733,22.2731032589562,0.835656508814533,0.0167151201130573,0.0440567316517357,0.385193479687908,0.0233519943550442,16.4950998973115,0.773098996051148,90605.5808037558,45739.1586936278,21586.422110128,22320,960,11352.4700117474,2955.97958734404,3718.48172138376,9290.60826595003,41.6446348682149,26.6499554944892,68.2945903627041,0.366889872939915,22.7268967410438,22.2268967410438,22.020271484504,0.200274056129675,0.129725943870325,22.6798636013827,4.76,23.9380794272267,1.91780794272267,17.260271484504,88.8840747684845,799.95667291636,44.4420373842422,199.98916822909,295.539548605211,147.769774302605,5580.17471537658,4743.14850807009,0.85,0.279712009803922,0.196054638942167,0.285,0.285,0.144292026046759,0.188722644526715,0.166666666666667,0.695955789641282
4775,0.3375,balanced,1,2,1,OK,0.0895155686559137,0,0.222822337892001,0.0683456175888376,0.0477615685696795,0.102148150372039,1,0.285,0.279712009803922,0.202076633413972,0.285,5580.17471537658,4743.14850807009,186.144659201015,39.7772498195718,7.06366256507379,2.29569033364898,5.08450428033142,8.25565562292999,20.998224900212,22.2693509702949,0.835656508814533,0.0167221180852458,0.0440567316517357,0.385193479687908,0.0233589923272326,16.4901582350724,0.773098996051148,90605.5808037558,45739.1586936278,21586.422110128,22320,960,11324.9417176855,2948.39431485216,3709.46487675136,9379.40875751104,41.6377603310639,26.6454572755802,68.2832176066441,0.366828776607048,22.7306490297051,22.2306490297051,22.0138745641577,0.199753920529591,0.130246079470409,22.6761113127214,4.76,23.930971737953,1.91709717379531,17.2538745641577,88.8840747684845,799.95667291636,44.4420373842422,199.98916822909,299.983752343635,149.991876171818,5580.17471537658,4743.14850807009,0.85,0.279712009803922,0.196108329602754,0.285,0.285,0.144292026046759,0.206598173015839,0.18421052631579,0.720987582137153
4800,0.35,balanced,1,4,1,OK,0.0898214984933889,0,0.208562154502202,0.0799972277876397,0.0517789154570759,0.101183094683308,1,0.285,0.281176470588235,0.20173221757339,0.285,5580.17471537658,4743.14850807009,185.175155767676,39.6735280007368,7.04524359613528,2.28970416874397,5.07124609797285,8.23412845298311,20.9796521196546,22.2474636441478,0.833477479007075,0.0167804993976897,0.0440567316517357,0.38721019947685,0.0234860017703385,16.4868504764346,0.773098996051148,90605.5808037558,45739.1586936278,21586.422110128,22320,960,11223.4319352282,2913.4644406229,3693.05132620978,9613.57584468518,41.2731473731631,26.4115572621729,67.684704635336,0.36551720102374,22.7525363558522,22.2525363558522,21.9888104291837,0.198996122458447,0.131003877541553,22.6531633319856,4.76,23.903122699093,1.9143122699093,17.2288104291837,88.8840747684845,799.95667291636,44.4420373842422,199.98916822909,311.094261689696,155.547130844848,5580.17471537658,4743.14850807009,0.85,0.281176470588235,0.196240732144513,0.285,0.285,0.139811879586271,0.244769874476988,0.228070175438597,0.783523716892056
4800,0.32,balanced,1,3,1,OK,0.0900932527895284,0.00620867959372061,0.21658759860971,0.0803128446486322,0.0440582949885811,0.0796638822068656,1,0.285,0.281176470588235,0.20173221757339,0.285,5580.17471537658,4743.14850807009,185.175155767676,39.6735280007368,7.04524359613528,2.28970416874397,5.07124609797285,8.23412845298311,21.0123600788639,22.2801716033572,0.833477479007075,0.016739112841921,0.0440567316517357,0.38721019947685,0.0234446152145699,16.5159545564311,0.773098996051148,90605.5808037558,45739.1586936278,21586.422110128,22320,960,11388.1256849624,2959.86573172109,3747.24352645519,9079.81664480724,41.332565093982,26.4504355164135,67.7830006103955,0.366048028038044,22.7198283966428,22.2198283966428,22.0315336328164,0.200971030445518,0.129028969554482,22.685871291195,4.76,23.9505929253515,1.91905929253515,17.2715336328164,88.8840747684845,799.95667291636,44.4420373842422,199.98916822909,284.42903925915,142.214519629575,5580.17471537658,4743.14850807009,0.85,0.281176470588235,0.195924855177593,0.285,0.285,0.139811879586271,0.138075313807532,0.12280701754386,0.633279247341751
4775,0.33,balanced,1,2,1,OK,0.0901869586191237,0,0.224857616827136,0.0707105110249913,0.0447145612585223,0.101621489174203,1,0.285,0.279712009803922,0.202076633413972,0.285,5580.17471537658,4743.14850807009,186.144659201015,39.7772498195718,7.06366256507379,2.29569033364898,5.08450428033142,8.25565562292999,21.0038647894707,22.2749908595535,0.835656508814533,0.0167116077012607,0.0440567316517357,0.385193479687908,0.0233484819432475,16.4975813255948,0.773098996051148,90605.5808037558,45739.1586936278,21586.422110128,22320,960,11366.315345445,2959.79545342832,3723.01673625081,9245.94526975256,41.648093983992,26.652218911867,68.300312895859,0.36692061533768,22.7250091404465,22.2250091404465,22.0234903495187,0.200535883899689,0.129464116100311,22.68175120198,4.76,23.9416559439097,1.91816559439097,17.2634903495187,88.8840747684845,799.95667291636,44.4420373842422,199.98916822909,293.317446735999,146.658723367999,5580.17471537658,4743.14850807009,0.85,0.279712009803922,0.196027690605629,0.285,0.285,0.144292026046759,0.179784880282153,0.157894736842105,0.683435635957664
4775,0.34,balanced,1,2,1,OK,0.0903159629437537,0,0.222156654783673,0.0706053054046604,0.048814086519096,0.103949081696938,1,0.285,0.279712009803922,0.202076633413972,0.285,5580.17471537658,4743.14850807009,186.144659201015,39.7772498195718,7.06366256507379,2.29569033364898,5.08450428033142,8.25565562292999,20.9963600824316,22.2674861525145,0.835656508814533,0.0167256038265891,0.0440567316517357,0.385193479687908,0.023362478068576,16.4876978613847,0.773098996051148,90605.5808037558,45739.1586936278,21586.422110128,22320,960,11311.2578511051,2944.62464490849,3704.9827501565,9423.54918997065,41.6343446579746,26.6432223091326,68.2775669671071,0.36679842043373,22.7325138474855,22.2325138474855,22.010696273855,0.199495591998455,0.130504408001545,22.674246494941,4.76,23.9274403042833,1.91674403042834,17.250696273855,88.8840747684845,799.95667291636,44.4420373842422,199.98916822909,302.205854212847,151.102927106424,5580.17471537658,4743.14850807009,0.85,0.279712009803922,0.196135073315121,0.285,0.285,0.144292026046759,0.2155359372604,0.192982456140351,0.733499237302336
4950,0.3675,balanced,1,8,1,OK,0.0910998294072193,0,0.147148504976328,0.131256949215486,0.0590898452169544,0.107596641021909,1,0.289963235294118,0.289963235294118,0.199814942137149,0.285,5580.17471537658,4743.14850807009,179.56378741108,39.067789712168,6.9376763084871,2.25474480025831,4.99381794658081,8.10840918554429,20.9239247155745,22.1723792022197,0.820751884709411,0.0170536022053301,0.0440567316517357,0.399310518210501,0.0241783991621803,16.5151760268355,0.773098996051148,90605.5808037558,45739.1586936278,21586.422110128,22320,960,10933.7567130629,2795.63850277422,3695.91980282408,10003.997893862,39.2817487233126,25.1353616223863,64.4171103456989,0.358742212304908,22.8276207977803,22.3276207977803,21.918311459555,0.199123547277359,0.130876452722641,22.5718846379462,4.76,23.8247905106167,1.90647905106167,17.158311459555,88.8840747684845,799.95667291636,44.4420373842422,199.98916822909,326.64897477418,163.32448738709,5580.17471537658,4743.14850807009,0.85,0.289963235294118,0.1965111192867,0.285,0.289963235294118,0.112931000823342,0.267402054012933,0.267402054012933,0.870123183532607
4775,0.3275,balanced,1,2,1,OK,0.0912929052378636,0,0.225548976401074,0.0745467944649166,0.0437366485939033,0.101649176482826,1,0.285,0.279712009803922,0.202076633413972,0.285,5580.17471537658,4743.14850807009,186.144659201015,39.7772498195718,7.06366256507379,2.29569033364898,5.08450428033142,8.25565562292999,21.0057601156733,22.2768861857562,0.835656508814533,0.0167080862156497,0.0440567316517357,0.385193479687908,0.0233449604576366,16.500069913886,0.773098996051148,90605.5808037558,45739.1586936278,21586.422110128,22320,960,11380.2154190025,2963.62698504845,3727.56968106336,9201.10511200699,41.6515678355277,26.6544919798666,68.3060598153943,0.366951488743127,22.7231138142438,22.2231138142438,22.026722977343,0.200798899042929,0.129201100957071,22.6836465281827,4.76,23.9452477526033,1.91852477526033,17.266722977343,88.8840747684845,799.95667291636,44.4420373842422,199.98916822909,291.095344866787,145.547672433393,5580.17471537658,4743.14850807009,0.85,0.279712009803922,0.196000672651913,0.285,0.285,0.144292026046759,0.170847116037591,0.149122807017544,0.670912632946028
5250,0.365,balanced,1,9,1,OK,0.0912985721992633,0,0.0791460527331672,0.183769414776692,0.0862199414540332,0.0877729160226462,1,0.307536764705882,0.307536764705882,0.196674241897281,0.285,5580.17471537658,4743.14850807009,169.302999559018,37.9351485597678,6.73654136466465,2.18937594351601,4.84903873701805,7.87333271995181,20.8809668641593,22.0932265484138,0.79695690251613,0.0175555643761761,0.0440567316517357,0.423511155677804,0.0255576546168938,16.5708145769315,0.773098996051148,90605.5808037558,45739.1586936278,21586.422110128,22320,960,10572.9839563152,2632.68326475887,3762.79490584682,10129.5468373927,35.8390414472878,22.930689074936,58.7697305222238,0.3471275209258,22.9067734515862,22.4067734515862,21.8459220424494,0.198999271943013,0.131000728056987,22.4811496473753,4.76,23.7443578249438,1.89843578249438,17.0859220424494,88.8840747684845,799.95667291636,44.4420373842422,199.98916822909,324.426872904968,162.213436452484,5580.17471537658,4743.14850807009,0.85,0.307536764705882,0.197061978723034,0.285,0.307536764705882,0.0591692432974835,0.186849970113568,0.186849970113568,0.852209149452414
5350,0.3525,balanced,1,9,1,OK,0.0914826116359354,0.0330531990891575,0.0723979401441834,0.176945566698587,0.0974505907577915,0.0298649683823847,1,0.313394607843137,0.313394607843137,0.195811792245102,0.285,5580.17471537658,4743.14850807009,166.138457511186,37.5789420932133,6.67328605428872,2.16881796764383,4.80350684851159,7.79940307594994,20.8853282075521,22.08620491968,0.789473573386835,0.0177066988885126,0.0440567316517357,0.431578034833572,0.0260126881099164,16.5910586791316,0.773098996051148,90605.5808037558,45739.1586936278,21586.422110128,22320,960,10518.2574645009,2598.68070513618,3805.63331410001,9963.21300318807,34.8282427969147,22.2838031735214,57.1120459704361,0.343761744426878,22.91379508032,22.41379508032,21.8413631610823,0.199028539706652,0.130971460293348,22.470485467561,4.76,23.7392924012026,1.89792924012026,17.0813631610823,88.8840747684845,799.95667291636,44.4420373842422,199.98916822909,313.316363558908,156.658181779454,5580.17471537658,4743.14850807009,0.85,0.313394607843137,0.19722720879847,0.285,0.313394607843137,0.0412486574555308,0.124780041449967,0.124780041449967,0.787278754019129
4775,0.3425,balanced,1,2,1,OK,0.0916690332623092,0,0.221497250584042,0.0743889860344203,0.0498845862117324,0.106969349628589,1,0.285,0.279712009803922,0.202076633413972,0.285,5580.17471537658,4743.14850807009,186.144659201015,39.7772498195718,7.06366256507379,2.29569033364898,5.08450428033142,8.25565562292999,20.9945027307814,22.2656288008643,0.835656508814533,0.016729080856102,0.0440567316517357,0.385193479687908,0.0233659550980888,16.4852443681797,0.773098996051148,90605.5808037558,45739.1586936278,21586.422110128,22320,960,11297.6269116575,2940.8701133428,3700.51795975151,9467.51833602979,41.6309432171307,26.6409966634204,68.2719398805511,0.366768190790934,22.7343711991357,22.2343711991357,22.0075312763433,0.199238409431695,0.130761590568305,22.6723891432908,4.76,23.9239236403814,1.91639236403815,17.2475312763433,88.8840747684845,799.95667291636,44.4420373842422,199.98916822909,304.427956082059,152.21397804103,5580.17471537658,4743.14850807009,0.85,0.279712009803922,0.196161750187563,0.285,0.285,0.144292026046759,0.224473701504962,0.201754385964912,0.746008075848187
4850,0.36,balanced,1,6,1,OK,0.09181156248731,0,0.185327952970952,0.10472243335242,0.0540309953720155,0.104462330835216,1,0.285,0.284105392156863,0.2010653081529,0.285,5580.17471537658,4743.14850807009,183.266133543267,39.4684954757306,7.00883382476904,2.27787099304994,5.04503793235733,8.19157453269881,20.9546432525119,22.2159027356013,0.829170073019551,0.0168767451838771,0.0440567316517357,0.391243639054734,0.0237205789321685,16.4938486608416,0.773098996051148,90605.5808037558,45739.1586936278,21586.422110128,22320,960,11103.6370482594,2867.03444399316,3686.9127672416,9816.35013868318,40.5802602013535,25.9673559194627,66.5476161208162,0.363120096627701,22.7840972643987,22.2840972643987,21.958440436868,0.198967222410368,0.131032777589632,22.6195057701899,4.76,23.8693782631867,1.91093782631867,17.198440436868,88.8840747684845,799.95667291636,44.4420373842422,199.98916822909,319.982669166544,159.991334583272,5580.17471537658,4743.14850807009,0.85,0.284105392156863,0.196357445159497,0.285,0.285,0.130851586665294,0.267135400940345,0.263157894736842,0.833391138836522
5200,0.3675,balanced,1,9,1,OK,0.0918267793439394,0,0.0858462651884612,0.17717604920946,0.080808379211751,0.103012088304147,1,0.304607843137255,0.304607843137255,0.197138388464386,0.285,5580.17471537658,4743.14850807009,170.930913016316,38.1170927621545,6.76885110093753,2.1998766078047,4.87229565095786,7.91109472422074,20.8844166170447,22.1024905297841,0.800779259709128,0.0174744941232588,0.0440567316517357,0.419477716099921,0.0253267851022703,16.5626120491036,0.773098996051148,90605.5808037558,45739.1586936278,21586.422110128,22320,960,10620.644697556,2655.61385874081,3748.23998802454,10145.6165031598,36.3719008474245,23.2718355619917,59.6437364094162,0.348934755901777,22.8975094702159,22.3975094702159,21.8541528186475,0.199030656403658,0.130969343596342,22.4922741818608,4.76,23.7535031318306,1.89935031318306,17.0941528186475,88.8840747684845,799.95667291636,44.4420373842422,199.98916822909,326.64897477418,163.32448738709,5580.17471537658,4743.14850807009,0.85,0.304607843137255,0.196958693120538,0.285,0.304607843137255,0.0681295362184599,0.206469262954619,0.206469262954619,0.865873469088728
5075,0.37,balanced,1,8,1,OK,0.0921013956207499,0,0.110647166852659,0.156549844300233,0.0697505263454767,0.119470454836798,1,0.297285539215686,0.297285539215686,0.198400102398024,0.285,5580.17471537658,4743.14850807009,175.14103402657,38.5836596142181,6.85170426001654,2.22680388450538,4.93193429282323,8.00792935389433,20.9015897216733,22.1345732948791,0.810581084332314,0.0172671272898119,0.0440567316517357,0.409394117155211,0.0247511916147491,16.5403800967407,0.773098996051148,90605.5808037558,45739.1586936278,21586.422110128,22320,960,10761.9682664548,2720.53789844302,3718.10655326183,10118.7854774402,37.7768621130832,24.1715291390033,61.9483912520865,0.35370575260329,22.8654267051209,22.3654267051209,21.8823612604033,0.198861436608585,0.131138563391415,22.529128038305,4.76,23.7848458448925,1.90248458448925,17.1223612604033,88.8840747684845,799.95667291636,44.4420373842422,199.98916822909,328.871076643393,164.435538321696,5580.17471537658,4743.14850807009,0.85,0.297285539215686,0.196718922687711,0.285,0.297285539215686,0.0905302685209007,0.244594678154049,0.244594678154049,0.880856172577614
5050,0.37,balanced,1,8,1,OK,0.0921754153607045,0,0.116982038541028,0.152527678806531,0.0674637897239233,0.119470454836798,1,0.295821078431373,0.295821078431373,0.198670338117727,0.285,5580.17471537658,4743.14850807009,176.008068848484,38.6790458156883,6.86864298613777,2.23230897049477,4.94412697964445,8.02772649004852,20.9052649175679,22.1412966624791,0.812584996127906,0.0172250139061144,0.0440567316517357,0.407377397366269,0.0246365080145553,16.5355170109981,0.773098996051148,90605.5808037558,45739.1586936278,21586.422110128,22320,960,10793.3563026258,2734.55688889302,3712.87265110496,10104.5414711492,38.0689240758694,24.3585651856542,62.4274892615236,0.354685382721085,22.8587033375209,22.3587033375209,21.8886767326468,0.198905048176885,0.131094951823115,22.5368268208506,4.76,23.7918630362742,1.90318630362742,17.1286767326468,88.8840747684845,799.95667291636,44.4420373842422,199.98916822909,328.871076643393,164.435538321696,5580.17471537658,4743.14850807009,0.85,0.295821078431373,0.196675446685903,0.285,0.295821078431373,0.0950104149813889,0.250756037946891,0.250756037946891,0.881271944387146
4900,0.365,balanced,1,7,1,OK,0.0922700096864195,0,0.165065476896932,0.121695517390373,0.0565440649153686,0.106633812736998,1,0.28703431372549,0.28703431372549,0.200426500193967,0.285,5580.17471537658,4743.14850807009,181.396070956091,39.2666092644472,6.97298277726033,2.26621940260961,5.01923194249965,8.14967362092301,20.9375918385437,22.1923998241686,0.824928766059815,0.0169667242704096,0.0440567316517357,0.395277078632617,0.0239503228801014,16.5040396578964,0.773098996051148,90605.5808037558,45739.1586936278,21586.422110128,22320,960,11011.6641259996,2829.14327672279,3689.33515308647,9931.79117308772,39.9195420196616,25.5439709666512,65.4635129863128,0.360887160572287,22.8076001758314,22.3076001758314,21.9364003380817,0.198996282893557,0.131003717106443,22.5939383795685,4.76,23.8448892645352,1.90848892645352,17.1764003380817,88.8840747684845,799.95667291636,44.4420373842422,199.98916822909,324.426872904968,162.213436452484,5580.17471537658,4743.14850807009,0.85,0.28703431372549,0.196439413768812,0.285,0.28703431372549,0.121891293744318,0.271624967978824,0.271624967978824,0.858079257096367
5100,0.37,balanced,1,9,1,OK,0.0923701518960809,0,0.10476622315977,0.162026954708735,0.070797610968646,0.119470454836798,1,0.29875,0.29875,0.198135752702295,0.285,5580.17471537658,4743.14850807009,174.282499546048,38.4889756442206,6.83489023648757,2.22133932685846,4.91983136833964,7.98827796389484,20.8953386429393,22.1252964850242,0.808591925298752,0.0173090738963509,0.0440567316517357,0.411410836944153,0.024866066809224,16.5450708429506,0.773098996051148,90605.5808037558,45739.1586936278,21586.422110128,22320,960,10730.8336951387,2706.39910297741,3723.32504893709,10132.9875551635,37.4842239007788,23.984067098818,61.4682909995968,0.35269342108188,22.8747035149758,22.3747035149758,21.8750038801414,0.199125775632584,0.130874224367416,22.5188829944914,4.76,23.7766709779349,1.90166709779349,17.1150038801414,88.8840747684845,799.95667291636,44.4420373842422,199.98916822909,328.871076643393,164.435538321696,5580.17471537658,4743.14850807009,0.85,0.29875,0.196764255125075,0.285,0.29875,0.0860501220604125,0.238493723849373,0.238493723849373,0.880422842882747
5025,0.37,balanced,1,8,1,OK,0.0927817089439409,0,0.123736980633375,0.150000402402073,0.06526911025479,0.119470454836798,1,0.294356617647059,0.294356617647059,0.198947045559894,0.285,5580.17471537658,4743.14850807009,176.883730882556,38.7751429720346,6.88570796395732,2.23785508828613,4.95641054386739,8.04767118287511,20.9089812151408,22.1480838511076,0.814603843950307,0.0171829418570926,0.0440567316517357,0.405360677577327,0.0245222241204765,16.5303389931439,0.773098996051148,90605.5808037558,45739.1586936278,21586.422110128,22320,960,10824.9372553691,2748.70759309898,3707.60132999552,10090.1956295965,38.3647648220256,24.548023207354,62.9127880293796,0.355673117677234,22.8519161488924,22.3519161488924,21.895054392103,0.198949051583771,0.131050948416229,22.544596694617,4.76,23.7989493245589,1.90389493245589,17.135054392103,88.8840747684845,799.95667291636,44.4420373842422,199.98916822909,328.871076643393,164.435538321696,5580.17471537658,4743.14850807009,0.85,0.294356617647059,0.196635372089787,0.285,0.294356617647059,0.0994905614418771,0.256978704802348,0.256978704802348,0.881655350549298
4775,0.325,balanced,1,2,1,OK,0.0928298682404332,0,0.226246900053319,0.079907070718779,0.0427780794038749,0.10167701309836,1,0.285,0.279712009803922,0.202076633413972,0.285,5580.17471537658,4743.14850807009,186.144659201015,39.7772498195718,7.06366256507379,2.29569033364898,5.08450428033142,8.25565562292999,21.0076632347972,22.2787893048801,0.835656508814533,0.0167045555616186,0.0440567316517357,0.385193479687908,0.0233414298036055,16.5025657352151,0.773098996051148,90605.5808037558,45739.1586936278,21586.422110128,22320,960,11394.170702664,2967.47431896845,3732.14070984901,9156.08626861418,41.655056553464,26.6567747840811,68.3118313375451,0.366982494317907,22.7212106951199,22.2212106951199,22.0299694899234,0.201063112303949,0.128936887696051,22.6855496473066,4.76,23.9488549888038,1.91888549888038,17.2699694899234,88.8840747684845,799.95667291636,44.4420373842422,199.98916822909,288.873242997575,144.436621498787,5580.17471537658,4743.14850807009,0.85,0.279712009803922,0.195973584355171,0.285,0.285,0.144292026046759,0.16190935179303,0.140350877192983,0.65838677222431
5300,0.3625,balanced,1,9,1,OK,0.0930986485168773,0,0.0740678294828298,0.196704580449046,0.0919270936859708,0.0737529379922943,1,0.31046568627451,0.31046568627451,0.196232250212495,0.285,5580.17471537658,4743.14850807009,167.705801449971,37.755785150421,6.70468992682282,2.17902422621742,4.82611171147718,7.83610635197417,20.8776601599033,22.0841880877725,0.793188763664307,0.0176366963961293,0.0440567316517357,0.427544595255688,0.025790019384311,16.5779090308004,0.773098996051148,90605.5808037558,45739.1586936278,21586.422110128,22320,960,10526.0149090849,2610.18624739573,3777.27801077167,10112.7794800217,35.3191471269018,22.5978491711749,57.9169962980767,0.345348794122392,22.9158119122275,22.4158119122275,21.8379065316027,0.198968948318338,0.131031051681662,22.4702770246907,4.76,23.7354517017808,1.89754517017808,17.0779065316027,88.8840747684845,799.95667291636,44.4420373842422,199.98916822909,322.204771035756,161.102385517878,5580.17471537658,4743.14850807009,0.85,0.31046568627451,0.197177139894217,0.285,0.31046568627451,0.0502089503765071,0.167600852609142,0.167600852609142,0.838448413413827
4800,0.3525,balanced,1,5,1,OK,0.0931357034714724,0,0.207975319211733,0.0898768796731477,0.0510879052478404,0.109037938174774,1,0.285,0.281176470588235,0.20173221757339,0.285,5580.17471537658,4743.14850807009,185.175155767676,39.6735280007368,7.04524359613528,2.28970416874397,5.07124609797285,8.23412845298311,20.9742119240125,22.2420234485057,0.833477479007075,0.0167836633753836,0.0440567316517357,0.38721019947685,0.0234891657480325,16.4846297067525,0.773098996051148,90605.5808037558,45739.1586936278,21586.422110128,22320,960,11210.1240408508,2909.41340019538,3688.67238603685,9657.00729623615,41.2632812061968,26.4051018668055,67.6683830730023,0.365429059813511,22.7579765514943,22.2579765514943,21.9841554935133,0.199150968024303,0.130849031975697,22.6477231363436,4.76,23.8979505483481,1.91379505483481,17.2241554935133,88.8840747684845,799.95667291636,44.4420373842422,199.98916822909,313.316363558908,156.658181779454,5580.17471537658,4743.14850807009,0.85,0.281176470588235,0.196264880751683,0.285,0.285,0.139811879586271,0.253661087866109,0.236842105263158,0.796042158179019
5125,0.37,balanced,1,9,1,OK,0.0933179846980503,0,0.0992663686816269,0.168920162794429,0.0732097510595705,0.119470454836798,1,0.300214460784314,0.300214460784314,0.197877686240692,0.285,5580.17471537658,4743.14850807009,173.432341011677,38.3949853314109,6.81819939292535,2.21591480270074,4.9078171101906,7.9687705404815,20.8916556455197,22.1186099230674,0.806617338895186,0.0173512619417188,0.0440567316517357,0.413427556733095,0.0249815418139673,16.5493210872175,0.773098996051148,90605.5808037558,45739.1586936278,21586.422110128,22320,960,10699.8278985737,2692.6311107431,3728.48596008249,10147.0329172316,37.1994099928226,23.8016751104253,61.0010851032479,0.351728430507322,22.8813900769326,22.3813900769326,21.8687740785259,0.199094304263556,0.130905695736444,22.5112352918826,4.76,23.7697489761399,1.90097489761399,17.1087740785259,88.8840747684845,799.95667291636,44.4420373842422,199.98916822909,328.871076643393,164.435538321696,5580.17471537658,4743.14850807009,0.85,0.300214460784314,0.196814334902964,0.285,0.300214460784314,0.0815699755999244,0.232452291050107,0.232452291050107,0.87994436575172
4775,0.345,balanced,1,2,1,OK,0.0935747301772666,0,0.220844071032395,0.0796966594781172,0.0509728085128023,0.111208952838268,1,0.285,0.279712009803922,0.202076633413972,0.285,5580.17471537658,4743.14850807009,186.144659201015,39.7772498195718,7.06366256507379,2.29569033364898,5.08450428033142,8.25565562292999,20.9926527827343,22.2637788528172,0.835656508814533,0.0167325492603721,0.0440567316517357,0.385193479687908,0.0233694235023589,16.4827976885706,0.773098996051148,90605.5808037558,45739.1586936278,21586.422110128,22320,960,11284.0484624857,2937.13059312571,3696.07036244468,9511.31761155283,41.6275558872132,26.6387802589592,68.2663361461723,0.36673808659991,22.7362211471828,22.2362211471828,22.0043794583689,0.198982362852627,0.131017637147373,22.6705391952437,4.76,23.9204216204099,1.91604216204099,17.2443794583689,88.8840747684845,799.95667291636,44.4420373842422,199.98916822909,306.650057951271,153.325028975636,5580.17471537658,4743.14850807009,0.85,0.279712009803922,0.196188360884409,0.285,0.285,0.144292026046759,0.233411465749524,0.210526315789474,0.758514105754051
4825,0.3575,balanced,1,6,1,OK,0.0936654356620273,0,0.196139080982577,0.101284482639421,0.052183226542047,0.109267493712841,1,0.285,0.282640931372549,0.201395338266847,0.285,5580.17471537658,4743.14850807009,184.21569900204,39.5706133578612,7.0269679658799,2.28376458891097,5.0580910924211,8.21276881012214,20.9617397136663,22.2262624867716,0.831315406677756,0.0168317479197106,0.0440567316517357,0.389226919265792,0.0236062367944609,16.4883086895545,0.773098996051148,90605.5808037558,45739.1586936278,21586.422110128,22320,960,11150.1020878553,2886.11494359361,3685.63718039531,9758.3995329862,40.9146625873382,26.1816076276507,67.0962702149889,0.364226667859864,22.7737375132284,22.2737375132284,21.9689551601245,0.199129558573469,0.130870441426531,22.6309097741653,4.76,23.8810612890273,1.91210612890273,17.2089551601245,88.8840747684845,799.95667291636,44.4420373842422,199.98916822909,317.760567297332,158.880283648666,5580.17471537658,4743.14850807009,0.85,0.282640931372549,0.196321283787873,0.285,0.285,0.135331733125782,0.264855724413034,0.254385964912281,0.820994612006927
5325,0.36,balanced,1,9,1,OK,0.0938033957719603,0.00709454510637245,0.0724310205791752,0.197673413543587,0.0948106342422517,0.0609521542130927,1,0.311930147058823,0.311930147058823,0.19601947357548,0.285,5580.17471537658,4743.14850807009,166.918450269454,37.6670522776917,6.68893270192084,2.17390312812427,4.81476948260906,7.81769009536998,20.8778541471633,22.0815465178155,0.791324627682599,0.0176754371112405,0.0440567316517357,0.42956131504463,0.0259049140303135,16.5822327972972,0.773098996051148,90605.5808037558,45739.1586936278,21586.422110128,22320,960,10509.1744761577,2600.85236656151,3786.79545055317,10082.2862901672,35.0666706663474,22.4362523397334,57.5029230060808,0.344497105701944,22.9184534821845,22.4184534821845,21.8358433092064,0.198968853130652,0.131031146869348,22.4667280764242,4.76,23.7331592324516,1.89731592324516,17.0758433092064,88.8840747684845,799.95667291636,44.4420373842422,199.98916822909,319.982669166544,159.991334583272,5580.17471537658,4743.14850807009,0.85,0.311930147058823,0.197226352130321,0.285,0.311930147058823,0.045728803916019,0.154104543579469,0.154104543579469,0.825313889911238
5000,0.37,balanced,1,8,1,OK,0.0939369403720326,0,0.130914277466149,0.149009091351259,0.0631688066005243,0.119513352777308,1,0.292892156862745,0.292892156862745,0.199229816485383,0.285,5580.17471537658,4743.14850807009,177.768149536969,38.8719599591304,6.9029007696569,2.24344275013849,4.96878612004548,8.06776527453649,20.9127392202082,22.1549357502196,0.816637814267445,0.0171409117092841,0.0440567316517357,0.403343957788385,0.0244083404990507,16.5248414903124,0.773098996051148,90605.5808037558,45739.1586936278,21586.422110128,22320,960,10856.7128713128,2762.99182519996,3702.29217949688,10075.7468357834,38.6644530454297,24.7399472691251,63.4044003145549,0.356669068557577,22.8450642497804,22.3450642497804,21.9014951233838,0.198993452180742,0.131006547819258,22.5524386398232,4.76,23.8061056926487,1.90461056926487,17.1414951233838,88.8840747684845,799.95667291636,44.4420373842422,199.98916822909,328.871076643393,164.435538321696,5580.17471537658,4743.14850807009,0.85,0.292892156862745,0.196598754071505,0.285,0.292892156862745,0.103970707902365,0.26326359832636,0.26326359832636,0.882005823218118
4875,0.3625,balanced,1,1,1,OK,0.094278205256345,0,0.174420800853474,0.111542811714894,0.0771037415060053,0.103907019605002,1,0.285569852941176,0.285569852941176,0.200742583874175,0.285,5580.17471537658,4743.14850807009,182.326307217404,39.3671641263113,6.99083935650368,2.2720227908637,5.03208531038897,8.17054349791367,20.9837681564426,22.2417894840398,0.827041263157801,0.0169247793848906,0.0440567316517357,0.393260358843675,0.0238383163781624,16.4969854668063,0.773098996051148,90605.5808037558,45739.1586936278,21586.422110128,22320,960,11056.5279771516,2851.7838450234,3687.82365264828,9873.28633319773,40.3143090535497,25.7978318809594,66.1121409345092,0.362603411123101,22.7582105159602,22.2582105159602,21.9634285557685,0.194682788327021,0.135317211672979,22.6443563088709,4.76,23.8749206175206,1.91149206175206,17.2034285557685,88.8840747684845,799.95667291636,44.4420373842422,199.98916822909,322.204771035756,161.102385517878,5580.17471537658,4743.14850807009,0.85,0.285569852941176,0.196419699376142,0.285,0.285569852941176,0.126371440204806,0.269391696169939,0.269391696169939,0.845537902518705
5350,0.355,balanced,1,9,1,OK,0.0946818379215084,0.0297834430174698,0.0717933031074184,0.188349211398032,0.097605876566233,0.0390081694081378,1,0.313394607843137,0.313394607843137,0.195811792245102,0.285,5580.17471537658,4743.14850807009,166.138457511186,37.5789420932133,6.67328605428872,2.16881796764383,4.80350684851159,7.79940307594994,20.8817003042562,22.0825770163841,0.789473573386835,0.0177104364976751,0.0440567316517357,0.431578034833572,0.0260164257190788,16.5886751506022,0.773098996051148,90605.5808037558,45739.1586936278,21586.422110128,22320,960,10505.3641161579,2595.14293781064,3800.96834405625,10007.419677504,34.8227293717393,22.2801968944661,57.1029262662054,0.343706852234141,22.9174229836159,22.4174229836159,21.8375920473297,0.198998725976557,0.131001274023443,22.466857564265,4.76,23.7351022748108,1.89751022748108,17.0775920473297,88.8840747684845,799.95667291636,44.4420373842422,199.98916822909,315.53846542812,157.76923271406,5580.17471537658,4743.14850807009,0.85,0.313394607843137,0.19725280290745,0.285,0.313394607843137,0.0412486574555308,0.132757204864506,0.132757204864506,0.799720940678166
5225,0.3675,balanced,1,9,1,OK,0.0946988976107738,0,0.0819932630890661,0.189365951866516,0.0835488508311341,0.103012088304147,1,0.306072303921569,0.306072303921569,0.196903618430966,0.285,5580.17471537658,4743.14850807009,170.113061757865,38.025794205274,6.752638260648,2.1946074347106,4.86062546497587,7.89214596713235,20.8808864598736,22.0960428261176,0.798861222799875,0.0175168185563752,0.0440567316517357,0.421494435888862,0.02544382998052,16.5656835551708,0.773098996051148,90605.5808037558,45739.1586936278,21586.422110128,22320,960,10590.361327086,2642.32846971537,3753.27053569213,10159.2330292091,36.1010053253227,23.098363303692,59.1993686290146,0.348000136011176,22.9039571738824,22.4039571738824,21.8481522658918,0.199000275373609,0.130999724626391,22.4848928633156,4.76,23.7468358509909,1.89868358509909,17.0881522658918,88.8840747684845,799.95667291636,44.4420373842422,199.98916822909,326.64897477418,163.32448738709,5580.17471537658,4743.14850807009,0.85,0.306072303921569,0.197021430104133,0.285,0.306072303921569,0.0636493897579717,0.200696682749094,0.200696682749094,0.865279324212416
4925,0.3675,balanced,1,7,1,OK,0.0947179198784316,0,0.155569528446218,0.135131867410153,0.0585469613346438,0.113477355896463,1,0.288498774509804,0.288498774509804,0.20011750097076,0.285,5580.17471537658,4743.14850807009,180.475278717735,39.166821023677,6.95526233494819,2.26046025885816,5.00647656751459,8.1289628539707,20.9303431092271,22.1819622511057,0.822832374446996,0.0170119260155796,0.0440567316517357,0.397293798421559,0.0240659446131309,16.5085478591514,0.773098996051148,90605.5808037558,45739.1586936278,21586.422110128,22320,960,10966.0814753497,2810.59984272335,3690.46004234277,9989.21958825208,39.5978507818793,25.3378653455713,64.9357161274506,0.359803938737841,22.8180377488943,22.3180377488943,21.9260266329137,0.198879093961473,0.131120906038527,22.5824803765069,4.76,23.8333629254597,1.90733629254597,17.1660266329137,88.8840747684845,799.95667291636,44.4420373842422,199.98916822909,326.64897477418,163.32448738709,5580.17471537658,4743.14850807009,0.85,0.288498774509804,0.196486759006006,0.285,0.288498774509804,0.11741114728383,0.273835566977465,0.273835566977465,0.87035503999924
5150,0.37,balanced,1,9,1,OK,0.0947632097918009,0,0.0941810060240825,0.177191684339319,0.0757075089095148,0.119470454836798,1,0.301678921568627,0.301678921568627,0.197625335201644,0.285,5580.17471537658,4743.14850807009,172.590436443659,38.3016802473612,6.80163023260577,2.21052982559688,4.89589044101717,7.949405334358,20.8880132403301,22.1119858505844,0.804657148053808,0.0173934898189221,0.0440567316517357,0.415444276522037,0.0250974150219855,16.553269576094,0.773098996051148,90605.5808037558,45739.1586936278,21586.422110128,22320,960,10669.0098372072,2678.9897716991,3733.61063282629,10160.9796568944,36.9181818256202,23.6215813204321,60.5397631460523,0.350771250096555,22.8880141494156,22.3880141494156,21.8626044918429,0.199063125136079,0.130936874863921,22.5036570858658,4.76,23.7628938798254,1.90028938798254,17.1026044918429,88.8840747684845,799.95667291636,44.4420373842422,199.98916822909,328.871076643393,164.435538321696,5580.17471537658,4743.14850807009,0.85,0.301678921568627,0.196867658723139,0.285,0.301678921568627,0.0770898291394362,0.226469512938214,0.226469512938214,0.879435161670418
4775,0.3225,balanced,1,3,1,OK,0.0949637783909688,0,0.226901000665378,0.0867913397865783,0.0430785986298043,0.101749592828634,1,0.285,0.279712009803922,0.202076633413972,0.285,5580.17471537658,4743.14850807009,186.144659201015,39.7772498195718,7.06366256507379,2.29569033364898,5.08450428033142,8.25565562292999,21.0126139380988,22.2837400081816,0.835656508814533,0.0167012683089568,0.0440567316517357,0.385193479687908,0.0233381425509437,16.5048901748324,0.773098996051148,90605.5808037558,45739.1586936278,21586.422110128,22320,960,11408.0966410653,2971.65637096618,3736.70212664594,9110.81928285838,41.6641347127244,26.66271501808,68.3268497308043,0.367063175618803,22.7162599918184,22.2162599918184,22.0345416431102,0.200988660578887,0.129011339421113,22.6905003506081,4.76,23.9539351590113,1.91939351590113,17.2745416431102,88.8840747684845,799.95667291636,44.4420373842422,199.98916822909,286.651141128362,143.325570564181,5580.17471537658,4743.14850807009,0.85,0.279712009803922,0.195948363510878,0.285,0.285,0.144292026046759,0.152971587548468,0.131578947368421,0.645841762705492
5275,0.365,balanced,1,9,1,OK,0.0950707823424582,0,0.076106751282248,0.198400717558243,0.0891119251153299,0.0877729160226462,1,0.309001225490196,0.309001225490196,0.196450625266454,0.285,5580.17471537658,4743.14850807009,168.500615674852,37.8451480805168,6.72055903760564,2.18418168722183,4.83753447706897,7.8546533752016,20.8775068958555,22.0868905151227,0.79506613614531,0.0175979440638982,0.0440567316517357,0.425527875466746,0.0256754714926281,16.5733227367966,0.773098996051148,90605.5808037558,45739.1586936278,21586.422110128,22320,960,10543.0426984761,2619.62278246224,3767.76844915255,10142.935752049,35.5747236433549,22.7614316743536,58.3361553177086,0.346207371908226,22.9131094848773,22.4131094848773,21.8400281674859,0.198969387441677,0.131030612558323,22.4738932732882,4.76,23.7378090749843,1.89778090749843,17.0800281674859,88.8840747684845,799.95667291636,44.4420373842422,199.98916822909,324.426872904968,162.213436452484,5580.17471537658,4743.14850807009,0.85,0.309001225490196,0.197130745733234,0.285,0.309001225490196,0.0546890968369953,0.181225088738623,0.181225088738623,0.851563025556322
4975,0.37,balanced,1,8,1,OK,0.0957549915015919,0,0.138516453632877,0.14959599044849,0.0611652570524209,0.120610293167853,1,0.291427696078431,0.291427696078431,0.19951925523692,0.285,5580.17471537658,4743.14850807009,178.661456821074,38.969505808762,6.92022300710534,2.24907247730924,4.98125486266167,8.08801063955437,20.9165395499335,22.1618532655989,0.81868709682273,0.0170989240400368,0.0440567316517357,0.401327237999443,0.0242948577276255,16.5190198888507,0.773098996051148,90605.5808037558,45739.1586936278,21586.422110128,22320,960,10888.6849167236,2777.41143247828,3696.94478308846,10061.1939561538,38.9680590509409,24.9343824702113,63.9024415211522,0.35767334856756,22.8381467344011,22.3381467344011,21.9079998275652,0.199038255412995,0.130961744587005,22.5603536546118,4.76,23.8133331417391,1.90533331417391,17.1479998275652,88.8840747684845,799.95667291636,44.4420373842422,199.98916822909,328.871076643393,164.435538321696,5580.17471537658,4743.14850807009,0.85,0.291427696078431,0.196565648991793,0.285,0.291427696078431,0.108450854362853,0.269611656609407,0.269611656609407,0.882322785785671
4775,0.3475,balanced,1,3,1,OK,0.0958377174992751,0,0.220242086298791,0.0865283257357511,0.0506364707324147,0.116625796790169,1,0.285,0.279712009803922,0.202076633413972,0.285,5580.17471537658,4743.14850807009,186.144659201015,39.7772498195718,7.06366256507379,2.29569033364898,5.08450428033142,8.25565562292999,20.9878985306707,22.2590246007536,0.835656508814533,0.0167357675709614,0.0440567316517357,0.385193479687908,0.0233726418129482,16.4805280793938,0.773098996051148,90605.5808037558,45739.1586936278,21586.422110128,22320,960,11270.6014284657,2933.10456474398,3691.66580994129,9555.01568831158,41.618853186911,26.6330859279443,68.2519391148552,0.366660743358481,22.7409753992464,22.2409753992464,21.9999910629039,0.199054318067604,0.130945681932396,22.6657849431801,4.76,23.9155456254488,1.91555456254488,17.2399910629039,88.8840747684845,799.95667291636,44.4420373842422,199.98916822909,308.872159820484,154.436079910242,5580.17471537658,4743.14850807009,0.85,0.279712009803922,0.196213052783271,0.285,0.285,0.144292026046759,0.242349229994086,0.219298245614035,0.771034062569908
5175,0.37,balanced,1,9,1,OK,0.0966949019642687,0,0.0895087164422463,0.186804765414903,0.0782887872734069,0.119470454836798,1,0.303143382352941,0.303143382352941,0.197379086157536,0.285,5580.17471537658,4743.14850807009,171.756666219294,38.2090521063268,6.78518128414238,2.20518391734627,4.88405030169872,7.93018062584141,20.8844108430484,22.1054234184731,0.802711178704344,0.0174357569991348,0.0440567316517357,0.417460996310979,0.0252136859044525,16.5569206300479,0.773098996051148,90605.5808037558,45739.1586936278,21586.422110128,22320,960,10638.3778424389,2665.47339231286,3738.69945470928,10174.8288288396,36.6404765984608,23.4437454453877,60.0842220438485,0.349821776158224,22.8945765815269,22.3945765815269,21.8564942866135,0.199032234214922,0.130967765785078,22.4961474426089,4.76,23.7561047629039,1.89961047629039,17.0964942866135,88.8840747684845,799.95667291636,44.4420373842422,199.98916822909,328.871076643393,164.435538321696,5580.17471537658,4743.14850807009,0.85,0.303143382352941,0.196924175826783,0.285,0.303143382352941,0.072609682678948,0.220544539445758,0.220544539445758,0.878895765065717
4800,0.355,balanced,1,5,1,OK,0.0971509971824079,0,0.207358927455989,0.101280524372593,0.0515154868134975,0.11814139614755,1,0.285,0.281176470588235,0.20173221757339,0.285,5580.17471537658,4743.14850807009,185.175155767676,39.6735280007368,7.04524359613528,2.28970416874397,5.07124609797285,8.23412845298311,20.9710758401426,22.2388873646359,0.833477479007075,0.0167870088803477,0.0440567316517357,0.38721019947685,0.0234925112529966,16.4822821752383,0.773098996051148,90605.5808037558,45739.1586936278,21586.422110128,22320,960,11196.8048721314,2905.61329907199,3684.28973606068,9700.22117125371,41.2575958465801,26.4013819892144,67.6589778357944,0.365378268781805,22.7611126353641,22.2611126353641,21.9804981560185,0.19904818192108,0.13095181807892,22.6445870524737,4.76,23.8938868400206,1.91338868400206,17.2204981560185,88.8840747684845,799.95667291636,44.4420373842422,199.98916822909,315.53846542812,157.76923271406,5580.17471537658,4743.14850807009,0.85,0.281176470588235,0.196290414839776,0.285,0.285,0.139811879586271,0.26255230125523,0.24561403508772,0.808544753903406
4850,0.3625,balanced,1,6,1,OK,0.0974601703609855,0,0.184720396555984,0.120698056493676,0.0543473080672465,0.117231962399056,1,0.285,0.284105392156863,0.2010653081529,0.285,5580.17471537658,4743.14850807009,183.266133543267,39.4684954757306,7.00883382476904,2.27787099304994,5.04503793235733,8.19157453269881,20.9513259350104,22.2125854180997,0.829170073019551,0.0168800886692006,0.0440567316517357,0.391243639054734,0.023723922417492,16.4915241320408,0.773098996051148,90605.5808037558,45739.1586936278,21586.422110128,22320,960,11090.5096502767,2863.28740678007,3682.55387375359,9859.17773125779,40.5743526594118,25.9634908697978,66.5378435292096,0.363066772036748,22.7874145819003,22.2874145819003,21.9547452965291,0.198892332420957,0.131107667579043,22.6161884526883,4.76,23.865272551699,1.9105272551699,17.1947452965291,88.8840747684845,799.95667291636,44.4420373842422,199.98916822909,322.204771035756,161.102385517878,5580.17471537658,4743.14850807009,0.85,0.284105392156863,0.196382700753864,0.285,0.285,0.130851586665294,0.275934952335764,0.271929824561404,0.845885603000942
5250,0.3675,balanced,1,9,1,OK,0.0980265408155833,0,0.0785496728117056,0.202793023545822,0.0863668851252068,0.103012088304147,1,0.307536764705882,0.307536764705882,0.196674241897281,0.285,5580.17471537658,4743.14850807009,169.302999559018,37.9351485597678,6.73654136466465,2.18937594351601,4.84903873701805,7.87333271995181,20.877394665158,22.0896543494125,0.79695690251613,0.0175591807766183,0.0440567316517357,0.423511155677804,0.0255612710173359,16.568470143389,0.773098996051148,90605.5808037558,45739.1586936278,21586.422110128,22320,960,10560.2591190615,2629.16323341465,3758.26629282762,10172.7553853554,35.8334533959324,22.9270339334272,58.7604873293596,0.347072925361113,22.9103456505875,22.4103456505875,21.8422087338333,0.198970171409389,0.131029828590611,22.477577448374,4.76,23.7402319264814,1.89802319264814,17.0822087338333,88.8840747684845,799.95667291636,44.4420373842422,199.98916822909,326.64897477418,163.32448738709,5580.17471537658,4743.14850807009,0.85,0.307536764705882,0.197087214525622,0.285,0.307536764705882,0.0591692432974835,0.194979079497908,0.194979079497908,0.86465672511813
4950,0.37,balanced,1,8,1,OK,0.0983771846722895,0,0.146546284085408,0.151804550798553,0.0592609012917774,0.124042760873478,1,0.289963235294118,0.289963235294118,0.199814942137149,0.285,5580.17471537658,4743.14850807009,179.56378741108,39.067789712168,6.9376763084871,2.25474480025831,4.99381794658081,8.10840918554429,20.920382833086,22.1688373197312,0.820751884709411,0.0170569794377724,0.0440567316517357,0.399310518210501,0.0241817763946226,16.5128695135605,0.773098996051148,90605.5808037558,45739.1586936278,21586.422110128,22320,960,10920.8551777354,2791.96829611742,3691.55871805194,10046.5358402845,39.2756548007267,25.1313749738428,64.4070297745695,0.358686073083995,22.8311626802688,22.3311626802688,21.9145694225662,0.1990834668214,0.1309165331786,22.5683427554577,4.76,23.8206326917403,1.90606326917403,17.1545694225662,88.8840747684845,799.95667291636,44.4420373842422,199.98916822909,328.871076643393,164.435538321696,5580.17471537658,4743.14850807009,0.85,0.289963235294118,0.196536114431944,0.285,0.289963235294118,0.112931000823342,0.276023836693293,0.276023836693293,0.882605652754587
4775,0.35,balanced,1,4,1,OK,0.0986328210275495,0,0.21964963662973,0.094883984807322,0.0501682604098115,0.123258360329906,1,0.285,0.279712009803922,0.202076633413972,0.285,5580.17471537658,4743.14850807009,186.144659201015,39.7772498195718,7.06366256507379,2.29569033364898,5.08450428033142,8.25565562292999,20.9828875589201,22.2540136290029,0.835656508814533,0.0167389556765912,0.0440567316517357,0.385193479687908,0.023375829918578,16.4782803874601,0.773098996051148,90605.5808037558,45739.1586936278,21586.422110128,22320,960,11257.2127831459,2929.06684224678,3687.2803825546,9598.55319820022,41.6096844969183,26.6270867495311,68.2367712464493,0.366579259052292,22.7459863709971,22.2459863709971,21.9955037044372,0.199157300237565,0.130842699762435,22.6607739714294,4.76,23.9105596715969,1.91505596715969,17.2355037044372,88.8840747684845,799.95667291636,44.4420373842422,199.98916822909,311.094261689696,155.547130844848,5580.17471537658,4743.14850807009,0.85,0.279712009803922,0.19623751294011,0.285,0.285,0.144292026046759,0.251286994238647,0.228070175438597,0.783552974944279
4825,0.36,balanced,1,6,1,OK,0.0987641641094918,0,0.195531241910878,0.11573611296674,0.0524950749387581,0.120812439287677,1,0.285,0.282640931372549,0.201395338266847,0.285,5580.17471537658,4743.14850807009,184.21569900204,39.5706133578612,7.0269679658799,2.28376458891097,5.0580910924211,8.21276881012214,20.9584029698337,22.222925742939,0.831315406677756,0.0168350789698159,0.0440567316517357,0.389226919265792,0.0236095678445662,16.4859823707181,0.773098996051148,90605.5808037558,45739.1586936278,21586.422110128,22320,960,11136.9070596559,2882.337410382,3681.27559821921,9801.34126041344,40.908668764492,26.1776860481483,67.0863548126403,0.364172842901393,22.777074257061,22.277074257061,21.9652372437597,0.199054199604002,0.130945800395998,22.6275730303327,4.76,23.8769302708441,1.91169302708441,17.2052372437597,88.8840747684845,799.95667291636,44.4420373842422,199.98916822909,319.982669166544,159.991334583272,5580.17471537658,4743.14850807009,0.85,0.282640931372549,0.19634657582198,0.285,0.285,0.135331733125782,0.273700869338999,0.263157894736842,0.83349263155166
4750,0.335,balanced,1,2,1,OK,0.0989994399595344,0,0.235012264586413,0.0845143996176772,0.0447811810828265,0.126630992142501,1,0.285,0.278247549019608,0.202428115870012,0.285,5580.17471537658,4743.14850807009,187.124367933652,39.8817894211887,7.08222675625992,2.30172369578447,5.09786699530785,8.27735252137878,21.0022186851847,22.2766854340117,0.837852718932536,0.0166771493084567,0.0440567316517357,0.383176759898966,0.023245753791221,16.4837313231665,0.773098996051148,90605.5808037558,45739.1586936278,21586.422110128,22320,960,11372.8183261028,2967.90349847366,3708.0757179828,9320.29411415803,41.9804574080328,26.8649561354793,68.8454135435121,0.367912604348369,22.7233145659883,22.2233145659883,22.0233560818486,0.200306794509102,0.129693205490898,22.6845147936363,4.76,23.9415067576095,1.91815067576096,17.2633560818486,88.8840747684845,799.95667291636,44.4420373842422,199.98916822909,297.761650474423,148.880825237211,5580.17471537658,4743.14850807009,0.85,0.278247549019608,0.196081717350477,0.285,0.285,0.148772172507247,0.203963884606915,0.175438596491228,0.70847136860404
4900,0.3675,balanced,1,7,1,OK,0.0990061312592211,0,0.164462488519664,0.140719126159503,0.0567761340899166,0.121851199172524,1,0.28703431372549,0.28703431372549,0.200426500193967,0.285,5580.17471537658,4743.14850807009,181.396070956091,39.2666092644472,6.97298277726033,2.26621940260961,5.01923194249965,8.14967362092301,20.9341457820982,22.1889537677231,0.824928766059815,0.0169700789735995,0.0440567316517357,0.395277078632617,0.0239536775832913,16.5017282735883,0.773098996051148,90605.5808037558,45739.1586936278,21586.422110128,22320,960,10998.6748868456,2825.44001339941,3684.98325349397,9974.39519079987,39.9135113889892,25.5400255682653,65.4535369572545,0.360832164733592,22.8110462322769,22.3110462322769,21.9326797333699,0.198941583634885,0.131058416365115,22.5904923231231,4.76,23.8407552592999,1.90807552592999,17.1726797333699,88.8840747684845,799.95667291636,44.4420373842422,199.98916822909,326.64897477418,163.32448738709,5580.17471537658,4743.14850807009,0.85,0.28703431372549,0.196464495524472,0.285,0.28703431372549,0.121891293744318,0.280334728033473,0.280334728033473,0.870566989821444
4775,0.32,balanced,1,4,1,OK,0.0990315709021287,0.00620867959372061,0.227556300103707,0.0951996016683145,0.0434957972641017,0.101826756906439,1,0.285,0.279712009803922,0.202076633413972,0.285,5580.17471537658,4743.14850807009,186.144659201015,39.7772498195718,7.06366256507379,2.29569033364898,5.08450428033142,8.25565562292999,21.0178594127229,22.2889854828057,0.835656508814533,0.0166979957044543,0.0440567316517357,0.385193479687908,0.0233348699464412,16.5072049071632,0.773098996051148,90605.5808037558,45739.1586936278,21586.422110128,22320,960,11422.0702370293,2975.88554008528,3741.27915359429,9065.36457848278,41.6737577157481,26.6690118306335,68.3427695463816,0.367148699509983,22.7110145171943,22.2110145171943,22.0392532134131,0.200883654408799,0.129116345591201,22.6957458252323,4.76,23.9591702371256,1.91991702371256,17.279253213413,88.8840747684845,799.95667291636,44.4420373842422,199.98916822909,284.42903925915,142.214519629575,5580.17471537658,4743.14850807009,0.85,0.279712009803922,0.195923255051906,0.285,0.285,0.144292026046759,0.144033823303906,0.12280701754386,0.633292586503945
5200,0.37,balanced,1,9,1,OK,0.0991024695677202,0,0.0852482757624049,0.197723650792527,0.0809515405653974,0.119470454836798,1,0.304607843137255,0.304607843137255,0.197138388464386,0.285,5580.17471537658,4743.14850807009,170.930913016316,38.1170927621545,6.76885110093753,2.1998766078047,4.87229565095786,7.91109472422074,20.8808478799505,22.09892179269,0.800779259709128,0.0174780629632093,0.0440567316517357,0.419477716099921,0.0253303539422208,16.5602785123634,0.773098996051148,90605.5808037558,45739.1586936278,21586.422110128,22320,960,10607.9302641297,2652.08030882853,3743.752807712,10188.5814726231,36.3662329155234,23.2681281037144,59.6343610192378,0.348879906898674,22.90107820731,22.40107820731,21.8504426443252,0.199001627535485,0.130998372464515,22.4887054447666,4.76,23.7493807159169,1.89893807159169,17.0904426443252,88.8840747684845,799.95667291636,44.4420373842422,199.98916822909,328.871076643393,164.435538321696,5580.17471537658,4743.14850807009,0.85,0.304607843137255,0.196983836499398,0.285,0.304607843137255,0.0681295362184599,0.214676536852269,0.214676536852269,0.878326702207019
5350,0.3575,balanced,1,9,1,OK,0.0992158200581042,0.0297834430174698,0.0711945961448377,0.201276848911414,0.0977608321103614,0.0493705646850404,1,0.313394607843137,0.313394607843137,0.195811792245102,0.285,5580.17471537658,4743.14850807009,166.138457511186,37.5789420932133,6.67328605428872,2.16881796764383,4.80350684851159,7.79940307594994,20.8780885570779,22.0789652692058,0.789473573386835,0.0177141655520059,0.0440567316517357,0.431578034833572,0.0260201547734096,16.5862977600198,0.773098996051148,90605.5808037558,45739.1586936278,21586.422110128,22320,960,10492.5201495465,2591.61990251311,3796.32124092279,10051.4558572239,34.8172422331338,22.2766078344948,57.0938500676286,0.343652221905241,22.9210347307942,22.4210347307942,21.8338379965729,0.198969101041488,0.131030898958512,22.4632458170867,4.76,23.7309311073032,1.89709311073032,17.0738379965729,88.8840747684845,799.95667291636,44.4420373842422,199.98916822909,317.760567297332,158.880283648666,5580.17471537658,4743.14850807009,0.85,0.313394607843137,0.197278338435319,0.285,0.313394607843137,0.0412486574555308,0.140734368279044,0.140734368279044,0.812160437052811
4750,0.3375,balanced,1,2,1,OK,0.0992446229690328,0,0.234347544432049,0.085250094619563,0.045787487361522,0.127209375812504,1,0.285,0.278247549019608,0.202428115870012,0.285,5580.17471537658,4743.14850807009,187.124367933652,39.8817894211887,7.08222675625992,2.30172369578447,5.09786699530785,8.27735252137878,21.0003443185817,22.2748110674087,0.837852718932536,0.0166806240873781,0.0440567316517357,0.383176759898966,0.0232492285701425,16.4812677006865,0.773098996051148,90605.5808037558,45739.1586936278,21586.422110128,22320,960,11359.0619747569,2964.10393007194,3703.59049796687,9364.5553482871,41.9769948728004,26.862690473004,68.8396853458044,0.367881992633972,22.7251889325913,22.2251889325913,22.0201600589418,0.200047537783687,0.129952462216313,22.6826404270333,4.76,23.9379556210464,1.91779556210464,17.2601600589418,88.8840747684845,799.95667291636,44.4420373842422,199.98916822909,299.983752343635,149.991876171818,5580.17471537658,4743.14850807009,0.85,0.278247549019608,0.19610851726938,0.285,0.285,0.148772172507247,0.212948689715922,0.18421052631579,0.720985935232995
4750,0.3325,balanced,1,2,1,OK,0.0992460024484138,0,0.235683331063544,0.0853026974297284,0.0437934771879155,0.126661609065312,1,0.285,0.278247549019608,0.202428115870012,0.285,5580.17471537658,4743.14850807009,187.124367933652,39.8817894211887,7.08222675625992,2.30172369578447,5.09786699530785,8.27735252137878,21.0041006467631,22.27856739559,0.837852718932536,0.0166736656920906,0.0440567316517357,0.383176759898966,0.0232422701748549,16.4862019508539,0.773098996051148,90605.5808037558,45739.1586936278,21586.422110128,22320,960,11386.6285173045,2971.71851006362,3712.57849233368,9275.85907724406,41.9839345482845,26.8672313630108,68.8511659112953,0.367943345228601,22.72143260441,22.22143260441,22.0265656353891,0.200567215576059,0.129432784423941,22.6863967552147,4.76,23.9450729282101,1.91850729282101,17.2665656353891,88.8840747684845,799.95667291636,44.4420373842422,199.98916822909,295.539548605211,147.769774302605,5580.17471537658,4743.14850807009,0.85,0.278247549019608,0.196054849271036,0.285,0.285,0.148772172507247,0.194979079497908,0.166666666666667,0.695953970209305
5300,0.365,balanced,1,9,1,OK,0.099279380613283,0,0.0734751227622513,0.214204196404239,0.0920777468206505,0.0877729160226462,1,0.31046568627451,0.31046568627451,0.196232250212495,0.285,5580.17471537658,4743.14850807009,167.705801449971,37.755785150421,6.70468992682282,2.17902422621742,4.82611171147718,7.83610635197417,20.8740842563073,22.0806121841766,0.793188763664307,0.0176403605773717,0.0440567316517357,0.427544595255688,0.0257936835655534,16.5755540176766,0.773098996051148,90605.5808037558,45739.1586936278,21586.422110128,22320,960,10513.279425364,2606.67941769598,3772.70786119168,10156.2327844016,35.3136366016543,22.5942448029033,57.9078814045576,0.345294443626224,22.9193878158234,22.4193878158234,21.8341898250217,0.198939773074697,0.131060226925303,22.4667011210948,4.76,23.7313220278019,1.8971322027802,17.0741898250217,88.8840747684845,799.95667291636,44.4420373842422,199.98916822909,324.426872904968,162.213436452484,5580.17471537658,4743.14850807009,0.85,0.31046568627451,0.197202467899533,0.285,0.31046568627451,0.0502089503765071,0.175653272282308,0.175653272282308,0.850889615569886
5325,0.3625,balanced,1,9,1,OK,0.0994356983787794,0.00709454510637245,0.0718380199577096,0.213649036684842,0.0949632763743885,0.0737529379922943,1,0.311930147058823,0.311930147058823,0.19601947357548,0.285,5580.17471537658,4743.14850807009,166.918450269454,37.6670522776917,6.68893270192084,2.17390312812427,4.81476948260906,7.81769009536998,20.8742684029469,22.0779607735992,0.791324627682599,0.0176791294090351,0.0440567316517357,0.42956131504463,0.0259086063281081,16.5798696234232,0.773098996051148,90605.5808037558,45739.1586936278,21586.422110128,22320,960,10496.4094073399,2597.34479869326,3782.19578341138,10125.9456674446,35.061185111145,22.4326643225486,57.4938494336936,0.344442746388323,22.9220392264008,22.4220392264008,21.8321164648922,0.198939547449791,0.131060452550209,22.4631423322079,4.76,23.7290182943247,1.89690182943247,17.0721164648922,88.8840747684845,799.95667291636,44.4420373842422,199.98916822909,322.204771035756,161.102385517878,5580.17471537658,4743.14850807009,0.85,0.311930147058823,0.197251754663068,0.285,0.311930147058823,0.045728803916019,0.162119158465437,0.162119158465437,0.837752980292606
4750,0.33,balanced,1,2,1,OK,0.0999234781876449,0,0.236360800467288,0.0876149880557167,0.0428246482899723,0.12669238659299,1,0.285,0.278247549019608,0.202428115870012,0.285,5580.17471537658,4743.14850807009,187.124367933652,39.8817894211887,7.08222675625992,2.30172369578447,5.09786699530785,8.27735252137878,21.0059902686363,22.2804570174633,0.837852718932536,0.0166701731475277,0.0440567316517357,0.383176759898966,0.0232387776302921,16.4886796541092,0.773098996051148,90605.5808037558,45739.1586936278,21586.422110128,22320,960,11400.4930047871,2975.54909791872,3717.09896983559,9231.24876198197,41.9874264213872,26.8695162393513,68.8569426607384,0.367974216405385,22.7195429825367,22.2195429825367,22.0297888379237,0.200828811389094,0.129171188610906,22.6882863770879,4.76,23.9486542643596,1.91886542643596,17.2697888379237,88.8840747684845,799.95667291636,44.4420373842422,199.98916822909,293.317446735999,146.658723367999,5580.17471537658,4743.14850807009,0.85,0.278247549019608,0.196027912331114,0.285,0.285,0.148772172507247,0.185994274388901,0.157894736842105,0.683433731838106
4750,0.34,balanced,1,2,1,OK,0.100042535677543,0,0.233689114928777,0.0875097824353858,0.0468121278775393,0.129007111098729,1,0.285,0.278247549019608,0.202428115870012,0.285,5580.17471537658,4743.14850807009,187.124367933652,39.8817894211887,7.08222675625992,2.30172369578447,5.09786699530785,8.27735252137878,20.9984774825914,22.2729442314184,0.837852718932536,0.0166840901180136,0.0440567316517357,0.383176759898966,0.0232526946007779,16.478811014279,0.773098996051148,90605.5808037558,45739.1586936278,21586.422110128,22320,960,11345.3590135143,2960.31967373204,3699.12268564533,9408.64423361828,41.9735468166337,26.860434293063,68.8339811096967,0.367851508971312,22.7270557685816,22.2270557685816,22.0169774500456,0.199789435148395,0.130210564851605,22.680773591043,4.76,23.9344193889396,1.91744193889396,17.2569774500456,88.8840747684845,799.95667291636,44.4420373842422,199.98916822909,302.205854212847,151.102927106424,5580.17471537658,4743.14850807009,0.85,0.278247549019608,0.1961352497154,0.285,0.285,0.148772172507247,0.221933494824928,0.192982456140351,0.733497678226399
4875,0.365,balanced,1,1,1,OK,0.100700768906481,0,0.173784644570965,0.129042427670086,0.0790622329161682,0.117918618535619,1,0.285569852941176,0.285569852941176,0.200742583874175,0.285,5580.17471537658,4743.14850807009,182.326307217404,39.3671641263113,6.99083935650368,2.2720227908637,5.03208531038897,8.17054349791367,20.9827423889187,22.240763716516,0.827041263157801,0.0169283206223057,0.0440567316517357,0.393260358843675,0.0238418576155775,16.4945351651933,0.773098996051148,90605.5808037558,45739.1586936278,21586.422110128,22320,960,11043.4114201322,2848.29064422254,3683.44872144766,9915.94473806206,40.3124920721512,25.7966430451076,66.1091351172587,0.36258692520126,22.759236283484,22.259236283484,21.9607157354955,0.194347529156085,0.135652470843915,22.6433305413471,4.76,23.8719063727727,1.91119063727727,17.2007157354955,88.8840747684845,799.95667291636,44.4420373842422,199.98916822909,324.426872904968,162.213436452484,5580.17471537658,4743.14850807009,0.85,0.285569852941176,0.19644631154897,0.285,0.285569852941176,0.126371440204806,0.278146121660766,0.278146121660766,0.858014014729994
4750,0.3275,balanced,1,2,1,OK,0.101031919949958,0,0.237044730356727,0.091451271495642,0.041874971566363,0.126723326262727,1,0.285,0.278247549019608,0.202428115870012,0.285,5580.17471537658,4743.14850807009,187.124367933652,39.8817894211887,7.08222675625992,2.30172369578447,5.09786699530785,8.27735252137878,21.0078876171021,22.282354365929,0.837852718932536,0.0166666715823822,0.0440567316517357,0.383176759898966,0.0232352760651465,16.4911645045501,0.773098996051148,90605.5808037558,45739.1586936278,21586.422110128,22320,960,11414.4122517975,2979.39539710991,3721.63730152892,9186.46167074873,41.9909331570932,26.8718108495117,68.8627440066049,0.368005219026426,22.717645634071,22.217645634071,22.0330258095889,0.201091592509265,0.128908407490735,22.6901837255537,4.76,23.9522508995433,1.91922508995433,17.2730258095889,88.8840747684845,799.95667291636,44.4420373842422,199.98916822909,291.095344866787,145.547672433393,5580.17471537658,4743.14850807009,0.85,0.278247549019608,0.196000905818165,0.285,0.285,0.148772172507247,0.177009469279894,0.149122807017544,0.670910645197882
4750,0.3425,balanced,1,2,1,OK,0.101393127890283,0,0.233036921314753,0.0912934630651457,0.0478548388563079,0.132024196766189,1,0.285,0.278247549019608,0.202428115870012,0.285,5580.17471537658,4743.14850807009,187.124367933652,39.8817894211887,7.08222675625992,2.30172369578447,5.09786699530785,8.27735252137878,20.9966181137871,22.2710848626141,0.837852718932536,0.0166875474879681,0.0440567316517357,0.383176759898966,0.0232561519707324,16.4763611960048,0.773098996051148,90605.5808037558,45739.1586936278,21586.422110128,22320,960,11331.7089991499,2956.55060023563,3694.67213650585,9452.5622030318,41.9701131154172,26.8581875143388,68.828300629756,0.367821152262544,22.7289151373859,22.2289151373859,22.0138081402368,0.199532476501628,0.130467523498372,22.6789142222387,4.76,23.9308979335965,1.91708979335965,17.2538081402368,88.8840747684845,799.95667291636,44.4420373842422,199.98916822909,304.427956082059,152.21397804103,5580.17471537658,4743.14850807009,0.85,0.278247549019608,0.196161915364206,0.285,0.285,0.148772172507247,0.230918299933935,0.201754385964912,0.746006605635425
4800,0.3575,balanced,1,5,1,OK,0.101716533918561,0,0.206748167458172,0.114208161885975,0.0519446981325342,0.128464306619715,1,0.285,0.281176470588235,0.20173221757339,0.285,5580.17471537658,4743.14850807009,185.175155767676,39.6735280007368,7.04524359613528,2.28970416874397,5.07124609797285,8.23412845298311,20.9679528480435,22.2357643725368,0.833477479007075,0.016790346664647,0.0440567316517357,0.38721019947685,0.0234958490372958,16.4799407274969,0.773098996051148,90605.5808037558,45739.1586936278,21586.422110128,22320,960,11183.5357421332,2901.82851756545,3679.92355124125,9743.27165323579,41.2519357775154,26.3976786818681,67.6496144593835,0.365327703810644,22.7642356274632,22.2642356274632,21.9768565919985,0.198945924623586,0.131054075376414,22.6414640603746,4.76,23.8898406577761,1.91298406577761,17.2168565919985,88.8840747684845,799.95667291636,44.4420373842422,199.98916822909,317.760567297332,158.880283648666,5580.17471537658,4743.14850807009,0.85,0.281176470588235,0.196315890000999,0.285,0.285,0.139811879586271,0.271443514644352,0.254385964912281,0.821044643906209
5275,0.3675,balanced,1,9,1,OK,0.101800056023097,0,0.0755148095312636,0.217424326327373,0.089260582382245,0.103012088304147,1,0.309001225490196,0.309001225490196,0.196450625266454,0.285,5580.17471537658,4743.14850807009,168.500615674852,37.8451480805168,6.72055903760564,2.18418168722183,4.83753447706897,7.8546533752016,20.8739406891621,22.0833243084293,0.79506613614531,0.0176015802923537,0.0440567316517357,0.425527875466746,0.0256791077210836,16.5709759111829,0.773098996051148,90605.5808037558,45739.1586936278,21586.422110128,22320,960,10530.3364788248,2616.11657062678,3763.22762589315,10186.1845635265,35.5691876389501,22.7578106213882,58.3269982603384,0.346153027552667,22.9166756915707,22.4166756915707,21.8363214463906,0.19894034074391,0.13105965925609,22.4703270665948,4.76,23.7336904959896,1.89736904959896,17.0763214463906,88.8840747684845,799.95667291636,44.4420373842422,199.98916822909,326.64897477418,163.32448738709,5580.17471537658,4743.14850807009,0.85,0.309001225490196,0.197155999642062,0.285,0.309001225490196,0.0546890968369953,0.189315671538202,0.189315671538202,0.864006171088879
4925,0.37,balanced,1,8,1,OK,0.101826661968642,0,0.155006804567914,0.15567946899322,0.0574582422112513,0.129906236446659,1,0.288498774509804,0.288498774509804,0.20011750097076,0.285,5580.17471537658,4743.14850807009,180.475278717735,39.166821023677,6.95526233494819,2.26046025885816,5.00647656751459,8.1289628539707,20.9242697103073,22.175888852186,0.822832374446996,0.0170150785022585,0.0440567316517357,0.397293798421559,0.0240690970998098,16.5063856269332,0.773098996051148,90605.5808037558,45739.1586936278,21586.422110128,22320,960,10953.2254605804,2806.66433198093,3686.13355535498,10031.7713205688,39.5873139621712,25.330972038017,64.9182860001881,0.359707359708367,22.824111147814,22.324111147814,21.9212048435385,0.199129092044492,0.130870907955508,22.5764069775871,4.76,23.8280053817095,1.90680053817095,17.1612048435385,88.8840747684845,799.95667291636,44.4420373842422,199.98916822909,328.871076643393,164.435538321696,5580.17471537658,4743.14850807009,0.85,0.288498774509804,0.196510209226814,0.285,0.288498774509804,0.11741114728383,0.282501115052142,0.282501115052142,0.882853829609139
5225,0.37,balanced,1,9,1,OK,0.101975643786313,0,0.0813986460787484,0.209913553449583,0.0836937734132142,0.119470454836798,1,0.306072303921569,0.306072303921569,0.196903618430966,0.285,5580.17471537658,4743.14850807009,170.113061757865,38.025794205274,6.752638260648,2.1946074347106,4.86062546497587,7.89214596713235,20.8773237876783,22.0924801539223,0.798861222799875,0.0175204072014518,0.0440567316517357,0.421494435888862,0.0254474186255966,16.5633474298606,0.773098996051148,90605.5808037558,45739.1586936278,21586.422110128,22320,960,10577.6654703847,2638.80888661739,3748.77106835472,10202.2386129407,36.0953907477185,23.0946907911933,59.1900815389117,0.347945542377936,22.9075198460777,22.4075198460777,21.8444487611016,0.198971301202314,0.131028698797686,22.4813301911203,4.76,23.7427208456685,1.89827208456685,17.0844487611016,88.8840747684845,799.95667291636,44.4420373842422,199.98916822909,328.871076643393,164.435538321696,5580.17471537658,4743.14850807009,0.85,0.306072303921569,0.197046592044242,0.285,0.306072303921569,0.0636493897579717,0.208864687393646,0.208864687393646,0.87772849132517
4775,0.3525,balanced,1,4,1,OK,0.102120359823748,0,0.219029498154217,0.10476363669283,0.0507521618424796,0.131141593347967,1,0.285,0.279712009803922,0.202076633413972,0.285,5580.17471537658,4743.14850807009,186.144659201015,39.7772498195718,7.06366256507379,2.29569033364898,5.08450428033142,8.25565562292999,20.980052085003,22.2511781550859,0.835656508814533,0.016742315284432,0.0440567316517357,0.385193479687908,0.0233791895264189,16.475912445666,0.773098996051148,90605.5808037558,45739.1586936278,21586.422110128,22320,960,11243.8161317947,2925.26842941884,3682.89233280634,9641.87501817562,41.6044981547028,26.6236932929925,68.2281914476953,0.366533166949565,22.7488218449141,22.2488218449141,21.9919602383287,0.199018055160279,0.130981944839721,22.6579384975124,4.76,23.9066224870319,1.91466224870319,17.2319602383287,88.8840747684845,799.95667291636,44.4420373842422,199.98916822909,313.316363558908,156.658181779454,5580.17471537658,4743.14850807009,0.85,0.279712009803922,0.196263288916269,0.285,0.285,0.144292026046759,0.260224758483209,0.236842105263158,0.796056725363378
4750,0.325,balanced,1,3,1,OK,0.102741013603864,0,0.237684030488752,0.0968115477495043,0.0422077508390161,0.126805277992402,1,0.285,0.278247549019608,0.202428115870012,0.285,5580.17471537658,4743.14850807009,187.124367933652,39.8817894211887,7.08222675625992,2.30172369578447,5.09786699530785,8.27735252137878,21.0129024906763,22.2873692395032,0.837852718932536,0.0166634201499945,0.0440567316517357,0.383176759898966,0.0232320246327588,16.4934725214891,0.773098996051148,90605.5808037558,45739.1586936278,21586.422110128,22320,960,11428.2992196793,2983.58493312607,3726.16510870234,9141.42628554834,42.0002046159244,26.8778776110571,68.8780822269815,0.368087187080859,22.7126307604968,22.2126307604968,22.0376191641888,0.201008907147978,0.128991092852022,22.6951985991278,4.76,23.9573546268765,1.91973546268765,17.2776191641888,88.8840747684845,799.95667291636,44.4420373842422,199.98916822909,288.873242997575,144.436621498787,5580.17471537658,4743.14850807009,0.85,0.278247549019608,0.195975828503528,0.285,0.285,0.148772172507247,0.168024664170887,0.140350877192983,0.65836778179075
4750,0.345,balanced,1,2,1,OK,0.103296350203533,0,0.232390909716314,0.0966011365088425,0.0489153608029637,0.136260631367269,1,0.285,0.278247549019608,0.202428115870012,0.285,5580.17471537658,4743.14850807009,187.124367933652,39.8817894211887,7.08222675625992,2.30172369578447,5.09786699530785,8.27735252137878,20.9947661496581,22.269232898485,0.837852718932536,0.0166909962833308,0.0440567316517357,0.383176759898966,0.0232596007660951,16.4739181790907,0.773098996051148,90605.5808037558,45739.1586936278,21586.422110128,22320,960,11318.1114948247,2952.79658223136,3690.23870811829,9496.31066875687,41.9666936468337,26.8559500566918,68.8226437035256,0.367790921425733,22.730767101515,22.230767101515,22.0106520162554,0.199276651888395,0.130723348111605,22.6770622581097,4.76,23.9273911291726,1.91673911291726,17.2506520162554,88.8840747684845,799.95667291636,44.4420373842422,199.98916822909,306.650057951271,153.325028975636,5580.17471537658,4743.14850807009,0.85,0.278247549019608,0.196188514879779,0.285,0.285,0.148772172507247,0.239903105042942,0.210526315789474,0.758512725433547
4850,0.365,balanced,1,7,1,OK,0.103479259836575,0,0.184157904886126,0.138197672448869,0.0533315579223726,0.131195962690891,1,0.285,0.284105392156863,0.2010653081529,0.285,5580.17471537658,4743.14850807009,183.266133543267,39.4684954757306,7.00883382476904,2.27787099304994,5.04503793235733,8.19157453269881,20.9453387286139,22.2065982117033,0.829170073019551,0.0168832047613025,0.0440567316517357,0.391243639054734,0.0237270385095939,16.4893582861821,0.773098996051148,90605.5808037558,45739.1586936278,21586.422110128,22320,960,11077.5009391105,2859.28474580717,3678.23438968943,9901.9076143037,40.5636948810763,25.9565180093934,66.5202128904697,0.362970569653913,22.7934017882967,22.2934017882967,21.9499220180109,0.199123039879216,0.130876960120784,22.6102012462919,4.76,23.8599133533454,1.90999133533455,17.1899220180109,88.8840747684845,799.95667291636,44.4420373842422,199.98916822909,324.426872904968,162.213436452484,5580.17471537658,4743.14850807009,0.85,0.284105392156863,0.196406238694223,0.285,0.285,0.130851586665294,0.284734503731183,0.280701754385965,0.85839310617955
4875,0.3675,balanced,1,7,1,OK,0.104164508928083,0,0.173792519193117,0.148066036439217,0.0551121797792081,0.132801089496652,1,0.285569852941176,0.285569852941176,0.200742583874175,0.285,5580.17471537658,4743.14850807009,182.326307217404,39.3671641263113,6.99083935650368,2.2720227908637,5.03208531038897,8.17054349791367,20.9379915084324,22.1960128360296,0.827041263157801,0.0169282766291556,0.0440567316517357,0.393260358843675,0.0238418136224275,16.4945656010726,0.773098996051148,90605.5808037558,45739.1586936278,21586.422110128,22320,960,11031.4720657251,2840.42308508478,3679.4664375272,9959.46244922085,40.2333822435999,25.7448844747061,65.9782667183059,0.361869154952138,22.8039871639704,22.3039871639704,21.9393997202976,0.199004617389481,0.130995382610519,22.5985796608607,4.76,23.8482219114417,1.90882219114417,17.1793997202976,88.8840747684845,799.95667291636,44.4420373842422,199.98916822909,326.64897477418,163.32448738709,5580.17471537658,4743.14850807009,0.85,0.285569852941176,0.196445980943259,0.285,0.285569852941176,0.126371440204806,0.286900547151593,0.286900547151593,0.870743286451597
5350,0.36,balanced,1,9,1,OK,0.104299805167109,0.0297834430174698,0.0706017720353276,0.215728479238733,0.0979154567591652,0.0609521542130927,1,0.313394607843137,0.313394607843137,0.195811792245102,0.285,5580.17471537658,4743.14850807009,166.138457511186,37.5789420932133,6.67328605428872,2.16881796764383,4.80350684851159,7.79940307594994,20.8744928271211,22.075369539249,0.789473573386835,0.017717886132822,0.0440567316517357,0.431578034833572,0.0260238753542258,16.5839264505812,0.773098996051148,90605.5808037558,45739.1586936278,21586.422110128,22320,960,10479.7251696415,2588.11147573725,3791.69186177479,10095.3229118637,34.8117811461546,22.2730358395732,57.0848169857278,0.34359785109889,22.924630460751,22.424630460751,21.8301008608301,0.198939663009982,0.131060336990018,22.4596500871299,4.76,23.7267787342557,1.89667787342557,17.0701008608301,88.8840747684845,799.95667291636,44.4420373842422,199.98916822909,319.982669166544,159.991334583272,5580.17471537658,4743.14850807009,0.85,0.313394607843137,0.197303815938915,0.285,0.313394607843137,0.0412486574555308,0.148711531693583,0.148711531693583,0.824597250118344
4825,0.3625,balanced,1,6,1,OK,0.104412952075764,0,0.194928916774193,0.131711736107996,0.0528074463000367,0.133576834577139,1,0.285,0.282640931372549,0.201395338266847,0.285,5580.17471537658,4743.14850807009,184.21569900204,39.5706133578612,7.0269679658799,2.28376458891097,5.0580910924211,8.21276881012214,20.9550802747996,22.2196030479049,0.831315406677756,0.0168384025033579,0.0440567316517357,0.389226919265792,0.0236128913781083,16.4836619553778,0.773098996051148,90605.5808037558,45739.1586936278,21586.422110128,22320,960,11123.7612013846,2878.57508030241,3676.9302690347,9844.1218433293,40.9027019224374,26.1737821469915,67.0764840694288,0.36411926037143,22.7803969520951,22.2803969520951,21.9615354270549,0.198979246096078,0.131020753903922,22.6242503352986,4.76,23.8728171411721,1.91128171411721,17.2015354270549,88.8840747684845,799.95667291636,44.4420373842422,199.98916822909,322.204771035756,161.102385517878,5580.17471537658,4743.14850807009,0.85,0.282640931372549,0.196371810784243,0.285,0.285,0.135331733125782,0.282546014264964,0.271929824561404,0.845987968193081
4750,0.3225,balanced,1,4,1,OK,0.104892805451034,0,0.23832479143363,0.103695816817304,0.0426487736147196,0.126891984920575,1,0.285,0.278247549019608,0.202428115870012,0.285,5580.17471537658,4743.14850807009,187.124367933652,39.8817894211887,7.08222675625992,2.30172369578447,5.09786699530785,8.27735252137878,21.0181914750803,22.2926582239073,0.837852718932536,0.0166601818764086,0.0440567316517357,0.383176759898966,0.0232287863591729,16.4957718399116,0.773098996051148,90605.5808037558,45739.1586936278,21586.422110128,22320,960,11442.2339013217,2987.81945996104,3730.70847281441,9096.20556866539,42.0099872857487,26.8842789479182,68.8942662336669,0.368173675050674,22.7073417760927,22.2073417760927,22.0423430103415,0.200898049361401,0.129101950638599,22.7004875835319,4.76,23.9626033448239,1.9202603344824,17.2823430103415,88.8840747684845,799.95667291636,44.4420373842422,199.98916822909,286.651141128362,143.325570564181,5580.17471537658,4743.14850807009,0.85,0.278247549019608,0.195950852678748,0.285,0.285,0.148772172507247,0.159039859061881,0.131578947368421,0.645820855542398
5250,0.37,balanced,1,9,1,OK,0.10530446826934,0,0.0779589677222837,0.22334062512889,0.0865135392587361,0.119470454836798,1,0.307536764705882,0.307536764705882,0.196674241897281,0.285,5580.17471537658,4743.14850807009,169.302999559018,37.9351485597678,6.73654136466465,2.18937594351601,4.84903873701805,7.87333271995181,20.873838013013,22.0860976972675,0.79695690251613,0.0175627892134039,0.0440567316517357,0.423511155677804,0.0255648794541215,16.5661315336078,0.773098996051148,90605.5808037558,45739.1586936278,21586.422110128,22320,960,10547.5818473372,2625.65751954514,3753.75460779518,10215.801259894,35.8278913957458,22.9233958572316,58.7512872529774,0.34701858446694,22.9139023027325,22.4139023027325,21.8385118473827,0.198941251387676,0.131058748612324,22.474020796229,4.76,23.7361242748697,1.89761242748697,17.0785118473827,88.8840747684845,799.95667291636,44.4420373842422,199.98916822909,328.871076643393,164.435538321696,5580.17471537658,4743.14850807009,0.85,0.307536764705882,0.19711239475658,0.285,0.307536764705882,0.0591692432974835,0.203108188882247,0.203108188882247,0.877101642729896
5325,0.365,balanced,1,9,1,OK,0.10561798214174,0.00709454510637245,0.0712508056212626,0.231148652640036,0.0951155973259471,0.0877729160226462,1,0.311930147058823,0.311930147058823,0.19601947357548,0.285,5580.17471537658,4743.14850807009,166.918450269454,37.6670522776917,6.68893270192084,2.17390312812427,4.81476948260906,7.81769009536998,20.8706984205598,22.0743907912121,0.791324627682599,0.0176828134422107,0.0440567316517357,0.42956131504463,0.0259122903612837,16.5775124103445,0.773098996051148,90605.5808037558,45739.1586936278,21586.422110128,22320,960,10483.6925785759,2593.85164430762,3777.61349872118,10169.4388948503,35.0557253734265,22.4290932170423,57.4848185904687,0.344388643062955,22.9256092087879,22.4256092087879,21.8284062655764,0.198910425198104,0.131089574801896,22.4595723498208,4.76,23.7248958506405,1.89648958506405,17.0684062655764,88.8840747684845,799.95667291636,44.4420373842422,199.98916822909,324.426872904968,162.213436452484,5580.17471537658,4743.14850807009,0.85,0.311930147058823,0.197277100336302,0.285,0.311930147058823,0.045728803916019,0.170133773351406,0.170133773351406,0.850189400481744
4750,0.3475,balanced,1,2,1,OK,0.105752154010422,0,0.231751027127015,0.103432802766476,0.049993438412633,0.141716413475562,1,0.285,0.278247549019608,0.202428115870012,0.285,5580.17471537658,4743.14850807009,187.124367933652,39.8817894211887,7.08222675625992,2.30172369578447,5.09786699530785,8.27735252137878,20.9929215285897,22.2673882774166,0.837852718932536,0.0166944365887125,0.0440567316517357,0.383176759898966,0.0232630410714768,16.4714818979014,0.773098996051148,90605.5808037558,45739.1586936278,21586.422110128,22320,960,11304.5660699491,2949.05749419498,3685.82226009013,9539.89102281426,41.9632882903258,26.853721841136,68.8170101314618,0.367760815394509,22.7326117225834,22.2326117225834,22.007508966469,0.199021951497203,0.130978048502797,22.6752176370413,4.76,23.9238988516322,1.91638988516322,17.247508966469,88.8840747684845,799.95667291636,44.4420373842422,199.98916822909,308.872159820484,154.436079910242,5580.17471537658,4743.14850807009,0.85,0.278247549019608,0.196215048914696,0.285,0.285,0.148772172507247,0.248887910151949,0.219298245614035,0.77101604551787
5300,0.3675,balanced,1,9,1,OK,0.106010083092426,0,0.0728881514418629,0.233227805173369,0.0922280890530031,0.103012088304147,1,0.31046568627451,0.31046568627451,0.196232250212495,0.285,5580.17471537658,4743.14850807009,167.705801449971,37.755785150421,6.70468992682282,2.17902422621742,4.82611171147718,7.83610635197417,20.8705239978585,22.0770519257278,0.793188763664307,0.0176440166207679,0.0440567316517357,0.427544595255688,0.0257973396089496,16.5732049016157,0.773098996051148,90605.5808037558,45739.1586936278,21586.422110128,22320,960,10500.5918292845,2603.18692942932,3768.15489617174,10199.5215416319,35.3081518938121,22.5906573463972,57.8988092402093,0.345240347916535,22.9229480742722,22.4229480742722,21.8304896411875,0.198910779675095,0.131089220324905,22.4631408626459,4.76,23.7272107124306,1.89672107124306,17.0704896411875,88.8840747684845,799.95667291636,44.4420373842422,199.98916822909,326.64897477418,163.32448738709,5580.17471537658,4743.14850807009,0.85,0.31046568627451,0.197227739653426,0.285,0.31046568627451,0.0502089503765071,0.183705691955475,0.183705691955475,0.863328153766711
4775,0.355,balanced,1,4,1,OK,0.106158484580521,0,0.218415088649242,0.116167281392275,0.0513399850300708,0.14024426610656,1,0.285,0.279712009803922,0.202076633413972,0.285,5580.17471537658,4743.14850807009,186.144659201015,39.7772498195718,7.06366256507379,2.29569033364898,5.08450428033142,8.25565562292999,20.9772282651616,22.2483543352445,0.835656508814533,0.0167456670052006,0.0440567316517357,0.385193479687908,0.0233825412471875,16.4735507409504,0.773098996051148,90605.5808037558,45739.1586936278,21586.422110128,22320,960,11230.4700251426,2921.48526612763,3678.52083888599,9685.0324693552,41.5993344136218,26.6203146434084,68.2196490570301,0.366487275809298,22.7516456647555,22.2516456647555,21.9884318868062,0.198879490682361,0.131120509317639,22.655114677671,4.76,23.9027020964514,1.91427020964514,17.2284318868062,88.8840747684845,799.95667291636,44.4420373842422,199.98916822909,315.53846542812,157.76923271406,5580.17471537658,4743.14850807009,0.85,0.279712009803922,0.196289004380309,0.285,0.285,0.144292026046759,0.269162522727771,0.24561403508772,0.80855774943047
4900,0.37,balanced,1,7,1,OK,0.106292216102989,0,0.163864941697086,0.16126672774257,0.0570082094629132,0.138287970029611,1,0.28703431372549,0.28703431372549,0.200426500193967,0.285,5580.17471537658,4743.14850807009,181.396070956091,39.2666092644472,6.97298277726033,2.26621940260961,5.01923194249965,8.14967362092301,20.9307142857561,22.1855222713811,0.824928766059815,0.0169734263018171,0.0440567316517357,0.395277078632617,0.023957024911509,16.499422615816,0.773098996051148,90605.5808037558,45739.1586936278,21586.422110128,22320,960,10985.7335775124,2821.75157285551,3680.64741225293,10016.8408433614,39.907508048919,25.5360980506519,65.4436060995709,0.360777417915586,22.8144777286189,22.3144777286189,21.9289752267629,0.198887190797878,0.131112809202122,22.587060826781,4.76,23.8366391408476,1.90766391408476,17.1689752267629,88.8840747684845,799.95667291636,44.4420373842422,199.98916822909,328.871076643393,164.435538321696,5580.17471537658,4743.14850807009,0.85,0.28703431372549,0.196489522140454,0.285,0.28703431372549,0.121891293744318,0.289044488088123,0.289044488088123,0.883052062875482
4800,0.36,balanced,1,6,1,OK,0.106656339397745,0,0.206182425443529,0.128659792213294,0.0510747762914994,0.139973467907663,1,0.285,0.281176470588235,0.20173221757339,0.285,5580.17471537658,4743.14850807009,185.175155767676,39.6735280007368,7.04524359613528,2.28970416874397,5.07124609797285,8.23412845298311,20.9622052132161,22.2300167377093,0.833477479007075,0.016793459115473,0.0440567316517357,0.38721019947685,0.0234989614881219,16.4777579499662,0.773098996051148,90605.5808037558,45739.1586936278,21586.422110128,22320,960,11170.3865524938,2897.78931474871,3675.59683259436,9786.22163181133,41.2415228992957,26.3908657347919,67.6323886340876,0.365234679315947,22.7699832622907,22.2699832622907,21.9721027870213,0.199141898124183,0.130858101875817,22.6357164255472,4.76,23.8845586522459,1.91245586522459,17.2121027870213,88.8840747684845,799.95667291636,44.4420373842422,199.98916822909,319.982669166544,159.991334583272,5580.17471537658,4743.14850807009,0.85,0.281176470588235,0.19633964533672,0.285,0.285,0.139811879586271,0.280334728033473,0.263157894736842,0.833557351000632
4750,0.35,balanced,1,3,1,OK,0.108571335098982,0,0.231160494678259,0.111788461838047,0.0496960789367026,0.148345960104078,1,0.285,0.278247549019608,0.202428115870012,0.285,5580.17471537658,4743.14850807009,187.124367933652,39.8817894211887,7.08222675625992,2.30172369578447,5.09786699530785,8.27735252137878,20.9882587712143,22.2627255200413,0.837852718932536,0.0166976333949329,0.0440567316517357,0.383176759898966,0.0232662378776972,16.4692186984934,0.773098996051148,90605.5808037558,45739.1586936278,21586.422110128,22320,960,11291.1497722183,2945.039588334,3681.44791360764,9583.37039199726,41.9546828335837,26.8480910975985,68.8027739311822,0.367684736578923,22.7372744799587,22.2372744799587,22.0031656302301,0.199084609298353,0.130915390701647,22.6705548796659,4.76,23.9190729224779,1.91590729224779,17.2431656302301,88.8840747684845,799.95667291636,44.4420373842422,199.98916822909,311.094261689696,155.547130844848,5580.17471537658,4743.14850807009,0.85,0.278247549019608,0.196239704914227,0.285,0.285,0.148772172507247,0.257872715260956,0.228070175438597,0.78353305287011
4750,0.32,balanced,1,4,1,OK,0.108833667515948,0.00620867959372061,0.239009920762907,0.11210407869904,0.0421282342537756,0.126941085990977,1,0.285,0.278247549019608,0.202428115870012,0.285,5580.17471537658,4743.14850807009,187.124367933652,39.8817894211887,7.08222675625992,2.30172369578447,5.09786699530785,8.27735252137878,21.0211789222575,22.2956456710844,0.837852718932536,0.016656741755316,0.0440567316517357,0.383176759898966,0.0232253462380803,16.4982151814258,0.773098996051148,90605.5808037558,45739.1586936278,21586.422110128,22320,960,11456.2896150457,2991.82723133295,3735.29129909937,9050.85561462019,42.0155149751122,26.8878960476124,68.9034110227246,0.36822254516395,22.7043543289156,22.2043543289156,22.0460844854019,0.201045959827468,0.128954040172532,22.7034750307091,4.76,23.9667605393354,1.92067605393354,17.2860844854019,88.8840747684845,799.95667291636,44.4420373842422,199.98916822909,284.42903925915,142.214519629575,5580.17471537658,4743.14850807009,0.85,0.278247549019608,0.195924320065197,0.285,0.285,0.148772172507247,0.150055053952874,0.12280701754386,0.633283708186482
5275,0.37,balanced,1,9,1,OK,0.10907928911762,0,0.0749285514940629,0.23797192791044,0.089408939003156,0.119470454836798,1,0.309001225490196,0.309001225490196,0.196450625266454,0.285,5580.17471537658,4743.14850807009,168.500615674852,37.8451480805168,6.72055903760564,2.18418168722183,4.83753447706897,7.8546533752016,20.8703900126546,22.0797736319219,0.79506613614531,0.0176052085076309,0.0440567316517357,0.425527875466746,0.0256827359363608,16.568634919627,0.773098996051148,90605.5808037558,45739.1586936278,21586.422110128,22320,960,10517.6777989355,2612.62462935568,3758.70379192427,10229.2704092508,35.563677454325,22.7542064818846,58.3178839362095,0.346098936805922,22.9202263680781,22.4202263680781,21.8326311276114,0.198911474330156,0.131088525669844,22.4667763900874,4.76,23.7295901417904,1.89695901417905,17.0726311276114,88.8840747684845,799.95667291636,44.4420373842422,199.98916822909,328.871076643393,164.435538321696,5580.17471537658,4743.14850807009,0.85,0.309001225490196,0.197181197898701,0.285,0.309001225490196,0.0546890968369953,0.197406254337782,0.197406254337782,0.876446658925779
4725,0.335,balanced,1,2,1,OK,0.109748174134926,0,0.246987471371723,0.103492855697136,0.0429806740384441,0.154758870451315,1,0.285,0.276783088235294,0.202787375375242,0.285,5580.17471537658,4743.14850807009,188.114443954464,39.9871576085741,7.10093808809308,2.30780487863025,5.11133562378775,8.29922139045878,21.0043628061591,22.282196712106,0.840066336314583,0.0166357207795129,0.0440567316517357,0.381160040110024,0.0231364138744942,16.4744649787848,0.773098996051148,90605.5808037558,45739.1586936278,21586.422110128,22320,960,11407.1740835022,2983.77995756715,3702.14342068359,9305.38321162894,42.324341246755,27.0851688490918,69.4095100958468,0.368974910361738,22.717803287894,22.217803287894,22.0297070372035,0.200602016089989,0.129397983910011,22.691103562009,4.76,23.9485633746705,1.91885633746705,17.2697070372035,88.8840747684845,799.95667291636,44.4420373842422,199.98916822909,297.761650474423,148.880825237211,5580.17471537658,4743.14850807009,0.85,0.276783088235294,0.196086029760975,0.285,0.285,0.153252318967735,0.21033406389055,0.175438596491228,0.708433795147764
5350,0.3625,balanced,1,9,1,OK,0.109933782006645,0.0297834430174698,0.0700147842805532,0.231704102379988,0.0980697499249557,0.0737529379922943,1,0.313394607843137,0.313394607843137,0.195811792245102,0.285,5580.17471537658,4743.14850807009,166.138457511186,37.5789420932133,6.67328605428872,2.16881796764383,4.80350684851159,7.79940307594994,20.8709129774315,22.0717896895593,0.789473573386835,0.0177215983200903,0.0440567316517357,0.431578034833572,0.026027587541494,16.5815611664176,0.773098996051148,90605.5808037558,45739.1586936278,21586.422110128,22320,960,10466.9787868346,2584.61753569675,3787.08006564714,10139.0221921345,34.8063458791955,22.2694807578554,57.0758266370509,0.343543737507061,22.9282103104407,22.4282103104407,21.8263804941951,0.198910410018401,0.131089589981599,22.4560702374403,4.76,23.7226449935501,1.89626449935501,17.0663804941951,88.8840747684845,799.95667291636,44.4420373842422,199.98916822909,322.204771035756,161.102385517878,5580.17471537658,4743.14850807009,0.85,0.313394607843137,0.197329235965827,0.285,0.313394607843137,0.0412486574555308,0.156688695108122,0.156688695108122,0.837031386787397
4725,0.3375,balanced,1,2,1,OK,0.109991000350646,0,0.246330705566633,0.104228550699022,0.0439588747665359,0.155333943516128,1,0.285,0.276783088235294,0.202787375375242,0.285,5580.17471537658,4743.14850807009,188.114443954464,39.9871576085741,7.10093808809308,2.30780487863025,5.11133562378775,8.29922139045878,21.0024864102921,22.2803203162391,0.840066336314583,0.0166391757898034,0.0440567316517357,0.381160040110024,0.0231398688847847,16.4720051789339,0.773098996051148,90605.5808037558,45739.1586936278,21586.422110128,22320,960,11393.3986563415,2979.96566375663,3697.67267213038,9349.5920828781,42.3208457212858,27.0828815749453,69.4037272962312,0.368944169502642,22.7196796837609,22.2196796837609,22.0265066632258,0.200342988272568,0.129657011727432,22.6892271661421,4.76,23.9450074035842,1.91850074035842,17.2665066632258,88.8840747684845,799.95667291636,44.4420373842422,199.98916822909,299.983752343635,149.991876171818,5580.17471537658,4743.14850807009,0.85,0.276783088235294,0.196112818202202,0.285,0.285,0.153252318967735,0.219366407650927,0.18421052631579,0.720948192443086
4725,0.3325,balanced,1,2,1,OK,0.109997096397405,0,0.24765053755197,0.104281153509188,0.0420211654374094,0.154792812411225,1,0.285,0.276783088235294,0.202787375375242,0.285,5580.17471537658,4743.14850807009,188.114443954464,39.9871576085741,7.10093808809308,2.30780487863025,5.11133562378775,8.29922139045878,21.0062467979937,22.2840807039406,0.840066336314583,0.0166322569839674,0.0440567316517357,0.381160040110024,0.0231329500789486,16.4769317708806,0.773098996051148,90605.5808037558,45739.1586936278,21586.422110128,22320,960,11421.0033695069,2987.60973985154,3706.63164886527,9261.00091812869,42.3278515036931,27.0874657712345,69.4153172749275,0.369005780819948,22.7159192960594,22.2159192960594,22.0329209481038,0.200862206217124,0.129137793782876,22.6929875538436,4.76,23.952134386782,1.91921343867821,17.2729209481038,88.8840747684845,799.95667291636,44.4420373842422,199.98916822909,295.539548605211,147.769774302605,5580.17471537658,4743.14850807009,0.85,0.276783088235294,0.196059173203225,0.285,0.285,0.153252318967735,0.201301720130172,0.166666666666667,0.695916567266904
4775,0.3575,balanced,1,5,1,OK,0.11055378178189,0,0.217849640879894,0.129094918905657,0.0505054968387837,0.150525211197015,1,0.285,0.279712009803922,0.202076633413972,0.285,5580.17471537658,4743.14850807009,186.144659201015,39.7772498195718,7.06366256507379,2.29569033364898,5.08450428033142,8.25565562292999,20.9715367513782,22.242662821461,0.835656508814533,0.016748772395487,0.0440567316517357,0.385193479687908,0.0233856466374739,16.4713632109134,0.773098996051148,90605.5808037558,45739.1586936278,21586.422110128,22320,960,11217.2516864004,2917.42088628781,3674.19119512132,9728.09419041302,41.588930596016,26.6135074549968,68.2024380510128,0.366394815428801,22.757337178539,22.257337178539,21.9836853962056,0.199065354068583,0.130934645931417,22.6494231638875,4.76,23.8974282180062,1.91374282180062,17.2236853962056,88.8840747684845,799.95667291636,44.4420373842422,199.98916822909,317.760567297332,158.880283648666,5580.17471537658,4743.14850807009,0.85,0.279712009803922,0.196312829918818,0.285,0.285,0.144292026046759,0.278100286972333,0.254385964912281,0.821073029958556
4825,0.365,balanced,1,6,1,OK,0.110611786159661,0,0.194332061959844,0.149211352063189,0.0531203215501658,0.147560676945827,1,0.285,0.282640931372549,0.201395338266847,0.285,5580.17471537658,4743.14850807009,184.21569900204,39.5706133578612,7.0269679658799,2.28376458891097,5.0580910924211,8.21276881012214,20.9517715120381,22.2162942851433,0.831315406677756,0.0168417185910977,0.0440567316517357,0.389226919265792,0.023616207465848,16.4813473894427,0.773098996051148,90605.5808037558,45739.1586936278,21586.422110128,22320,960,11110.6641272659,2874.82782912545,3672.60106532464,9886.74255098475,40.896761829168,26.1698957720409,67.0666576012089,0.364065918184671,22.7837057148567,22.2837057148567,21.9578495746519,0.198904694326548,0.131095305673452,22.620941572537,4.76,23.8687217496132,1.91087217496132,17.1978495746519,88.8840747684845,799.95667291636,44.4420373842422,199.98916822909,324.426872904968,162.213436452484,5580.17471537658,4743.14850807009,0.85,0.282640931372549,0.196396989211935,0.285,0.285,0.135331733125782,0.29139115919093,0.280701754385965,0.858480628774424
4725,0.34,balanced,1,2,1,OK,0.110786559282853,0,0.245680184885949,0.106488238514845,0.0449554991125501,0.15712838250312,1,0.285,0.276783088235294,0.202787375375242,0.285,5580.17471537658,4743.14850807009,188.114443954464,39.9871576085741,7.10093808809308,2.30780487863025,5.11133562378775,8.29922139045878,21.0006175460476,22.2784514519945,0.840066336314583,0.0166426221034816,0.0440567316517357,0.381160040110024,0.0231433151984629,16.469552302314,0.773098996051148,90605.5808037558,45739.1586936278,21586.422110128,22320,960,11379.6766382987,2976.16672696159,3693.21925724919,9393.62898209567,42.3173648002914,27.0806038655902,69.3979686658815,0.368913557125258,22.7215485480055,22.2215485480055,22.0233197095421,0.200085112535944,0.129914887464056,22.6873583018975,4.76,23.9414663439357,1.91814663439357,17.2633197095421,88.8840747684845,799.95667291636,44.4420373842422,199.98916822909,302.205854212847,151.102927106424,5580.17471537658,4743.14850807009,0.85,0.276783088235294,0.196139539214199,0.285,0.285,0.153252318967735,0.228398751411304,0.192982456140351,0.733459767276677
4725,0.33,balanced,1,3,1,OK,0.110821069968743,0,0.248278177834161,0.106593444135176,0.0421484498224042,0.154873599555587,1,0.285,0.276783088235294,0.202787375375242,0.285,5580.17471537658,4743.14850807009,188.114443954464,39.9871576085741,7.10093808809308,2.30780487863025,5.11133562378775,8.29922139045878,21.0107227733947,22.2885566793416,0.840066336314583,0.0166290003558815,0.0440567316517357,0.381160040110024,0.0231296934508627,16.4792516995424,0.773098996051148,90605.5808037558,45739.1586936278,21586.422110128,22320,960,11434.8140016743,2991.72792857956,3711.11382303389,9216.38491804028,42.3361934844044,27.0929243462905,69.4291178306949,0.369079143372431,22.7114433206584,22.2114433206584,22.0372641315451,0.20083622632273,0.12916377367727,22.6974635292446,4.76,23.9569601461613,1.91969601461613,17.2772641315451,88.8840747684845,799.95667291636,44.4420373842422,199.98916822909,293.317446735999,146.658723367999,5580.17471537658,4743.14850807009,0.85,0.276783088235294,0.196033922919508,0.285,0.285,0.153252318967735,0.192269376369795,0.157894736842105,0.683382116142719
4875,0.37,balanced,1,7,1,OK,0.11145063347655,0,0.173198932061592,0.168613638022284,0.0553413864077813,0.149232770384392,1,0.285569852941176,0.285569852941176,0.200742583874175,0.285,5580.17471537658,4743.14850807009,182.326307217404,39.3671641263113,6.99083935650368,2.2720227908637,5.03208531038897,8.17054349791367,20.934554177564,22.1925755051612,0.827041263157801,0.0169316040886,0.0440567316517357,0.393260358843675,0.0238451410818719,16.4922638743643,0.773098996051148,90605.5808037558,45739.1586936278,21586.422110128,22320,960,11018.5123495324,2836.71954470908,3675.14381943173,10001.8628769381,40.227318628361,25.7409174687378,65.9682360970988,0.361814140284424,22.8074244948388,22.3074244948388,21.9356883351208,0.198950156009863,0.131049843990137,22.5951423299923,4.76,23.8440981501342,1.90840981501342,17.1756883351208,88.8840747684845,799.95667291636,44.4420373842422,199.98916822909,328.871076643393,164.435538321696,5580.17471537658,4743.14850807009,0.85,0.285569852941176,0.196470986588301,0.285,0.285569852941176,0.126371440204806,0.29565497264242,0.29565497264242,0.883229714600683
4725,0.3275,balanced,1,3,1,OK,0.111961570129566,0,0.248943884091983,0.110429727575101,0.0414487644516333,0.154918872032335,1,0.285,0.276783088235294,0.202787375375242,0.285,5580.17471537658,4743.14850807009,188.114443954464,39.9871576085741,7.10093808809308,2.30780487863025,5.11133562378775,8.29922139045878,21.0132260364828,22.2910599424298,0.840066336314583,0.0166255692527274,0.0440567316517357,0.381160040110024,0.0231262623477087,16.4816966260779,0.773098996051148,90605.5808037558,45739.1586936278,21586.422110128,22320,960,11448.7350948072,2995.65327224421,3715.63184677698,9171.63785117032,42.3408603085792,27.0959781037994,69.4368384123786,0.369120185312227,22.7089400575702,22.2089400575702,22.040766905122,0.201031774132974,0.128968225867026,22.6999667923328,4.76,23.9608521168022,1.92008521168022,17.280766905122,88.8840747684845,799.95667291636,44.4420373842422,199.98916822909,291.095344866787,145.547672433393,5580.17471537658,4743.14850807009,0.85,0.276783088235294,0.196007319842394,0.285,0.285,0.153252318967735,0.183237032609418,0.149122807017544,0.670855967334977
4750,0.3525,balanced,1,3,1,OK,0.11208924728597,0,0.230541207410612,0.121668113723555,0.050494067923452,0.15623116155544,1,0.285,0.278247549019608,0.202428115870012,0.285,5580.17471537658,4743.14850807009,187.124367933652,39.8817894211887,7.08222675625992,2.30172369578447,5.09786699530785,8.27735252137878,20.9858494537703,22.2603162025972,0.837852718932536,0.016701008828606,0.0440567316517357,0.383176759898966,0.0232696133113703,16.4668297135704,0.773098996051148,90605.5808037558,45739.1586936278,21586.422110128,22320,960,11277.7228821136,2941.27025044941,3677.07011351115,9626.63234863772,41.9502376464777,26.8451825322246,68.7954201787023,0.367645437835734,22.7396837974028,22.2396837974028,21.9998004551791,0.198897107818246,0.131102892181754,22.6681455622219,4.76,23.9153338390879,1.91553338390879,17.2398004551791,88.8840747684845,799.95667291636,44.4420373842422,199.98916822909,313.316363558908,156.658181779454,5580.17471537658,4743.14850807009,0.85,0.278247549019608,0.196265738613275,0.285,0.285,0.148772172507247,0.266857520369963,0.236842105263158,0.796034307824714
4725,0.3425,balanced,1,2,1,OK,0.112134800773135,0,0.2450358549818,0.110271919144605,0.0459702829406704,0.160142186053196,1,0.285,0.276783088235294,0.202787375375242,0.285,5580.17471537658,4743.14850807009,188.114443954464,39.9871576085741,7.10093808809308,2.30780487863025,5.11133562378775,8.29922139045878,20.9987561500158,22.2765900559628,0.840066336314583,0.0166460598076453,0.0440567316517357,0.381160040110024,0.0231467529026266,16.4671062811048,0.773098996051148,90605.5808037558,45739.1586936278,21586.422110128,22320,960,11366.0075861741,2972.38301763643,3688.78303220173,9437.49533845003,42.3138983586303,27.0783356390354,69.3922339976657,0.368883072128491,22.7234099440372,22.2234099440372,22.0201460612235,0.199828378800671,0.130171621199329,22.6854969058658,4.76,23.9379400680261,1.91779400680261,17.2601460612235,88.8840747684845,799.95667291636,44.4420373842422,199.98916822909,304.427956082059,152.21397804103,5580.17471537658,4743.14850807009,0.85,0.276783088235294,0.196166193472278,0.285,0.285,0.153252318967735,0.237431095171681,0.201754385964912,0.745968527693344
4800,0.3625,balanced,1,6,1,OK,0.112305428429754,0,0.205585938692682,0.14463541535455,0.051383152288095,0.152732455239031,1,0.285,0.281176470588235,0.20173221757339,0.285,5580.17471537658,4743.14850807009,185.175155767676,39.6735280007368,7.04524359613528,2.28970416874397,5.07124609797285,8.23412845298311,20.9588771028986,22.2266886273918,0.833477479007075,0.016796762683082,0.0440567316517357,0.38721019947685,0.0235022650557309,16.4754417737465,0.773098996051148,90605.5808037558,45739.1586936278,21586.422110128,22320,960,11157.2222693769,2894.01158285678,3671.26514746419,9828.95480372916,41.2354958294671,26.3869223735614,67.6224182030285,0.365180836072139,22.7733113726082,22.2733113726082,21.968394243541,0.199066880435158,0.130933119564842,22.6323883152296,4.76,23.8804380483789,1.91204380483789,17.208394243541,88.8840747684845,799.95667291636,44.4420373842422,199.98916822909,322.204771035756,161.102385517878,5580.17471537658,4743.14850807009,0.85,0.281176470588235,0.196364859343949,0.285,0.285,0.139811879586271,0.289225941422594,0.271929824561404,0.846053317335416
5325,0.3675,balanced,1,9,1,OK,0.112350236155648,0.00709454510637245,0.070669332491464,0.250172261409166,0.095267596479901,0.103012088304147,1,0.311930147058823,0.311930147058823,0.19601947357548,0.285,5580.17471537658,4743.14850807009,166.918450269454,37.6670522776917,6.68893270192084,2.17390312812427,4.81476948260906,7.81769009536998,20.8671440667187,22.070836437371,0.791324627682599,0.0176864892876678,0.0440567316517357,0.42956131504463,0.0259159662067408,16.5751611040803,0.773098996051148,90605.5808037558,45739.1586936278,21586.422110128,22320,960,10471.0236107061,2590.37278460417,3773.04845985904,10212.7672838105,35.0502912261322,22.4255388743488,57.475830100481,0.34433479347369,22.929163562629,22.429163562629,21.824712569256,0.198881484564536,0.131118515435464,22.4560179959797,4.76,23.7207917436178,1.89607917436178,17.064712569256,88.8840747684845,799.95667291636,44.4420373842422,199.98916822909,326.64897477418,163.32448738709,5580.17471537658,4743.14850807009,0.85,0.311930147058823,0.197302389679089,0.285,0.311930147058823,0.045728803916019,0.178148388237374,0.178148388237374,0.862623157265029
5300,0.37,balanced,1,9,1,OK,0.11329074521002,0,0.0723068711550453,0.253775406756437,0.0923781196951955,0.119470454836798,1,0.31046568627451,0.31046568627451,0.196232250212495,0.285,5580.17471537658,4743.14850807009,167.705801449971,37.755785150421,6.70468992682282,2.17902422621742,4.82611171147718,7.83610635197417,20.866979253007,22.0735071808763,0.793188763664307,0.0176476646015152,0.0440567316517357,0.427544595255688,0.0258009875896969,16.570861629592,0.773098996051148,90605.5808037558,45739.1586936278,21586.422110128,22320,960,10487.9517467305,2599.70866507075,3763.61898145966,10242.6470427004,35.3026927775561,22.5870866536025,57.8897794311586,0.345186504763987,22.9264928191237,22.4264928191237,21.8268058399297,0.198881966333289,0.131118033666711,22.4595961177945,4.76,23.7231175999219,1.89631175999219,17.0668058399297,88.8840747684845,799.95667291636,44.4420373842422,199.98916822909,328.871076643393,164.435538321696,5580.17471537658,4743.14850807009,0.85,0.31046568627451,0.197252955675683,0.285,0.31046568627451,0.0502089503765071,0.191758111628641,0.191758111628641,0.875764034726767
4850,0.3675,balanced,1,1,1,OK,0.113456349703155,0,0.182964530469145,0.157221281217999,0.0774554928363923,0.146791346524259,1,0.285,0.284105392156863,0.2010653081529,0.285,5580.17471537658,4743.14850807009,183.266133543267,39.4684954757306,7.00883382476904,2.27787099304994,5.04503793235733,8.19157453269881,20.9828754539995,22.2441349370889,0.829170073019551,0.0168898831651035,0.0440567316517357,0.391243639054734,0.0237337169133949,16.4847183642745,0.773098996051148,90605.5808037558,45739.1586936278,21586.422110128,22320,960,11063.4081044143,2859.68568026317,3673.55492728065,9943.46136174843,40.6306063463696,26.0002962532734,66.6309025996429,0.36357455309064,22.7558650629111,22.2558650629111,21.9636550339236,0.194404797956748,0.135595202043252,22.6477379716774,4.76,23.8751722599151,1.91151722599151,17.2036550339236,88.8840747684845,799.95667291636,44.4420373842422,199.98916822909,326.64897477418,163.32448738709,5580.17471537658,4743.14850807009,0.85,0.284105392156863,0.196456685171806,0.285,0.285,0.130851586665294,0.293534055126602,0.289473684210527,0.870641356279693
4725,0.325,balanced,1,4,1,OK,0.113687697539503,0,0.249569561133969,0.115790003828964,0.0419159792622827,0.155015646985208,1,0.285,0.276783088235294,0.202787375375242,0.285,5580.17471537658,4743.14850807009,188.114443954464,39.9871576085741,7.10093808809308,2.30780487863025,5.11133562378775,8.29922139045878,21.018564977839,22.2963988837859,0.840066336314583,0.0166223656749874,0.0440567316517357,0.381160040110024,0.0231230587699687,16.4839800781486,0.773098996051148,90605.5808037558,45739.1586936278,21586.422110128,22320,960,11462.6310597255,2999.89403193658,3720.14171527902,9126.64905336408,42.350817115387,27.1024934360343,69.4533105514213,0.369207749768717,22.7036011162141,22.2036011162141,22.0455059544465,0.200914409108294,0.129085590891706,22.7053057336889,4.76,23.9661177271627,1.92061177271627,17.2855059544465,88.8840747684845,799.95667291636,44.4420373842422,199.98916822909,288.873242997575,144.436621498787,5580.17471537658,4743.14850807009,0.85,0.276783088235294,0.195982480884825,0.285,0.285,0.153252318967735,0.174204688849041,0.140350877192983,0.658311490561217
4725,0.345,balanced,1,2,1,OK,0.114035675452891,0,0.244397662387719,0.115579592588302,0.0470029663962194,0.16437535259643,1,0.285,0.276783088235294,0.202787375375242,0.285,5580.17471537658,4743.14850807009,188.114443954464,39.9871576085741,7.10093808809308,2.30780487863025,5.11133562378775,8.29922139045878,20.9969021597029,22.2747360656499,0.840066336314583,0.0166494889878853,0.0440567316517357,0.381160040110024,0.0231501820828666,16.4646670486501,0.773098996051148,90605.5808037558,45739.1586936278,21586.422110128,22320,960,11352.3910631539,2968.61440810714,3684.36385522215,9481.19256051302,42.3104462729741,27.0760768144782,69.3865230874523,0.368852713427196,22.7252639343501,22.2252639343501,22.016985605004,0.199572777133568,0.130427222866432,22.6836429155529,4.76,23.9344284500044,1.91744284500044,17.256985605004,88.8840747684845,799.95667291636,44.4420373842422,199.98916822909,306.650057951271,153.325028975636,5580.17471537658,4743.14850807009,0.85,0.276783088235294,0.196192781640067,0.285,0.285,0.153252318967735,0.246463438932058,0.210526315789474,0.758474481660253
4775,0.36,balanced,1,5,1,OK,0.11566975042681,0,0.217250922857521,0.143546549232976,0.0509304230064867,0.162062359348635,1,0.285,0.279712009803922,0.202076633413972,0.285,5580.17471537658,4743.14850807009,186.144659201015,39.7772498195718,7.06366256507379,2.29569033364898,5.08450428033142,8.25565562292999,20.9684219849265,22.2395480550094,0.835656508814533,0.0167520826286285,0.0440567316517357,0.385193479687908,0.0233889568706154,16.4690320230503,0.773098996051148,90605.5808037558,45739.1586936278,21586.422110128,22320,960,11204.0137039904,2913.63597141377,3669.85511710759,9770.9344001427,41.5832391534166,26.6097835925889,68.1930227460055,0.366344234847828,22.7604519449906,22.2604519449906,21.9800531422231,0.198963576687293,0.131036423312707,22.6463083974359,4.76,23.8933923802479,1.91333923802479,17.2200531422231,88.8840747684845,799.95667291636,44.4420373842422,199.98916822909,319.982669166544,159.991334583272,5580.17471537658,4743.14850807009,0.85,0.279712009803922,0.196338227076634,0.285,0.285,0.144292026046759,0.287038051216894,0.263157894736842,0.833570595803976
4725,0.3225,balanced,1,4,1,OK,0.115709476529303,0,0.250240073363161,0.122674272896763,0.0414006131387867,0.155069766716202,1,0.285,0.276783088235294,0.202787375375242,0.285,5580.17471537658,4743.14850807009,188.114443954464,39.9871576085741,7.10093808809308,2.30780487863025,5.11133562378775,8.29922139045878,21.0215435617667,22.2993774677137,0.840066336314583,0.0166189549152343,0.0440567316517357,0.381160040110024,0.0231196480102156,16.4864119013233,0.773098996051148,90605.5808037558,45739.1586936278,21586.422110128,22320,960,11476.6496451566,3003.90077430531,3724.69137967803,9081.53470480852,42.3563740318552,27.106129687731,69.4625037195862,0.369256619849991,22.7006225322863,22.2006225322863,22.0492366413622,0.201061553229389,0.128938446770611,22.7082843176167,4.76,23.9702629348469,1.92102629348469,17.2892366413622,88.8840747684845,799.95667291636,44.4420373842422,199.98916822909,286.651141128362,143.325570564181,5580.17471537658,4743.14850807009,0.85,0.276783088235294,0.195956035540382,0.285,0.285,0.153252318967735,0.165172345088663,0.131578947368421,0.645777325054835
4750,0.355,balanced,1,4,1,OK,0.115959301433036,0,0.229972395346341,0.133071758423,0.0498357614371046,0.165288275902793,1,0.285,0.278247549019608,0.202428115870012,0.285,5580.17471537658,4743.14850807009,187.124367933652,39.8817894211887,7.08222675625992,2.30172369578447,5.09786699530785,8.27735252137878,20.9804915817287,22.2549583305556,0.837852718932536,0.0167041302694702,0.0440567316517357,0.383176759898966,0.0232727347522345,16.4646211104252,0.773098996051148,90605.5808037558,45739.1586936278,21586.422110128,22320,960,11264.4273470489,2937.20932774549,3672.73514135936,9669.79953447253,41.9403557562314,26.8387166844604,68.7790724406918,0.367558074879263,22.7450416694444,22.2450416694444,21.9951804263688,0.19904184349534,0.13095815650466,22.6627876901803,4.76,23.9102004737431,1.91502004737431,17.2351804263688,88.8840747684845,799.95667291636,44.4420373842422,199.98916822909,315.53846542812,157.76923271406,5580.17471537658,4743.14850807009,0.85,0.278247549019608,0.196289813342607,0.285,0.285,0.148772172507247,0.275842325478969,0.24561403508772,0.808550295885086
5350,0.365,balanced,1,9,1,OK,0.116117739510293,0.0297834430174698,0.06943358708867,0.249203718335182,0.0982237110621728,0.0877729160226462,1,0.313394607843137,0.313394607843137,0.195811792245102,0.285,5580.17471537658,4743.14850807009,166.138457511186,37.5789420932133,6.67328605428872,2.16881796764383,4.80350684851159,7.79940307594994,20.8673488729568,22.0682255850847,0.789473573386835,0.0177253021924583,0.0440567316517357,0.431578034833572,0.026031291413862,16.5792018525731,0.773098996051148,90605.5808037558,45739.1586936278,21586.422110128,22320,960,10454.2806168233,2581.13796229029,3782.48571349459,10182.5550303251,34.8009362039192,22.2659424396399,57.066878643559,0.343489878854309,22.9317744149153,22.4317744149153,21.8226767527945,0.198881340230362,0.131118659769638,22.4525061329656,4.76,23.7185297253272,1.89585297253272,17.0626767527945,88.8840747684845,799.95667291636,44.4420373842422,199.98916822909,324.426872904968,162.213436452484,5580.17471537658,4743.14850807009,0.85,0.313394607843137,0.197354599054612,0.285,0.313394607843137,0.0412486574555308,0.164665858522661,0.164665858522661,0.849462853910976
4725,0.3475,balanced,1,2,1,OK,0.116489134749156,0,0.243765554497824,0.122411258845936,0.0480532938159247,0.16982788058587,1,0.285,0.276783088235294,0.202787375375242,0.285,5580.17471537658,4743.14850807009,188.114443954464,39.9871576085741,7.10093808809308,2.30780487863025,5.11133562378775,8.29922139045878,20.9950555135107,22.2728894194577,0.840066336314583,0.0166529097283222,0.0440567316517357,0.381160040110024,0.0231536028233035,16.4622345394297,0.773098996051148,90605.5808037558,45739.1586936278,21586.422110128,22320,960,11338.8266386728,2964.86077253129,3679.96158657257,9524.72203670139,42.307008421769,27.0738273122783,69.3808357340473,0.368822479951841,22.7271105805423,22.2271105805423,22.0138382292455,0.199318297744614,0.130681702255386,22.6817962693607,4.76,23.9309313658284,1.91709313658284,17.2538382292455,88.8840747684845,799.95667291636,44.4420373842422,199.98916822909,308.872159820484,154.436079910242,5580.17471537658,4743.14850807009,0.85,0.276783088235294,0.196219304369797,0.285,0.285,0.153252318967735,0.255495782692436,0.219298245614035,0.770977637068258
4825,0.3675,balanced,1,7,1,OK,0.11718261014352,0,0.193779606711731,0.168234960832319,0.0521157923380849,0.162735045723234,1,0.285,0.282640931372549,0.201395338266847,0.285,5580.17471537658,4743.14850807009,184.21569900204,39.5706133578612,7.0269679658799,2.28376458891097,5.0580910924211,8.21276881012214,20.9458147121958,22.2103374853011,0.831315406677756,0.0168448085677112,0.0440567316517357,0.389226919265792,0.0236192974424616,16.4791912297128,0.773098996051148,90605.5808037558,45739.1586936278,21586.422110128,22320,960,11097.6852230743,2870.8260396954,3668.31092237596,9929.26705645483,40.8860721656306,26.1629019994387,67.0489741650693,0.363969925084,22.7896625146989,22.2896625146989,21.953044259564,0.199132346366273,0.130867653633727,22.6149847726948,4.76,23.8633825106266,1.91033825106266,17.193044259564,88.8840747684845,799.95667291636,44.4420373842422,199.98916822909,326.64897477418,163.32448738709,5580.17471537658,4743.14850807009,0.85,0.282640931372549,0.196420450820565,0.285,0.285,0.135331733125782,0.300236304116895,0.289473684210527,0.870986439877996
4800,0.365,balanced,1,6,1,OK,0.118504560515187,0,0.204994883747308,0.162135031309742,0.0516920577714323,0.166710915611044,1,0.285,0.281176470588235,0.20173221757339,0.285,5580.17471537658,4743.14850807009,185.175155767676,39.6735280007368,7.04524359613528,2.28970416874397,5.07124609797285,8.23412845298311,20.9555629364794,22.2233744609726,0.833477479007075,0.0168000588550253,0.0440567316517357,0.38721019947685,0.0235055612276742,16.4731314315937,0.773098996051148,90605.5808037558,45739.1586936278,21586.422110128,22320,960,11144.1067871234,2890.24897941745,3666.94952017568,9871.52843681629,41.229495761752,26.3829967048428,67.6124924665948,0.365127234192381,22.7766255390274,22.2766255390274,21.9647016815351,0.198992264536128,0.131007735463872,22.6290741488105,4.76,23.8763352017056,1.91163352017056,17.204701681535,88.8840747684845,799.95667291636,44.4420373842422,199.98916822909,324.426872904968,162.213436452484,5580.17471537658,4743.14850807009,0.85,0.281176470588235,0.196390016904818,0.285,0.285,0.139811879586271,0.298117154811716,0.280701754385965,0.858546609204174
4725,0.35,balanced,1,2,1,OK,0.119495130867491,0,0.24313947954665,0.130766917917507,0.049121013640628,0.176499768497055,1,0.285,0.276783088235294,0.202787375375242,0.285,5580.17471537658,4743.14850807009,188.114443954464,39.9871576085741,7.10093808809308,2.30780487863025,5.11133562378775,8.29922139045878,20.9932161507182,22.2710500566651,0.840066336314583,0.016656322111642,0.0440567316517357,0.381160040110024,0.0231570152066233,16.459808689032,0.773098996051148,90605.5808037558,45739.1586936278,21586.422110128,22320,960,11325.3138882813,2961.12198685913,3675.57608849996,9568.08513570559,42.3035846851973,27.0715870539333,69.3751717391307,0.368792370648177,22.7289499433349,22.2289499433349,22.0107038239032,0.199064930983928,0.130935069016072,22.6799569065681,4.76,23.9274486932258,1.91674486932257,17.2507038239032,88.8840747684845,799.95667291636,44.4420373842422,199.98916822909,311.094261689696,155.547130844848,5580.17471537658,4743.14850807009,0.85,0.276783088235294,0.196245762302573,0.285,0.285,0.153252318967735,0.264528126452813,0.228070175438597,0.783478001733194
5325,0.37,balanced,1,9,1,OK,0.119632449683167,0.00709454510637245,0.0700935561651534,0.270719862992233,0.0954192732606867,0.119470454836798,1,0.311930147058823,0.311930147058823,0.19601947357548,0.285,5580.17471537658,4743.14850807009,166.918450269454,37.6670522776917,6.68893270192084,2.17390312812427,4.81476948260906,7.81769009536998,20.8636052099682,22.0672975806204,0.791324627682599,0.017690157021056,0.0440567316517357,0.42956131504463,0.025919633940129,16.5728156515197,0.773098996051148,90605.5808037558,45739.1586936278,21586.422110128,22320,960,10458.4021296658,2586.90810240502,3768.50053203739,10255.9321281023,35.0448824453682,22.4220011476788,57.466883593047,0.344281195399783,22.9327024193796,22.4327024193796,21.8210352358818,0.198852723764221,0.131147276235779,22.4524791392292,4.76,23.7167058176465,1.89567058176465,17.0610352358818,88.8840747684845,799.95667291636,44.4420373842422,199.98916822909,328.871076643393,164.435538321696,5580.17471537658,4743.14850807009,0.85,0.311930147058823,0.197327623211887,0.285,0.311930147058823,0.045728803916019,0.186163003123343,0.186163003123343,0.875054257369227
4725,0.32,balanced,1,5,1,OK,0.119803923606718,0.00620867959372061,0.25087060603168,0.131082534778499,0.0420306587289425,0.1551749309659,1,0.285,0.276783088235294,0.202787375375242,0.285,5580.17471537658,4743.14850807009,188.114443954464,39.9871576085741,7.10093808809308,2.30780487863025,5.11133562378775,8.29922139045878,21.0273169606937,22.3051508666407,0.840066336314583,0.0166157682598939,0.0440567316517357,0.381160040110024,0.0231164613548752,16.4886845896782,0.773098996051148,90605.5808037558,45739.1586936278,21586.422110128,22320,960,11490.6447109292,3008.21988667965,3729.2334108851,9036.17695446586,42.3671491748381,27.1131806255011,69.4803298003391,0.369351381742689,22.6948491333593,22.1948491333593,22.0541876864622,0.200900664982656,0.129099335017344,22.7140577165437,4.76,23.9757640960692,1.92157640960692,17.2941876864622,88.8840747684845,799.95667291636,44.4420373842422,199.98916822909,284.42903925915,142.214519629575,5580.17471537658,4743.14850807009,0.85,0.276783088235294,0.195931327790732,0.285,0.285,0.153252318967735,0.156140001328286,0.12280701754386,0.633225291780713
4750,0.3575,balanced,1,4,1,OK,0.120547889863735,0,0.229370744248626,0.145999395936382,0.0504180473891697,0.175605537473936,1,0.285,0.278247549019608,0.202428115870012,0.285,5580.17471537658,4743.14850807009,187.124367933652,39.8817894211887,7.08222675625992,2.30172369578447,5.09786699530785,8.27735252137878,20.9776753522286,22.2521421010556,0.837852718932536,0.0167074543725537,0.0440567316517357,0.383176759898966,0.023276058855318,16.4622697631399,0.773098996051148,90605.5808037558,45739.1586936278,21586.422110128,22320,960,11251.1127886565,2933.42611251234,3668.39396670459,9712.74496630183,41.9351634577896,26.8353193243185,68.7704827821081,0.367512171405127,22.7478578989444,22.2478578989444,21.9916612482839,0.198903952768598,0.131096047231402,22.6599714606802,4.76,23.906290275871,1.9146290275871,17.2316612482839,88.8840747684845,799.95667291636,44.4420373842422,199.98916822909,317.760567297332,158.880283648666,5580.17471537658,4743.14850807009,0.85,0.278247549019608,0.196315451144343,0.285,0.285,0.148772172507247,0.284827130587976,0.254385964912281,0.821048714790893
4850,0.37,balanced,1,1,1,OK,0.120981733622857,0,0.182344708564101,0.177768882801066,0.0794266337221484,0.163239876620739,1,0.285,0.284105392156863,0.2010653081529,0.285,5580.17471537658,4743.14850807009,183.266133543267,39.4684954757306,7.00883382476904,2.27787099304994,5.04503793235733,8.19157453269881,20.9818563757033,22.2431158587926,0.829170073019551,0.0168933889342537,0.0440567316517357,0.391243639054734,0.0237372226825451,16.4822837232104,0.773098996051148,90605.5808037558,45739.1586936278,21586.422110128,22320,960,11050.3697914265,2856.20584226466,3669.22561406473,9985.75654710003,40.6287868631382,25.9991057749728,66.627892638111,0.363558129098528,22.7568841412074,22.2568841412074,21.9609601049384,0.194072619941171,0.135927380058829,22.6467188933812,4.76,23.872177894376,1.9112177894376,17.2009601049384,88.8840747684845,799.95667291636,44.4420373842422,199.98916822909,328.871076643393,164.435538321696,5580.17471537658,4743.14850807009,0.85,0.284105392156863,0.196483166605112,0.285,0.285,0.130851586665294,0.302333606522021,0.298245614035088,0.883112972948053
4775,0.3625,balanced,1,6,1,OK,0.121162346105885,0,0.216696281260509,0.159522172374232,0.0500773667460267,0.174781989941346,1,0.285,0.279712009803922,0.202076633413972,0.285,5580.17471537658,4743.14850807009,186.144659201015,39.7772498195718,7.06366256507379,2.29569033364898,5.08450428033142,8.25565562292999,20.9627170568125,22.2338431268954,0.835656508814533,0.0167551698703226,0.0440567316517357,0.385193479687908,0.0233920441123094,16.4668584685684,0.773098996051148,90605.5808037558,45739.1586936278,21586.422110128,22320,960,11190.8947876025,2909.59903851897,3665.55803896138,9813.67535392617,41.5728188883082,26.6029657612321,68.1757846495402,0.366251628932949,22.7661568731046,22.2661568731046,21.9753227510474,0.199155244721103,0.130844755278897,22.6406034693219,4.76,23.8881363900527,1.91281363900527,17.2153227510474,88.8840747684845,799.95667291636,44.4420373842422,199.98916822909,322.204771035756,161.102385517878,5580.17471537658,4743.14850807009,0.85,0.279712009803922,0.19636191337339,0.285,0.285,0.144292026046759,0.295975815461456,0.271929824561404,0.846081013229341
4700,0.335,balanced,1,2,1,OK,0.121541295722832,0,0.259425745019831,0.124603221400543,0.0413293368012395,0.186041077737468,1,0.285,0.27531862745098,0.203153928219664,0.285,5580.17471537658,4743.14850807009,189.115052698903,40.0933653855682,7.1197985146403,2.3139345172581,5.12491157233071,8.32126451398585,21.0065299355623,22.287757828645,0.842297592133785,0.0165943386008713,0.0440567316517357,0.379143320321082,0.023027478679509,16.4648212510761,0.773098996051148,90605.5808037558,45739.1586936278,21586.422110128,22320,960,11441.7482433618,2999.81078521843,3696.16710007309,9290.36165596324,42.6729300773706,27.3083963312672,69.9813264086378,0.370046304669663,22.712242171355,22.212242171355,22.0361199980472,0.200899088297177,0.129100911702823,22.6977507544315,4.76,23.9556888867191,1.91956888867191,17.2761199980472,88.8840747684845,799.95667291636,44.4420373842422,199.98916822909,297.761650474423,148.880825237211,5580.17471537658,4743.14850807009,0.85,0.27531862745098,0.196094526263658,0.285,0.285,0.157732465428223,0.216772011038903,0.175438596491228,0.7083597710911
4700,0.3375,balanced,1,2,1,OK,0.121781893665349,0,0.258777594279116,0.125338916402429,0.0422792915849072,0.186612736237944,1,0.285,0.27531862745098,0.203153928219664,0.285,5580.17471537658,4743.14850807009,189.115052698903,40.0933653855682,7.1197985146403,2.3139345172581,5.12491157233071,8.32126451398585,21.0046515003987,22.2858793934814,0.842297592133785,0.0165977738361757,0.0440567316517357,0.379143320321082,0.0230309139148135,16.4623653982405,0.773098996051148,90605.5808037558,45739.1586936278,21586.422110128,22320,960,11427.9537812159,2995.98167103838,3691.71090718524,9334.51771711523,42.6694010685315,27.3060871220556,69.9754881905872,0.370015433419769,22.7141206065186,22.2141206065186,22.0329152466765,0.200640290425567,0.129359709574433,22.6958723192678,4.76,23.9521280518628,1.91921280518628,17.2729152466765,88.8840747684845,799.95667291636,44.4420373842422,199.98916822909,299.983752343635,149.991876171818,5580.17471537658,4743.14850807009,0.85,0.27531862745098,0.19612130305557,0.285,0.285,0.157732465428223,0.225852399180985,0.18421052631579,0.720873738557462
4700,0.3325,balanced,1,3,1,OK,0.121941416183733,0,0.260037420959206,0.125391519212594,0.04149758446638,0.186131479487039,1,0.285,0.27531862745098,0.203153928219664,0.285,5580.17471537658,4743.14850807009,189.115052698903,40.0933653855682,7.1197985146403,2.3139345172581,5.12491157233071,8.32126451398585,21.0110889723745,22.2923168654572,0.842297592133785,0.0165911187565837,0.0440567316517357,0.379143320321082,0.0230242588352214,16.4671237860255,0.773098996051148,90605.5808037558,45739.1586936278,21586.422110128,22320,960,11455.5206518553,3003.93869563515,3700.61616870139,9245.97127056774,42.6814975502367,27.3140024984392,69.9955000486758,0.370121251850418,22.7076831345428,22.2076831345428,22.0404927749865,0.200862744280254,0.129137255719746,22.7023097912436,4.76,23.9605475277627,1.92005475277627,17.2804927749865,88.8840747684845,799.95667291636,44.4420373842422,199.98916822909,295.539548605211,147.769774302605,5580.17471537658,4743.14850807009,0.85,0.27531862745098,0.196069428390342,0.285,0.285,0.157732465428223,0.207691622896822,0.166666666666667,0.695827864291248
4700,0.34,balanced,1,2,1,OK,0.122575226916127,0,0.258135641012037,0.127598604218251,0.0432477596650791,0.188403775390163,1,0.285,0.27531862745098,0.203153928219664,0.285,5580.17471537658,4743.14850807009,189.115052698903,40.0933653855682,7.1197985146403,2.3139345172581,5.12491157233071,8.32126451398585,21.0027805978369,22.2840084909196,0.842297592133785,0.016601200426559,0.0440567316517357,0.379143320321082,0.0230343405051967,16.4599164554133,0.773098996051148,90605.5808037558,45739.1586936278,21586.422110128,22320,960,11414.2127464753,2992.16795898848,3687.27197360191,9378.50218562288,42.6658867912993,27.3037875610242,69.9696743523235,0.36998469108498,22.7159915090804,22.2159915090804,22.0297239218626,0.200382642613803,0.129617357386197,22.6940014167061,4.76,23.9485821354029,1.91885821354029,17.2697239218626,88.8840747684845,799.95667291636,44.4420373842422,199.98916822909,302.205854212847,151.102927106424,5580.17471537658,4743.14850807009,0.85,0.27531862745098,0.196148012462504,0.285,0.285,0.157732465428223,0.234932787323066,0.192982456140351,0.733384884871032
4700,0.33,balanced,1,3,1,OK,0.122652987428102,0,0.2606881291893,0.127703809838582,0.0408047364826802,0.186181065602916,1,0.285,0.27531862745098,0.203153928219664,0.285,5580.17471537658,4743.14850807009,189.115052698903,40.0933653855682,7.1197985146403,2.3139345172581,5.12491157233071,8.32126451398585,21.0135848844981,22.2948127775807,0.842297592133785,0.0165877165133471,0.0440567316517357,0.379143320321082,0.0230208565919848,16.4695574556982,0.773098996051148,90605.5808037558,45739.1586936278,21586.422110128,22320,960,11469.405975003,3007.86328133295,3705.1017135238,9201.45411342026,42.6861893973527,27.3170726526917,70.0032620500444,0.37016229565554,22.7051872224193,22.2051872224193,22.0439855934086,0.201057265938721,0.128942734061279,22.7048057033672,4.76,23.9644284371207,1.92044284371207,17.2839855934086,88.8840747684845,799.95667291636,44.4420373842422,199.98916822909,293.317446735999,146.658723367999,5580.17471537658,4743.14850807009,0.85,0.27531862745098,0.19604290876327,0.285,0.285,0.157732465428223,0.198611234754741,0.157894736842105,0.683304956459759
5350,0.3675,balanced,1,9,1,OK,0.122851666783119,0.0297834430174698,0.0688581353585041,0.268227327104312,0.0983773396661685,0.103012088304147,1,0.313394607843137,0.313394607843137,0.195811792245102,0.285,5580.17471537658,4743.14850807009,166.138457511186,37.5789420932133,6.67328605428872,2.16881796764383,4.80350684851159,7.79940307594994,20.8638003805088,22.0646770926367,0.789473573386835,0.0177289978272858,0.0440567316517357,0.431578034833572,0.0260349870486895,16.576848454983,0.773098996051148,90605.5808037558,45739.1586936278,21586.422110128,22320,960,10441.6302805044,2577.67263706755,3777.908668153,10225.9227406739,34.7955518951915,22.2624207373261,57.0579726325176,0.343436272897116,22.9353229073633,22.4353229073633,21.8189894947473,0.1988524518362,0.1311475481638,22.4489576405177,4.76,23.7144327719415,1.89544327719415,17.0589894947473,88.8840747684845,799.95667291636,44.4420373842422,199.98916822909,326.64897477418,163.32448738709,5580.17471537658,4743.14850807009,0.85,0.313394607843137,0.197379905735009,0.285,0.313394607843137,0.0412486574555308,0.172643021937199,0.172643021937199,0.861891658279458
4725,0.3525,balanced,1,3,1,OK,0.122871132905624,0,0.242560763607254,0.140646569803015,0.0488663244646792,0.184342246699839,1,0.285,0.276783088235294,0.202787375375242,0.285,5580.17471537658,4743.14850807009,188.114443954464,39.9871576085741,7.10093808809308,2.30780487863025,5.11133562378775,8.29922139045878,20.9886530263849,22.2664869323318,0.840066336314583,0.016659498308762,0.0440567316517357,0.381160040110024,0.0231601914037433,16.4575513848482,0.773098996051148,90605.5808037558,45739.1586936278,21586.422110128,22320,960,11311.9277339961,2957.11298887092,3671.23167658404,9611.34722106252,42.2950934099558,27.0660309811143,69.3611243910701,0.368717696169359,22.7335130676682,22.2335130676682,22.0064089776108,0.199117417860297,0.130882582139703,22.6753937822348,4.76,23.9226766417898,1.91626766417898,17.2464089776108,88.8840747684845,799.95667291636,44.4420373842422,199.98916822909,313.316363558908,156.658181779454,5580.17471537658,4743.14850807009,0.85,0.276783088235294,0.196270388964354,0.285,0.285,0.153252318967735,0.27356047021319,0.236842105263158,0.79599175331547
4700,0.3425,balanced,1,2,1,OK,0.123921245357751,0,0.257499831305286,0.131382284848011,0.0442344765450283,0.191414193707349,1,0.285,0.27531862745098,0.203153928219664,0.285,5580.17471537658,4743.14850807009,189.115052698903,40.0933653855682,7.1197985146403,2.3139345172581,5.12491157233071,8.32126451398585,21.0009171644849,22.2821450575676,0.842297592133785,0.0166046184586116,0.0440567316517357,0.379143320321082,0.0230377585372494,16.4574743548966,0.773098996051148,90605.5808037558,45739.1586936278,21586.422110128,22320,960,11400.5246959732,2988.36951919514,3682.85015616161,9422.31648692002,42.6623871194931,27.3014975654999,69.963884684993,0.369954076560923,22.7178549424324,22.2178549424324,22.0265459086714,0.200126134804711,0.129873865195289,22.6921379833541,4.76,23.9450510096349,1.91850510096349,17.2665459086714,88.8840747684845,799.95667291636,44.4420373842422,199.98916822909,304.427956082059,152.21397804103,5580.17471537658,4743.14850807009,0.85,0.27531862745098,0.196174655159412,0.285,0.285,0.157732465428223,0.244013175465147,0.201754385964912,0.745893218069805
4700,0.3275,balanced,1,4,1,OK,0.12395370830533,0,0.261298184618045,0.131540093278508,0.0413004962032908,0.186288484105559,1,0.285,0.27531862745098,0.203153928219664,0.285,5580.17471537658,4743.14850807009,189.115052698903,40.0933653855682,7.1197985146403,2.3139345172581,5.12491157233071,8.32126451398585,21.0189802902008,22.3002081832835,0.842297592133785,0.0165845480102466,0.0440567316517357,0.379143320321082,0.0230176880888843,16.4718245749527,0.773098996051148,90605.5808037558,45739.1586936278,21586.422110128,22320,960,11483.2634078175,3012.11116363732,3709.57824859266,9156.69519470364,42.6963352749697,27.3237117550216,70.0200470299913,0.370251051043899,22.6997918167165,22.1997918167165,22.048742802806,0.200932737681727,0.129067262318273,22.71020110907,4.76,23.96971422534,1.920971422534,17.288742802806,88.8840747684845,799.95667291636,44.4420373842422,199.98916822909,291.095344866787,145.547672433393,5580.17471537658,4743.14850807009,0.85,0.27531862745098,0.196018211081546,0.285,0.285,0.157732465428223,0.189530846612659,0.149122807017544,0.670763130593803
4825,0.37,balanced,1,7,1,OK,0.124469172455669,0,0.193195723822027,0.188782562415386,0.0523391251547952,0.179156037404026,1,0.285,0.282640931372549,0.201395338266847,0.285,5580.17471537658,4743.14850807009,184.21569900204,39.5706133578612,7.0269679658799,2.28376458891097,5.0580910924211,8.21276881012214,20.9423655842886,22.2068883573939,0.831315406677756,0.0168480962448986,0.0440567316517357,0.389226919265792,0.0236225851196489,16.4768977355505,0.773098996051148,90605.5808037558,45739.1586936278,21586.422110128,22320,960,11084.6887869051,2867.09197259049,3664.01498427776,9971.57587630389,40.8798851519953,26.1588541483865,67.0387393003818,0.363914365950099,22.7931116426061,22.2931116426061,21.9493189571199,0.199077745819978,0.130922254180022,22.6115356447875,4.76,23.8592432856888,1.90992432856888,17.1893189571199,88.8840747684845,799.95667291636,44.4420373842422,199.98916822909,328.871076643393,164.435538321696,5580.17471537658,4743.14850807009,0.85,0.282640931372549,0.196445413532301,0.285,0.285,0.135331733125782,0.30908144904286,0.298245614035088,0.883474871451569
4800,0.3675,balanced,1,6,1,OK,0.125253722490709,0,0.204409217984072,0.181158640078873,0.0520014738048464,0.181908846197686,1,0.285,0.281176470588235,0.20173221757339,0.285,5580.17471537658,4743.14850807009,185.175155767676,39.6735280007368,7.04524359613528,2.28970416874397,5.07124609797285,8.23412845298311,20.9522625989804,22.2200741234736,0.833477479007075,0.016803347700447,0.0440567316517357,0.38721019947685,0.0235088500730959,16.4708268704296,0.773098996051148,90605.5808037558,45739.1586936278,21586.422110128,22320,960,11131.0397252188,2886.5013815442,3662.64982552125,9913.9437799681,41.2235224652775,26.3790885772375,67.602611042515,0.365073871612293,22.7799258765264,22.2799258765264,21.9610249674174,0.198918046757827,0.131081953242173,22.6257738113114,4.76,23.8722499637971,1.91122499637971,17.2010249674174,88.8840747684845,799.95667291636,44.4420373842422,199.98916822909,326.64897477418,163.32448738709,5580.17471537658,4743.14850807009,0.85,0.281176470588235,0.196415118547059,0.285,0.285,0.139811879586271,0.307008368200837,0.289473684210527,0.871037233378504
4750,0.36,balanced,1,5,1,OK,0.125497136045448,0,0.228816797252567,0.160451026263701,0.049607927701346,0.187097074728067,1,0.285,0.278247549019608,0.202428115870012,0.285,5580.17471537658,4743.14850807009,187.124367933652,39.8817894211887,7.08222675625992,2.30172369578447,5.09786699530785,8.27735252137878,20.972041420367,22.246508169194,0.837852718932536,0.0167105357226177,0.0440567316517357,0.383176759898966,0.023279140205382,16.4600907300854,0.773098996051148,90605.5808037558,45739.1586936278,21586.422110128,22320,960,11237.924733081,2929.36559870243,3664.09403794072,9755.59561296521,41.9247800030089,26.828525408033,68.7533054110419,0.367420374856896,22.753491830806,22.253491830806,21.986944644462,0.199083896270575,0.130916103729425,22.6543375288186,4.76,23.9010496049578,1.91410496049578,17.226944644462,88.8840747684845,799.95667291636,44.4420373842422,199.98916822909,319.982669166544,159.991334583272,5580.17471537658,4743.14850807009,0.85,0.278247549019608,0.196339216665458,0.285,0.285,0.148772172507247,0.293811935696983,0.263157894736842,0.833561354242357
4700,0.325,balanced,1,4,1,OK,0.125546390550806,0,0.26195358176854,0.13690036953237,0.0407903783188247,0.186347744926571,1,0.285,0.27531862745098,0.203153928219664,0.285,5580.17471537658,4743.14850807009,189.115052698903,40.0933653855682,7.1197985146403,2.3139345172581,5.12491157233071,8.32126451398585,21.0219501384712,22.3031780315539,0.842297592133785,0.0165811664175532,0.0440567316517357,0.379143320321082,0.023014306496191,16.4742448521676,0.773098996051148,90605.5808037558,45739.1586936278,21586.422110128,22320,960,11497.2452637989,3016.11703075667,3714.09497759047,9111.81455053467,42.7019220323424,27.3273675611641,70.0292895935065,0.370299923745375,22.6968219684461,22.1968219684461,22.052462868723,0.201079124138539,0.128920875861461,22.7131709573404,4.76,23.9738476319144,1.92138476319144,17.292462868723,88.8840747684845,799.95667291636,44.4420373842422,199.98916822909,288.873242997575,144.436621498787,5580.17471537658,4743.14850807009,0.85,0.27531862745098,0.195991852420243,0.285,0.285,0.157732465428223,0.180450458470578,0.140350877192983,0.658232196832034
4700,0.345,balanced,1,2,1,OK,0.125819899661288,0,0.256870112119823,0.136689958291708,0.0452391820105569,0.195643989493744,1,0.285,0.27531862745098,0.203153928219664,0.285,5580.17471537658,4743.14850807009,189.115052698903,40.0933653855682,7.1197985146403,2.3139345172581,5.12491157233071,8.32126451398585,20.9990611378659,22.2802890309486,0.842297592133785,0.0166080280174257,0.0440567316517357,0.379143320321082,0.0230411680960635,16.4550390301548,0.773098996051148,90605.5808037558,45739.1586936278,21586.422110128,22320,960,11386.8891929279,2984.58622366098,3678.44531376541,9465.9620258987,42.6589019287601,27.2992170540076,69.9581189827677,0.369923588759222,22.7197109690514,22.2197109690514,22.0233810938318,0.199870757087039,0.130129242912961,22.690281956735,4.76,23.941534548702,1.9181534548702,17.2633810938318,88.8840747684845,799.95667291636,44.4420373842422,199.98916822909,306.650057951271,153.325028975636,5580.17471537658,4743.14850807009,0.85,0.27531862745098,0.196201231809565,0.285,0.285,0.157732465428223,0.253093563607229,0.210526315789474,0.7583987461142
4725,0.355,balanced,1,3,1,OK,0.126939472956911,0,0.241954988297116,0.15205021450246,0.0496568222329937,0.193442605922951,1,0.285,0.276783088235294,0.202787375375242,0.285,5580.17471537658,4743.14850807009,188.114443954464,39.9871576085741,7.10093808809308,2.30780487863025,5.11133562378775,8.29922139045878,20.9862503354802,22.2640842414271,0.840066336314583,0.0166628460596819,0.0440567316517357,0.381160040110024,0.0231635391546632,16.4551728285135,0.773098996051148,90605.5808037558,45739.1586936278,21586.422110128,22320,960,11298.5327879054,2953.34370000517,3666.88441133,9654.39537807771,42.2906237401468,27.0631063744927,69.3537301146395,0.368678388839867,22.7359157585729,22.2359157585729,22.0030527303368,0.198930860678467,0.131069139321533,22.6729910913301,4.76,23.918947478152,1.9158947478152,17.2430527303368,88.8840747684845,799.95667291636,44.4420373842422,199.98916822909,315.53846542812,157.76923271406,5580.17471537658,4743.14850807009,0.85,0.276783088235294,0.196296345769464,0.285,0.285,0.153252318967735,0.282592813973567,0.24561403508772,0.80849011023833
4775,0.365,balanced,1,6,1,OK,0.127361896801411,0,0.216111634297381,0.177021788329425,0.0503822476633852,0.188754891649266,1,0.285,0.279712009803922,0.202076633413972,0.285,5580.17471537658,4743.14850807009,186.144659201015,39.7772498195718,7.06366256507379,2.29569033364898,5.08450428033142,8.25565562292999,20.9593974486966,22.2305235187795,0.835656508814533,0.0167584461121465,0.0440567316517357,0.385193479687908,0.0233953203541333,16.464552477045,0.773098996051148,90605.5808037558,45739.1586936278,21586.422110128,22320,960,11177.7609341325,2905.82097306541,3661.25606820004,9856.20150832383,41.5667579027999,26.5990001798623,68.1657580826623,0.366197764551768,22.7694764812205,22.2694764812205,21.9716234286189,0.199080564026251,0.130919435973749,22.637283861206,4.76,23.8840260317987,1.91240260317987,17.2116234286189,88.8840747684845,799.95667291636,44.4420373842422,199.98916822909,324.426872904968,162.213436452484,5580.17471537658,4743.14850807009,0.85,0.279712009803922,0.196387049739045,0.285,0.285,0.144292026046759,0.304913579706018,0.280701754385965,0.85857468954804
4700,0.3225,balanced,1,5,1,OK,0.127724307661203,0,0.262568644596753,0.143784638600169,0.0414409819701106,0.18646396674119,1,0.285,0.27531862745098,0.203153928219664,0.285,5580.17471537658,4743.14850807009,189.115052698903,40.0933653855682,7.1197985146403,2.3139345172581,5.12491157233071,8.32126451398585,21.0277608383297,22.3089887314123,0.842297592133785,0.0165780136510799,0.0440567316517357,0.379143320321082,0.0230111537297176,16.4765019943976,0.773098996051148,90605.5808037558,45739.1586936278,21586.422110128,22320,960,11511.2013297788,3020.4412537512,3718.60337533042,9066.69094538526,42.7128571136118,27.334523212112,70.0473803257238,0.370395583672806,22.6910112685877,22.1910112685877,22.0574237256703,0.200913298270303,0.129086701729697,22.7189816571988,4.76,23.9793596951892,1.92193596951892,17.2974237256703,88.8840747684845,799.95667291636,44.4420373842422,199.98916822909,286.651141128362,143.325570564181,5580.17471537658,4743.14850807009,0.85,0.27531862745098,0.195967277401555,0.285,0.285,0.157732465428223,0.171370070328496,0.131578947368421,0.645682913373173
4700,0.3475,balanced,1,2,1,OK,0.128271141292144,0,0.25624643127023,0.143521624549342,0.0462616200402537,0.201093161078376,1,0.285,0.27531862745098,0.203153928219664,0.285,5580.17471537658,4743.14850807009,189.115052698903,40.0933653855682,7.1197985146403,2.3139345172581,5.12491157233071,8.32126451398585,20.9972124563987,22.2784403494814,0.842297592133785,0.0166114291866317,0.0440567316517357,0.379143320321082,0.0230445692652695,16.4526104157863,0.773098996051148,90605.5808037558,45739.1586936278,21586.422110128,22320,960,11373.3058068055,2980.8179462247,3674.05730733273,9509.44018734956,42.6554310965365,27.2969459462442,69.9523770427807,0.369893226607162,22.7215596505186,22.2215596505186,22.0202293657002,0.199616499692361,0.130383500307639,22.6884332752678,4.76,23.9380326285558,1.91780326285558,17.2602293657002,88.8840747684845,799.95667291636,44.4420373842422,199.98916822909,308.872159820484,154.436079910242,5580.17471537658,4743.14850807009,0.85,0.27531862745098,0.19622774306484,0.285,0.285,0.157732465428223,0.26217395174931,0.219298245614035,0.770901476888384
5350,0.37,balanced,1,9,1,OK,0.130135553097849,0.0297834430174698,0.0682883846642074,0.288774928687379,0.0985306352721469,0.119470454836798,1,0.313394607843137,0.313394607843137,0.195811792245102,0.285,5580.17471537658,4743.14850807009,166.138457511186,37.5789420932133,6.67328605428872,2.16881796764383,4.80350684851159,7.79940307594994,20.8602673687263,22.0611440808542,0.789473573386835,0.0177326853006739,0.0440567316517357,0.431578034833572,0.0260386745220776,16.5745009204538,0.773098996051148,90605.5808037558,45739.1586936278,21586.422110128,22320,960,10429.0274038698,2574.22144319618,3773.34879430164,10269.1266197306,34.7901927310179,22.2589155053724,57.0491082363903,0.343382917423254,22.9388559191458,22.4388559191458,21.8153185801253,0.198823743052413,0.131176256947587,22.4454246287351,4.76,23.710353977917,1.8950353977917,17.0553185801253,88.8840747684845,799.95667291636,44.4420373842422,199.98916822909,328.871076643393,164.435538321696,5580.17471537658,4743.14850807009,0.85,0.313394607843137,0.197405156528138,0.285,0.313394607843137,0.0412486574555308,0.180620185351738,0.180620185351738,0.874317806623562
4750,0.3625,balanced,1,5,1,OK,0.131163637181398,0,0.228230611678432,0.176426649404957,0.0500285339415316,0.199848337933715,1,0.285,0.278247549019608,0.202428115870012,0.285,5580.17471537658,4743.14850807009,187.124367933652,39.8817894211887,7.08222675625992,2.30172369578447,5.09786699530785,8.27735252137878,20.9689347582296,22.2434015070566,0.837852718932536,0.0167138185641597,0.0440567316517357,0.383176759898966,0.023282423046924,16.457769843229,0.773098996051148,90605.5808037558,45739.1586936278,21586.422110128,22320,960,11224.7175780312,2925.58041576429,3659.78788184646,9798.22710619281,41.9190565585893,26.8247805786461,68.7438371372355,0.367369776028368,22.7565984929434,22.2565984929434,21.983321552848,0.198982593220279,0.131017406779721,22.6512308666812,4.76,23.8970239476089,1.91370239476089,17.223321552848,88.8840747684845,799.95667291636,44.4420373842422,199.98916822909,322.204771035756,161.102385517878,5580.17471537658,4743.14850807009,0.85,0.278247549019608,0.196364536229403,0.285,0.285,0.148772172507247,0.30279674080599,0.271929824561404,0.846056354985145
4700,0.35,balanced,1,2,1,OK,0.131274922492992,0,0.255628737404703,0.151877283620913,0.0473015387182358,0.207761706814542,1,0.285,0.27531862745098,0.203153928219664,0.285,5580.17471537658,4743.14850807009,189.115052698903,40.0933653855682,7.1197985146403,2.3139345172581,5.12491157233071,8.32126451398585,20.9953710593788,22.2765989524615,0.842297592133785,0.0166148220484336,0.0440567316517357,0.379143320321082,0.0230479621270714,16.4501884474963,0.773098996051148,90605.5808037558,45739.1586936278,21586.422110128,22320,960,11359.7741131873,2977.06456252209,3669.68599975839,9552.75233638945,42.6519745020092,27.2946841630541,69.9466586650632,0.369862989047349,22.7234010475385,22.2234010475385,22.0170906142265,0.199363352992059,0.130636647007941,22.686591878248,4.76,23.9345451269183,1.91745451269183,17.2570906142265,88.8840747684845,799.95667291636,44.4420373842422,199.98916822909,311.094261689696,155.547130844848,5580.17471537658,4743.14850807009,0.85,0.27531862745098,0.196254189565998,0.285,0.285,0.157732465428223,0.271254339891392,0.228070175438597,0.783401418201563
4725,0.3575,balanced,1,4,1,OK,0.131365014831921,0,0.241398034817788,0.164977852015842,0.0490327163731414,0.20371107618976,1,0.285,0.276783088235294,0.202787375375242,0.285,5580.17471537658,4743.14850807009,188.114443954464,39.9871576085741,7.10093808809308,2.30780487863025,5.11133562378775,8.29922139045878,20.9809709855255,22.2588048914724,0.840066336314583,0.0166659452131077,0.0440567316517357,0.381160040110024,0.023166638308089,16.4529715119235,0.773098996051148,90605.5808037558,45739.1586936278,21586.422110128,22320,960,11285.2673296447,2949.28901182316,3662.57917072765,9697.34922885714,42.2808060062299,27.0566824566809,69.3374884629108,0.368592049633864,22.7411951085276,22.2411951085276,21.9984717523738,0.199067492675089,0.130932507324911,22.6677117413754,4.76,23.9138575026375,1.91538575026375,17.2384717523738,88.8840747684845,799.95667291636,44.4420373842422,199.98916822909,317.760567297332,158.880283648666,5580.17471537658,4743.14850807009,0.85,0.276783088235294,0.19632037507254,0.285,0.285,0.153252318967735,0.291625157733945,0.254385964912281,0.821003040911591
4700,0.32,balanced,1,5,1,OK,0.131681528515458,0.00620867959372061,0.263230425222868,0.152192900481906,0.0410646018570191,0.186530869645605,1,0.285,0.27531862745098,0.203153928219664,0.285,5580.17471537658,4743.14850807009,189.115052698903,40.0933653855682,7.1197985146403,2.3139345172581,5.12491157233071,8.32126451398585,21.0310975494986,22.3123254425813,0.842297592133785,0.0165746433915744,0.0440567316517357,0.379143320321082,0.0230077834702122,16.4789155292579,0.773098996051148,90605.5808037558,45739.1586936278,21586.422110128,22320,960,11525.2844986633,3024.51792741042,3723.15283266757,9021.44331494664,42.7191389591588,27.3386339362289,70.0577728953877,0.370450537361133,22.6876745574187,22.1876745574187,22.0613257018186,0.201023595779118,0.128976404220882,22.7223183683678,4.76,23.9836952242429,1.92236952242429,17.3013257018186,88.8840747684845,799.95667291636,44.4420373842422,199.98916822909,284.42903925915,142.214519629575,5580.17471537658,4743.14850807009,0.85,0.27531862745098,0.195941007079592,0.285,0.285,0.157732465428223,0.162289682186415,0.12280701754386,0.63314461209243
4800,0.37,balanced,1,7,1,OK,0.132376527543571,0,0.203867214950827,0.201706241661939,0.0510093164178787,0.198293439915261,1,0.285,0.281176470588235,0.20173221757339,0.285,5580.17471537658,4743.14850807009,185.175155767676,39.6735280007368,7.04524359613528,2.28970416874397,5.07124609797285,8.23412845298311,20.9463384247668,22.21414994926,0.833477479007075,0.0168064119126198,0.0440567316517357,0.38721019947685,0.0235119142852687,16.4686802945456,0.773098996051148,90605.5808037558,45739.1586936278,21586.422110128,22320,960,11118.0902580603,2882.50057592258,3658.38882521941,9956.26434723451,41.2128046150223,26.3720763108904,67.5848809259127,0.364978123797049,22.78585005074,22.28585005074,21.9562384693352,0.199142385334455,0.130857614665545,22.6198496370979,4.76,23.8669316325946,1.91069316325947,17.1962384693352,88.8840747684845,799.95667291636,44.4420373842422,199.98916822909,328.871076643393,164.435538321696,5580.17471537658,4743.14850807009,0.85,0.281176470588235,0.196438505708159,0.285,0.285,0.139811879586271,0.315899581589958,0.298245614035088,0.883541104459911
4775,0.3675,balanced,1,6,1,OK,0.134111474043181,0,0.215532336557897,0.196045397098555,0.0506876647919822,0.203947290108124,1,0.285,0.279712009803922,0.202076633413972,0.285,5580.17471537658,4743.14850807009,186.144659201015,39.7772498195718,7.06366256507379,2.29569033364898,5.08450428033142,8.25565562292999,20.9560916811072,22.22721775119,0.835656508814533,0.0167617150771798,0.0440567316517357,0.385193479687908,0.0233985893191666,16.4622522509245,0.773098996051148,90605.5808037558,45739.1586936278,21586.422110128,22320,960,11164.6755170891,2902.05796261865,3656.96996270563,9898.56970837664,41.5607239435072,26.5950523069956,68.1557762505029,0.366144140492919,22.77278224881,22.27278224881,21.9679399712321,0.199006281504971,0.130993718495029,22.6339780936166,4.76,23.8799333013689,1.91199333013689,17.2079399712321,88.8840747684845,799.95667291636,44.4420373842422,199.98916822909,326.64897477418,163.32448738709,5580.17471537658,4743.14850807009,0.85,0.279712009803922,0.196412130274855,0.285,0.285,0.144292026046759,0.31385134395058,0.289473684210527,0.871065699892
4700,0.3525,balanced,1,2,1,OK,0.134831196267169,0,0.255016979985655,0.161756935506421,0.0483586901491745,0.215649625079294,1,0.285,0.27531862745098,0.203153928219664,0.285,5580.17471537658,4743.14850807009,189.115052698903,40.0933653855682,7.1197985146403,2.3139345172581,5.12491157233071,8.32126451398585,20.9935368869599,22.2747647800426,0.842297592133785,0.0166182066836435,0.0440567316517357,0.379143320321082,0.0230513467622812,16.44777306207,0.773098996051148,90605.5808037558,45739.1586936278,21586.422110128,22320,960,11346.2936936403,2973.32594994815,3665.3312558709,9595.89981887701,42.6485320260793,27.2924316264046,69.940963652484,0.369832875037396,22.7252352199574,22.2252352199574,22.0139647309198,0.199111307494396,0.130888692505604,22.684757705829,4.76,23.9310719232443,1.91710719232443,17.2539647309198,88.8840747684845,799.95667291636,44.4420373842422,199.98916822909,313.316363558908,156.658181779454,5580.17471537658,4743.14850807009,0.85,0.27531862745098,0.196280571942948,0.285,0.285,0.157732465428223,0.280334728033473,0.236842105263158,0.795898577789245
4725,0.36,balanced,1,4,1,OK,0.136504165855249,0,0.240809636798652,0.179429482343161,0.0496094050035389,0.215242812669925,1,0.285,0.276783088235294,0.202787375375242,0.285,5580.17471537658,4743.14850807009,188.114443954464,39.9871576085741,7.10093808809308,2.30780487863025,5.11133562378775,8.29922139045878,20.9781622384601,22.2559961444071,0.840066336314583,0.0166692418613548,0.0440567316517357,0.381160040110024,0.0231699349563361,16.4506305619037,0.773098996051148,90605.5808037558,45739.1586936278,21586.422110128,22320,960,11271.9839940787,2945.50561088537,3658.26812813196,9740.08421517265,42.275584582133,27.053266013403,69.328850595536,0.368546131483226,22.7440038555929,22.2440038555929,21.9949616061828,0.198930268439147,0.131069731560853,22.6649029943101,4.76,23.9099573402031,1.91499573402031,17.2349616061828,88.8840747684845,799.95667291636,44.4420373842422,199.98916822909,319.982669166544,159.991334583272,5580.17471537658,4743.14850807009,0.85,0.276783088235294,0.196345935652797,0.285,0.285,0.153252318967735,0.300657501494322,0.263157894736842,0.83349860949807
4750,0.365,balanced,1,5,1,OK,0.137380327603835,0,0.227649841993409,0.19392626536015,0.0504507264330556,0.213819095239468,1,0.285,0.278247549019608,0.202428115870012,0.285,5580.17471537658,4743.14850807009,187.124367933652,39.8817894211887,7.08222675625992,2.30172369578447,5.09786699530785,8.27735252137878,20.965840883458,22.2403076322849,0.837852718932536,0.0167170940017545,0.0440567316517357,0.383176759898966,0.0232856984845189,16.4554548429679,0.773098996051148,90605.5808037558,45739.1586936278,21586.422110128,22320,960,11211.5593189836,2921.8102761881,3655.49766815743,9840.69973785811,41.91335822535,26.8210522022375,68.7344104275875,0.367319399320342,22.7596923677151,22.2596923677151,21.9797138705245,0.198881804487969,0.131118195512031,22.6481369919096,4.76,23.8930154116939,1.91330154116939,17.2197138705245,88.8840747684845,799.95667291636,44.4420373842422,199.98916822909,324.426872904968,162.213436452484,5580.17471537658,4743.14850807009,0.85,0.278247549019608,0.196389798688943,0.285,0.285,0.148772172507247,0.311781545914997,0.280701754385965,0.858548674303159
4700,0.355,balanced,1,3,1,OK,0.138764646108056,0,0.254450450395491,0.173160580205866,0.0481503144661046,0.224705315302408,1,0.285,0.27531862745098,0.203153928219664,0.285,5580.17471537658,4743.14850807009,189.115052698903,40.0933653855682,7.1197985146403,2.3139345172581,5.12491157233071,8.32126451398585,20.9890816165324,22.2703095096151,0.842297592133785,0.0166213631776083,0.0440567316517357,0.379143320321082,0.023054503256246,16.4455211247444,0.773098996051148,90605.5808037558,45739.1586936278,21586.422110128,22320,960,11332.9370890446,2969.32666561807,3661.01650943311,9638.94601054999,42.6401724426705,27.2869616823417,69.9271341250123,0.369759747450383,22.7296904903849,22.2296904903849,22.0097218481295,0.199152749699622,0.130847250300378,22.6803024354016,4.76,23.9263576090328,1.91663576090328,17.2497218481295,88.8840747684845,799.95667291636,44.4420373842422,199.98916822909,315.53846542812,157.76923271406,5580.17471537658,4743.14850807009,0.85,0.27531862745098,0.196305176016491,0.285,0.285,0.157732465428223,0.289415116175554,0.24561403508772,0.808408760297676
4775,0.37,balanced,1,6,1,OK,0.141411064902814,0,0.214958346399184,0.216592998681622,0.0509935993296729,0.220359182300012,1,0.285,0.279712009803922,0.202076633413972,0.285,5580.17471537658,4743.14850807009,186.144659201015,39.7772498195718,7.06366256507379,2.29569033364898,5.08450428033142,8.25565562292999,20.952799640583,22.2239257106658,0.835656508814533,0.0167649768329905,0.0440567316517357,0.385193479687908,0.0234018510749773,16.4599577381201,0.773098996051148,90605.5808037558,45739.1586936278,21586.422110128,22320,960,11151.6381611193,2898.30988560895,3652.69959953191,9940.78118303791,41.5547167806529,26.5911219919499,68.1458387726028,0.366090754712512,22.7760742893342,22.2760742893342,21.9642722470377,0.198932393540797,0.131067606459203,22.6306860530923,4.76,23.8758580522641,1.91158580522641,17.2042722470377,88.8840747684845,799.95667291636,44.4420373842422,199.98916822909,328.871076643393,164.435538321696,5580.17471537658,4743.14850807009,0.85,0.279712009803922,0.196437155499225,0.285,0.285,0.144292026046759,0.322789108195142,0.298245614035088,0.883554050961914
4725,0.3625,balanced,1,5,1,OK,0.142007752087871,0,0.240267585713112,0.195405105484417,0.0488257716096275,0.227944939557398,1,0.285,0.276783088235294,0.202787375375242,0.285,5580.17471537658,4743.14850807009,188.114443954464,39.9871576085741,7.10093808809308,2.30780487863025,5.11133562378775,8.29922139045878,20.9725902734852,22.2504241794322,0.840066336314583,0.0166722997242036,0.0440567316517357,0.381160040110024,0.0231729928191849,16.4484597688419,0.773098996051148,90605.5808037558,45739.1586936278,21586.422110128,22320,960,11258.8257686202,2941.44932437173,3653.99768941924,9782.72521859109,42.2652301879042,27.0464910594938,69.311721247398,0.368455073360426,22.7495758205678,22.2495758205678,21.9902766867386,0.199103813202396,0.130896186797604,22.6593310293352,4.76,23.904751874154,1.91447518741541,17.2302766867386,88.8840747684845,799.95667291636,44.4420373842422,199.98916822909,322.204771035756,161.102385517878,5580.17471537658,4743.14850807009,0.85,0.276783088235294,0.196369644809157,0.285,0.285,0.153252318967735,0.309689845254699,0.271929824561404,0.846008329608668
4700,0.3575,balanced,1,3,1,OK,0.143383508718736,0,0.253858687642055,0.186088217719248,0.0489332104362157,0.235020732621826,1,0.285,0.27531862745098,0.203153928219664,0.285,5580.17471537658,4743.14850807009,189.115052698903,40.0933653855682,7.1197985146403,2.3139345172581,5.12491157233071,8.32126451398585,20.98668546199,22.2679133550727,0.842297592133785,0.0166246834124522,0.0440567316517357,0.379143320321082,0.02305782349109,16.4431530351332,0.773098996051148,90605.5808037558,45739.1586936278,21586.422110128,22320,960,11319.5737558062,2965.55729390702,3656.69958936,9681.7819602238,42.6356778072029,27.2840207178597,69.9196985250626,0.369720429586238,22.7320866449273,22.2320866449273,22.0063743957192,0.198967127400679,0.131032872599321,22.6779062808592,4.76,23.9226382174657,1.91626382174657,17.2463743957192,88.8840747684845,799.95667291636,44.4420373842422,199.98916822909,317.760567297332,158.880283648666,5580.17471537658,4743.14850807009,0.85,0.27531862745098,0.196331056408848,0.285,0.285,0.157732465428223,0.298495504317636,0.254385964912281,0.82090396974958
4750,0.3675,balanced,1,6,1,OK,0.143959444929148,0,0.227115157843558,0.212949874129281,0.0494952716518508,0.228965042592369,1,0.285,0.278247549019608,0.202428115870012,0.285,5580.17471537658,4743.14850807009,187.124367933652,39.8817894211887,7.08222675625992,2.30172369578447,5.09786699530785,8.27735252137878,20.9599644620501,22.234431210877,0.837852718932536,0.016720130107486,0.0440567316517357,0.383176759898966,0.0232887345902503,16.4533095782448,0.773098996051148,90605.5808037558,45739.1586936278,21586.422110128,22320,960,11198.5247919359,2917.76743970403,3651.24779694215,9883.08113251458,41.9025392311999,26.8139734787234,68.7165127099233,0.36722375321149,22.765568789123,22.265568789123,21.9749255878491,0.199095254296203,0.130904745703797,22.6422605705017,4.76,23.8876950976101,1.91276950976101,17.2149255878491,88.8840747684845,799.95667291636,44.4420373842422,199.98916822909,326.64897477418,163.32448738709,5580.17471537658,4743.14850807009,0.85,0.278247549019608,0.196413215254206,0.285,0.285,0.148772172507247,0.320766351024004,0.289473684210527,0.871055364194143
4725,0.365,balanced,1,5,1,OK,0.148224885577013,0,0.239694421957841,0.212904721439609,0.0492420227714198,0.241910191160421,1,0.285,0.276783088235294,0.202787375375242,0.285,5580.17471537658,4743.14850807009,188.114443954464,39.9871576085741,7.10093808809308,2.30780487863025,5.11133562378775,8.29922139045878,20.9694915955052,22.2473255014521,0.840066336314583,0.0166755553310648,0.0440567316517357,0.381160040110024,0.0231762484260461,16.4461492258456,0.773098996051148,90605.5808037558,45739.1586936278,21586.422110128,22320,960,11245.6491263352,2937.66373901683,3649.72127361415,9825.14952570423,42.2594741024772,27.0427248440535,69.3021989465307,0.368404453638372,22.7526744985479,22.2526744985479,21.9866626111558,0.199002978970282,0.130997021029718,22.6562323513551,4.76,23.9007362346176,1.91407362346176,17.2266626111558,88.8840747684845,799.95667291636,44.4420373842422,199.98916822909,324.426872904968,162.213436452484,5580.17471537658,4743.14850807009,0.85,0.276783088235294,0.196394887174803,0.285,0.285,0.153252318967735,0.318722189015076,0.280701754385965,0.858500520306974
4700,0.36,balanced,1,4,1,OK,0.148365035730866,0,0.253313976280499,0.200539848046567,0.0483461100887684,0.246500685580798,1,0.285,0.27531862745098,0.203153928219664,0.285,5580.17471537658,4743.14850807009,189.115052698903,40.0933653855682,7.1197985146403,2.3139345172581,5.12491157233071,8.32126451398585,20.9814906826629,22.2627185757456,0.842297592133785,0.0166277609852937,0.0440567316517357,0.379143320321082,0.0230609010639314,16.4409586281988,0.773098996051148,90605.5808037558,45739.1586936278,21586.422110128,22320,960,11306.3378614161,2961.50939689728,3652.42383740811,9724.52387846836,42.6259368476952,27.2776469861035,69.9035838337987,0.369635218541248,22.7372814242544,22.2372814242544,22.0018349943203,0.199095008227306,0.130904991772694,22.6727115015321,4.76,23.9175944381337,1.91575944381337,17.2418349943203,88.8840747684845,799.95667291636,44.4420373842422,199.98916822909,319.982669166544,159.991334583272,5580.17471537658,4743.14850807009,0.85,0.27531862745098,0.196355045312159,0.285,0.285,0.157732465428223,0.307575892459717,0.263157894736842,0.833413546505427
4750,0.37,balanced,1,6,1,OK,0.151259567625642,0,0.226548103294069,0.233497475712347,0.0497971774261873,0.245371247959423,1,0.285,0.278247549019608,0.202428115870012,0.285,5580.17471537658,4743.14850807009,187.124367933652,39.8817894211887,7.08222675625992,2.30172369578447,5.09786699530785,8.27735252137878,20.9566669646922,22.2311337135191,0.837852718932536,0.0167233720177429,0.0440567316517357,0.383176759898966,0.0232919765005072,16.4510195126902,0.773098996051148,90605.5808037558,45739.1586936278,21586.422110128,22320,960,11185.4691346997,2914.00388888616,3646.99103628777,9925.24539189681,41.8964707027687,26.810002957478,68.7064736602467,0.367170104134208,22.7688662864809,22.2688662864809,21.9712510862858,0.199021300973036,0.130978699026964,22.6389630731437,4.76,23.8836123180954,1.91236123180954,17.2112510862858,88.8840747684845,799.95667291636,44.4420373842422,199.98916822909,328.871076643393,164.435538321696,5580.17471537658,4743.14850807009,0.85,0.278247549019608,0.196438219127528,0.285,0.285,0.148772172507247,0.32975115613301,0.298245614035088,0.883543852328427
4700,0.3625,balanced,1,4,1,OK,0.154054847617171,0,0.252739324882302,0.216515471187823,0.0489171412808337,0.25924677933511,1,0.285,0.27531862745098,0.203153928219664,0.285,5580.17471537658,4743.14850807009,189.115052698903,40.0933653855682,7.1197985146403,2.3139345172581,5.12491157233071,8.32126451398585,20.9786893112242,22.2599172043069,0.842297592133785,0.0166310303388774,0.0440567316517357,0.379143320321082,0.0230641704175152,16.438628117019,0.773098996051148,90605.5808037558,45739.1586936278,21586.422110128,22320,960,11293.0854290018,2957.72567687862,3648.14274297709,9767.04996724132,42.6206857198472,27.2742110806762,69.8948968005234,0.369589283365009,22.7400827956931,22.2400827956931,21.9983337398123,0.198958443320885,0.131041556679115,22.6699101300934,4.76,23.9137041553471,1.91537041553471,17.2383337398123,88.8840747684845,799.95667291636,44.4420373842422,199.98916822909,322.204771035756,161.102385517878,5580.17471537658,4743.14850807009,0.85,0.27531862745098,0.196380529097939,0.285,0.285,0.157732465428223,0.316656280601798,0.271929824561404,0.845906015556228
4725,0.3675,balanced,1,5,1,OK,0.154992189737209,0,0.239126588242329,0.23192833020874,0.0496598582050666,0.257094959518937,1,0.285,0.276783088235294,0.202787375375242,0.285,5580.17471537658,4743.14850807009,188.114443954464,39.9871576085741,7.10093808809308,2.30780487863025,5.11133562378775,8.29922139045878,20.9664056092684,22.2442395152153,0.840066336314583,0.0166788036524087,0.0440567316517357,0.381160040110024,0.02317949674739,16.4438445003316,0.773098996051148,90605.5808037558,45739.1586936278,21586.422110128,22320,960,11232.5210143353,2933.89312377998,3645.46060807941,9867.41655420041,42.2537431511631,27.0389750968035,69.2927182479666,0.368354055070539,22.7557604847847,22.2557604847847,21.98306383193,0.198902654314106,0.131097345685894,22.6531463651183,4.76,23.8967375910333,1.91367375910334,17.22306383193,88.8840747684845,799.95667291636,44.4420373842422,199.98916822909,326.64897477418,163.32448738709,5580.17471537658,4743.14850807009,0.85,0.276783088235294,0.19642007305215,0.285,0.285,0.153252318967735,0.327754532775454,0.289473684210527,0.8709900382861
4700,0.365,balanced,1,5,1,OK,0.16011316630282,0,0.252209566665727,0.234015087143016,0.0481621010080098,0.273159517618798,1,0.285,0.27531862745098,0.203153928219664,0.285,5580.17471537658,4743.14850807009,189.115052698903,40.0933653855682,7.1197985146403,2.3139345172581,5.12491157233071,8.32126451398585,20.9731837490585,22.2544116421411,0.842297592133785,0.016634065272704,0.0440567316517357,0.379143320321082,0.0230672053513417,16.436465299817,0.773098996051148,90605.5808037558,45739.1586936278,21586.422110128,22320,960,11279.9565823548,2953.67399068159,3643.90157195967,9809.48272962213,42.6103693969152,27.267460984333,69.8778303812482,0.369499039785602,22.7455883578589,22.2455883578589,21.9936823285776,0.199125109792879,0.130874890207121,22.6644045679276,4.76,23.9085359206418,1.91485359206418,17.2336823285776,88.8840747684845,799.95667291636,44.4420373842422,199.98916822909,324.426872904968,162.213436452484,5580.17471537658,4743.14850807009,0.85,0.27531862745098,0.196404185640894,0.285,0.285,0.157732465428223,0.32573666874388,0.280701754385965,0.858412532344737
4725,0.37,balanced,1,6,1,OK,0.162124764534853,0,0.238603696663141,0.252475931791806,0.0487252122145584,0.273450867239557,1,0.285,0.276783088235294,0.202787375375242,0.285,5580.17471537658,4743.14850807009,188.114443954464,39.9871576085741,7.10093808809308,2.30780487863025,5.11133562378775,8.29922139045878,20.9605786105091,22.238412516456,0.840066336314583,0.0166818155295244,0.0440567316517357,0.381160040110024,0.0231825086245057,16.4417081120854,0.773098996051148,90605.5808037558,45739.1586936278,21586.422110128,22320,960,11219.5156130235,2929.85288007967,3641.23976770759,9909.59337866041,42.242926132838,27.031897610777,69.274823743615,0.36825892944395,22.761587483544,22.261587483544,21.9783015297423,0.19911095536299,0.13088904463701,22.647319366359,4.76,23.8914461441582,1.91314461441582,17.2183015297423,88.8840747684845,799.95667291636,44.4420373842422,199.98916822909,328.871076643393,164.435538321696,5580.17471537658,4743.14850807009,0.85,0.276783088235294,0.196443425657877,0.285,0.285,0.153252318967735,0.336786876535831,0.298245614035088,0.883493930941658
4700,0.3675,balanced,1,5,1,OK,0.166881031238469,0,0.251649912868054,0.253038695912146,0.0485739615427714,0.288338626787474,1,0.285,0.27531862745098,0.203153928219664,0.285,5580.17471537658,4743.14850807009,189.115052698903,40.0933653855682,7.1197985146403,2.3139345172581,5.12491157233071,8.32126451398585,20.9700929362239,22.2513208293066,0.842297592133785,0.0166372937992168,0.0440567316517357,0.379143320321082,0.0230704338778546,16.4341651452435,0.773098996051148,90605.5808037558,45739.1586936278,21586.422110128,22320,960,11266.8101438025,2949.88786886976,3639.65471801507,9851.70135606996,42.6045800200626,27.2636729563907,69.8682529764533,0.369448396514967,22.7486791706934,22.2486791706934,21.9900771239823,0.199024738937014,0.130975261062986,22.661313755093,4.76,23.9045301377581,1.91445301377581,17.2300771239823,88.8840747684845,799.95667291636,44.4420373842422,199.98916822909,326.64897477418,163.32448738709,5580.17471537658,4743.14850807009,0.85,0.27531862745098,0.196429351189963,0.285,0.285,0.157732465428223,0.334817056885961,0.289473684210527,0.87090166400131
4700,0.37,balanced,1,5,1,OK,0.174199048229269,0,0.251095502848638,0.273586297495213,0.04898740479651,0.30473727575425,1,0.285,0.27531862745098,0.203153928219664,0.285,5580.17471537658,4743.14850807009,189.115052698903,40.0933653855682,7.1197985146403,2.3139345172581,5.12491157233071,8.32126451398585,20.9670147208812,22.2482426139639,0.842297592133785,0.0166405151566709,0.0440567316517357,0.379143320321082,0.0230736552353086,16.4318707397905,0.773098996051148,90605.5808037558,45739.1586936278,21586.422110128,22320,960,11253.711874348,2946.1166451287,3635.42342472004,9893.76426615083,42.5988158028349,27.2599014135442,69.8587172163791,0.36939797345272,22.7517573860361,22.2517573860361,21.9864871044633,0.198924872984374,0.131075127015626,22.6582355397504,4.76,23.9005412271814,1.91405412271814,17.2264871044633,88.8840747684845,799.95667291636,44.4420373842422,199.98916822909,328.871076643393,164.435538321696,5580.17471537658,4743.14850807009,0.85,0.27531862745098,0.196454460858029,0.285,0.285,0.157732465428223,0.343897445028043,0.298245614035088,0.883388131702369
